{"type":"FeatureCollection","features":[{"type":"Feature","properties":{"rank":1},"geometry":{"type":"MultiLineString","coordinates":[[[95.451,17.82],[95.427,17.844],[95.305,17.749],[95.255,17.748],[95.197,17.676],[95.21,17.631],[95.16,17.609],[95.166,17.542],[95.109,17.488],[95.115,17.463],[95.085,17.459],[95.067,17.429],[95.092,17.429],[95.075,17.38],[95.0,17.333],[94.999,17.353],[94.981,17.358],[94.944,17.343],[94.93,17.278],[94.957,17.228],[94.875,17.148],[94.859,17.095],[94.82,17.069],[94.841,17.038],[94.787,17.027],[94.741,16.97],[94.724,16.785],[94.745,16.72],[94.724,16.692],[94.732,16.648],[94.677,16.532]],[[95.45,17.791],[95.492,17.843],[95.492,17.909],[95.557,17.929],[95.587,17.895],[95.602,17.902],[95.604,17.814],[95.644,17.734],[95.686,17.718],[95.663,17.686],[95.727,17.598],[95.724,17.531],[95.778,17.5],[95.777,17.452],[95.798,17.446],[95.821,17.4],[95.808,17.393],[95.839,17.351],[95.855,17.279],[95.957,17.157],[95.938,17.107],[95.949,17.046],[96.05,16.98],[96.128,16.776],[96.171,16.771]],[[95.465,17.706],[95.385,17.721],[95.369,17.634],[95.313,17.634],[95.308,17.618],[95.334,17.58],[95.325,17.553],[95.266,17.498],[95.341,17.457],[95.302,17.415],[95.332,17.352],[95.317,17.334],[95.269,17.333],[95.261,17.35],[95.281,17.37],[95.265,17.393],[95.238,17.329],[95.279,17.299],[95.214,17.309],[95.251,17.251],[95.246,17.208],[95.265,17.195],[95.195,17.127],[95.205,17.016],[95.156,16.929],[95.231,16.826],[95.197,16.757],[95.191,16.706],[95.157,16.706],[95.158,16.661],[95.122,16.62],[95.129,16.578],[95.037,16.561],[95.04,16.538],[94.992,16.494],[94.945,16.329],[94.819,16.217],[94.793,16.162]],[[95.606,16.857],[95.666,16.816],[95.663,16.737],[95.758,16.717],[95.785,16.638],[95.808,16.635],[95.859,16.662],[95.884,16.625],[95.883,16.535],[95.834,16.497],[95.868,16.459],[95.877,16.42],[96.006,16.387]],[[95.479,16.805],[95.48,16.749],[95.439,16.722],[95.437,16.682],[95.417,16.679],[95.389,16.504],[95.369,16.518],[95.383,16.485],[95.375,16.452],[95.348,16.401],[95.321,16.391],[95.282,16.303],[95.271,16.169],[95.184,16.044],[95.132,16.024]]]}},{"type":"Feature","properties":{"rank":9},"geometry":{"type":"MultiLineString","coordinates":[[[103.687,13.224],[103.748,13.207],[104.155,12.797],[104.225,12.709]],[[104.225,12.709],[104.132,12.701]],[[104.225,12.709],[104.434,12.529],[104.503,12.519],[104.533,12.468],[104.605,12.417],[104.612,12.381]],[[104.225,12.709],[104.225,12.709]]]}},{"type":"Feature","properties":{"rank":9},"geometry":{"type":"LineString","coordinates":[[104.614,12.382],[104.684,12.323],[104.724,12.235],[104.785,12.257],[104.845,12.187],[104.844,12.164],[104.777,12.076],[104.784,12.019],[104.816,11.982],[104.822,11.928],[104.788,11.871],[104.855,11.679],[104.935,11.621],[104.951,11.59]]}},{"type":"Feature","properties":{"rank":9},"geometry":{"type":"LineString","coordinates":[[112.075,38.861],[112.123,38.726],[112.1,38.652],[111.998,38.559],[111.963,38.415],[111.849,38.241],[111.837,38.139],[111.856,38.097],[111.904,38.056],[112.147,37.911],[112.296,37.939],[112.336,37.96],[112.378,38.008],[112.415,38.009],[112.429,37.983],[112.466,37.973],[112.511,37.905],[112.528,37.71],[112.408,37.646],[112.373,37.607],[112.37,37.562],[112.322,37.478],[112.24,37.402],[112.205,37.342],[112.158,37.309],[112.062,37.172],[111.904,37.103],[111.842,37.018],[111.795,36.98],[111.781,36.945],[111.75,36.929],[111.74,36.909],[111.753,36.849],[111.695,36.823],[111.656,36.769],[111.671,36.614],[111.705,36.575],[111.685,36.534],[111.689,36.48],[111.659,36.442],[111.649,36.377],[111.662,36.289],[111.599,36.213],[111.5,36.13],[111.481,36.072],[111.448,36.058],[111.402,36.001],[111.405,35.93],[111.422,35.904],[111.405,35.827],[111.412,35.773],[111.353,35.678],[111.296,35.669],[111.275,35.63],[111.229,35.614],[111.178,35.568],[111.088,35.588],[110.99,35.578],[110.958,35.588],[110.782,35.557],[110.739,35.568],[110.554,35.458]]}},{"type":"Feature","properties":{"rank":9},"geometry":{"type":"LineString","coordinates":[[118.503,36.103],[118.57,36.126],[118.599,36.096],[118.59,36.068],[118.739,35.983],[118.771,35.904],[118.835,35.849],[118.839,35.804],[118.874,35.745],[118.86,35.712],[118.874,35.611],[118.858,35.557],[118.734,35.42],[118.725,35.384],[118.665,35.309],[118.643,35.239],[118.644,35.177],[118.616,35.122],[118.523,35.03],[118.53,34.815],[118.567,34.77],[118.837,34.765],[118.874,34.746],[118.887,34.718],[118.94,34.701],[119.141,34.683],[119.2,34.713]]}},{"type":"Feature","properties":{"rank":9},"geometry":{"type":"MultiLineString","coordinates":[[[85.748,31.867],[85.75,31.866]],[[85.75,31.866],[85.835,31.828],[85.946,31.826],[86.042,31.869],[86.083,31.867],[86.127,31.897],[86.171,31.9],[86.414,31.813],[86.508,31.84],[86.565,31.798],[86.634,31.774],[86.876,31.766],[86.949,31.789],[87.008,31.771],[87.067,31.726],[87.208,31.785],[87.276,31.884],[87.32,31.895],[87.413,31.887]],[[85.75,31.866],[85.754,31.867]],[[85.802,31.655],[85.734,31.663],[85.672,31.689],[85.61,31.689],[85.562,31.723],[85.557,31.756],[85.575,31.777],[85.75,31.866]]]}},{"type":"Feature","properties":{"rank":9},"geometry":{"type":"LineString","coordinates":[[109.134,48.684],[109.097,48.675],[109.033,48.623],[109.0,48.573],[108.855,48.526],[108.811,48.493],[108.787,48.403],[108.717,48.328],[108.646,48.201],[108.64,48.103],[108.602,48.045],[108.55,48.037],[108.488,47.97],[108.481,47.9],[108.458,47.869],[108.471,47.783],[108.492,47.759],[108.484,47.711],[108.413,47.628],[108.428,47.556],[108.396,47.509],[108.439,47.474],[108.471,47.409],[108.546,47.351],[108.569,47.284],[108.623,47.234],[108.694,47.098],[108.838,47.006],[108.958,46.976],[109.122,47.012],[109.266,46.957],[109.368,46.943],[109.427,46.909],[109.649,46.895],[109.781,46.91],[109.91,46.955],[110.013,46.999],[110.05,47.052],[110.172,47.095],[110.457,47.148],[110.499,47.19],[110.585,47.218],[110.623,47.279],[110.658,47.306],[110.873,47.389],[111.023,47.489],[111.168,47.51],[111.403,47.574],[111.541,47.595],[111.592,47.581],[111.637,47.602],[111.721,47.613],[111.864,47.702],[112.0,47.732],[112.057,47.761],[112.23,47.766],[112.293,47.794],[112.489,47.785],[112.739,47.814],[112.932,47.944],[113.058,47.99],[113.696,48.045],[113.889,48.011],[114.49,48.05],[114.608,48.071],[114.952,48.256],[114.967,48.299],[115.055,48.373],[115.146,48.526],[115.213,48.576],[115.285,48.603],[115.434,48.559],[115.426,48.534],[115.439,48.486],[115.423,48.466],[115.372,48.452],[115.33,48.396],[115.566,48.081],[115.653,48.08],[115.715,48.131],[115.809,48.148],[116.009,48.239],[116.114,48.267],[116.133,48.335],[116.175,48.398],[116.291,48.474],[116.368,48.489],[116.522,48.576],[116.684,48.575],[116.796,48.625],[116.974,48.657],[117.044,48.699],[117.057,48.759]]}},{"type":"Feature","properties":{"rank":9},"geometry":{"type":"LineString","coordinates":[[88.653,48.156],[88.639,47.985],[88.67,47.959],[88.646,47.882],[88.653,47.862],[88.633,47.841],[88.595,47.838],[88.591,47.804],[88.68,47.729],[88.725,47.595],[88.941,47.491],[88.967,47.506],[88.971,47.478],[89.03,47.402],[89.047,47.342],[89.023,47.328],[89.033,47.272],[88.983,47.197],[88.9,47.122]]}},{"type":"Feature","properties":{"rank":9},"geometry":{"type":"LineString","coordinates":[[85.432,30.024],[85.494,30.093],[85.593,30.079],[85.63,30.099],[85.675,30.093],[85.716,30.136],[85.74,30.126],[85.805,30.159],[85.878,30.229],[85.938,30.247],[85.957,30.309],[85.932,30.339],[85.877,30.358],[85.855,30.415],[85.799,30.482],[85.747,30.512],[85.706,30.559],[85.535,30.573],[85.432,30.636],[85.254,30.657],[85.202,30.686],[85.089,30.881],[85.135,31.0],[85.183,31.029],[85.241,31.034],[85.292,31.073],[85.375,31.059],[85.398,31.038]]}},{"type":"Feature","properties":{"rank":4},"geometry":{"type":"LineString","coordinates":[[99.426,51.348],[99.309,51.41]]}},{"type":"Feature","properties":{"rank":4},"geometry":{"type":"MultiLineString","coordinates":[[[99.309,51.41],[99.223,51.438],[99.103,51.445],[99.051,51.474],[98.902,51.493],[98.685,51.492],[98.559,51.461],[98.515,51.472],[98.458,51.425],[98.349,51.417],[98.22,51.475],[98.11,51.484],[98.044,51.465],[98.042,51.512],[98.0,51.514]],[[98.809,50.627],[98.847,50.59],[98.901,50.593],[99.043,50.533],[99.086,50.554],[99.12,50.61],[99.213,50.63],[99.21,50.667],[99.247,50.699],[99.198,50.739],[99.192,50.767],[99.342,50.797],[99.364,50.823],[99.375,50.909],[99.438,50.967],[99.453,51.0],[99.451,51.053],[99.515,51.123],[99.456,51.156],[99.446,51.198],[99.419,51.226],[99.453,51.253],[99.48,51.322],[99.455,51.348],[99.423,51.349]]]}},{"type":"Feature","properties":{"rank":9},"geometry":{"type":"LineString","coordinates":[[87.282,36.504],[87.228,36.559],[87.256,36.628],[87.221,36.703],[87.159,36.744],[87.155,36.761],[87.189,36.827],[87.132,36.95],[87.066,37.022],[87.025,37.016],[86.965,37.05],[86.947,37.094],[86.964,37.128],[87.068,37.221],[87.056,37.374],[87.086,37.401],[87.182,37.401],[87.221,37.416],[87.268,37.508],[87.257,37.573],[87.228,37.587],[87.185,37.575],[87.137,37.588],[86.979,37.654],[86.806,37.642],[86.734,37.684],[86.671,37.674],[86.628,37.693],[86.254,37.636],[86.125,37.576],[85.905,37.515],[85.864,37.519],[85.72,37.678],[85.678,37.772]]}},{"type":"Feature","properties":{"rank":9},"geometry":{"type":"LineString","coordinates":[[107.224,37.319],[107.285,37.261],[107.326,37.155],[107.277,37.043],[107.293,36.945],[107.203,36.788],[107.194,36.725],[107.231,36.637],[107.427,36.448],[107.532,36.267],[107.652,36.209],[107.937,35.934],[107.956,35.873],[107.922,35.767],[107.929,35.567],[107.88,35.396],[107.892,35.324],[107.943,35.26]]}},{"type":"Feature","properties":{"rank":9},"geometry":{"type":"LineString","coordinates":[[95.598,33.277],[95.692,33.244],[95.879,32.985],[96.034,32.942],[96.106,32.892],[96.225,32.895],[96.259,32.859],[96.307,32.849],[96.375,32.79],[96.534,32.708],[96.564,32.601],[96.607,32.542],[96.848,32.386],[96.883,32.349],[96.915,32.271],[96.892,32.256],[96.855,32.265],[96.872,32.221],[97.03,32.133],[96.999,32.046],[96.942,31.99],[96.945,31.964]]}},{"type":"Feature","properties":{"rank":9},"geometry":{"type":"LineString","coordinates":[[93.073,20.554],[93.068,20.579],[93.014,20.626],[92.994,20.718],[92.959,20.736],[92.977,20.78],[92.972,20.862],[93.007,20.899],[92.984,20.976],[92.997,21.011],[92.978,21.029],[92.915,21.203],[92.874,21.248],[92.822,21.349],[92.736,21.558],[92.778,21.6],[92.769,21.694],[92.782,21.731],[92.864,21.754],[92.879,21.789],[92.873,21.863],[92.838,21.921],[92.835,22.299],[92.844,22.323],[92.881,22.338],[92.913,22.391],[92.95,22.393],[92.935,22.458],[92.941,22.711],[92.922,22.74],[92.913,22.828],[92.964,22.925],[93.008,22.943],[93.115,22.798],[93.175,22.881],[93.137,23.005],[93.152,23.05],[93.196,23.054],[93.246,23.004],[93.298,23.018],[93.332,23.052],[93.374,23.129],[93.377,23.296],[93.406,23.347],[93.399,23.454],[93.432,23.647],[93.405,23.719]]}},{"type":"Feature","properties":{"rank":9},"geometry":{"type":"LineString","coordinates":[[93.638,21.939],[93.856,21.973],[93.948,21.926],[93.986,21.923],[94.043,21.961],[94.04,21.99],[94.067,22.029],[94.107,22.051],[94.116,22.093],[94.103,22.141],[94.136,22.201],[94.123,22.235],[94.143,22.337],[94.132,22.385],[94.1,22.399],[94.097,22.415],[94.109,22.444],[94.125,22.439],[94.141,22.517],[94.117,22.564],[94.129,22.651],[94.101,22.869],[94.061,22.925],[94.054,22.966],[94.088,23.039],[94.076,23.05],[94.109,23.133],[94.092,23.176],[94.119,23.239],[94.165,23.247],[94.223,23.21],[94.307,23.208]]}},{"type":"Feature","properties":{"rank":9},"geometry":{"type":"LineString","coordinates":[[116.798,25.012],[116.888,24.988],[116.973,25.025],[117.142,25.278],[117.295,25.331],[117.343,25.304],[117.483,25.277],[117.511,25.226],[117.502,25.145],[117.53,25.085],[117.511,25.031],[117.507,24.923],[117.555,24.861],[117.617,24.73],[117.628,24.667],[117.674,24.63],[117.706,24.569],[117.768,24.521],[117.79,24.459]]}},{"type":"Feature","properties":{"rank":9},"geometry":{"type":"LineString","coordinates":[[116.102,27.106],[116.056,26.942],[116.083,26.819],[115.984,26.358],[115.947,26.335],[115.878,26.244],[115.846,26.168],[115.789,26.18],[115.75,26.158],[115.698,26.177],[115.631,26.086],[115.594,26.064],[115.449,26.039],[115.419,25.97],[115.395,25.95],[115.259,25.898],[115.107,25.95],[115.092,25.942],[115.075,25.889]]}},{"type":"Feature","properties":{"rank":9},"geometry":{"type":"LineString","coordinates":[[103.53,33.067],[103.58,33.021],[103.537,32.933],[103.537,32.886],[103.577,32.806],[103.626,32.765],[103.606,32.591],[103.727,32.403],[103.735,32.312],[103.775,32.223],[103.729,32.096],[103.695,32.05],[103.69,31.903],[103.726,31.835],[103.857,31.741],[103.859,31.708],[103.679,31.526],[103.566,31.459],[103.471,31.327],[103.492,31.195],[103.472,31.013],[103.57,31.035],[103.634,31.006],[103.706,31.037],[103.757,31.022],[103.835,30.955],[103.939,30.92],[104.282,30.927],[104.348,30.92],[104.405,30.888],[104.542,30.72],[104.506,30.633],[104.52,30.6],[104.494,30.575],[104.52,30.537],[104.519,30.511],[104.545,30.508],[104.564,30.476],[104.534,30.434],[104.588,30.358],[104.627,30.349],[104.673,30.295],[104.653,30.292],[104.628,30.248],[104.704,30.172],[104.705,30.15],[104.673,30.134],[104.653,30.086],[104.682,30.037],[104.655,30.004],[104.669,29.967],[104.72,29.951],[104.77,29.858],[104.841,29.822],[104.862,29.784],[104.938,29.769],[105.038,29.597],[105.101,29.551],[105.092,29.531],[105.05,29.552],[105.03,29.516],[105.007,29.524],[105.028,29.477],[105.014,29.445],[105.031,29.39],[105.001,29.286],[105.008,29.201],[104.961,29.16],[104.965,29.124],[105.004,29.126],[105.031,29.094],[105.063,29.103],[105.071,29.05],[105.163,29.013],[105.22,29.006],[105.252,28.959],[105.274,28.973],[105.285,28.942],[105.315,28.935],[105.344,28.951],[105.384,28.903],[105.445,28.894]]}},{"type":"Feature","properties":{"rank":9},"geometry":{"type":"LineString","coordinates":[[125.253,8.343],[125.287,8.225],[125.34,8.153],[125.342,8.0]]}},{"type":"Feature","properties":{"rank":9},"geometry":{"type":"LineString","coordinates":[[82.047,22.705],[82.058,22.768],[82.044,22.829],[82.092,22.934],[81.955,23.067],[81.873,23.083],[81.772,23.13],[81.684,23.137],[81.648,23.191],[81.617,23.192],[81.609,23.226],[81.512,23.288],[81.478,23.293],[81.47,23.323],[81.485,23.357],[81.46,23.397],[81.407,23.399],[81.4,23.428],[81.355,23.425],[81.344,23.449],[81.297,23.456],[81.283,23.565],[81.237,23.588],[81.229,23.72],[81.173,23.806],[81.176,23.822],[81.249,23.843],[81.163,23.887],[81.159,23.923],[81.101,23.973],[81.061,23.97],[80.996,24.087],[81.129,24.136],[81.207,24.121],[81.243,24.171],[81.344,24.199],[81.396,24.257],[81.45,24.265],[81.464,24.3],[81.553,24.332],[81.636,24.406],[81.677,24.398],[81.8,24.446],[82.035,24.505],[82.187,24.525],[82.223,24.559],[82.308,24.531],[82.352,24.562],[82.473,24.531],[82.553,24.529],[82.74,24.604],[82.806,24.595],[82.889,24.615],[82.978,24.544],[83.027,24.528],[83.06,24.48],[83.25,24.467],[83.437,24.521],[83.538,24.531],[83.75,24.508],[83.808,24.542],[83.938,24.548],[83.965,24.576],[84.0,24.677],[84.094,24.8],[84.185,24.836],[84.216,24.901],[84.289,24.977],[84.305,25.032],[84.428,25.082],[84.5,25.193],[84.591,25.238],[84.652,25.244],[84.725,25.331],[84.775,25.433],[84.769,25.499],[84.811,25.597],[84.801,25.639],[84.877,25.707]]}},{"type":"Feature","properties":{"rank":9},"geometry":{"type":"LineString","coordinates":[[77.765,13.118],[77.78,12.986],[77.836,12.865],[77.877,12.818],[77.887,12.7],[78.015,12.577],[78.119,12.572],[78.247,12.377],[78.283,12.288],[78.368,12.216],[78.487,12.172],[78.549,12.173],[78.563,12.189],[78.59,12.164],[78.614,12.18],[78.631,12.162],[78.638,12.098],[78.703,12.118],[78.757,12.166],[78.83,12.19],[79.034,12.013],[79.1,11.995],[79.135,11.964],[79.286,11.944],[79.454,11.867],[79.786,11.769]]}},{"type":"Feature","properties":{"rank":9},"geometry":{"type":"LineString","coordinates":[[85.185,23.309],[85.206,23.314],[85.25,23.288],[85.322,23.294],[85.374,23.372],[85.439,23.398],[85.477,23.446],[85.538,23.466],[85.617,23.466],[85.648,23.452],[85.775,23.466],[85.83,23.448],[85.847,23.425],[85.884,23.425],[85.894,23.416],[85.88,23.356],[85.829,23.26],[85.919,23.117],[86.016,23.037],[86.021,22.923],[86.066,22.887],[86.111,22.877],[86.143,22.84],[86.292,22.792],[86.329,22.732],[86.367,22.718],[86.381,22.661],[86.59,22.418],[86.652,22.314],[86.673,22.226],[86.809,22.192],[86.823,22.226],[86.866,22.193],[86.884,22.222],[86.933,22.205],[86.977,22.212],[87.009,22.174],[87.043,22.171],[87.105,22.132],[87.218,22.017],[87.242,21.938],[87.245,21.856],[87.222,21.849],[87.205,21.802],[87.157,21.771],[87.275,21.684],[87.303,21.705],[87.33,21.623],[87.315,21.595],[87.351,21.564]]}},{"type":"Feature","properties":{"rank":9},"geometry":{"type":"LineString","coordinates":[[77.346,23.24],[77.368,23.212],[77.416,23.193],[77.449,23.137],[77.48,23.12],[77.579,23.115],[77.618,23.138],[77.709,23.322],[77.709,23.367],[77.737,23.438],[77.861,23.638],[77.838,23.686],[77.85,23.809],[77.897,23.881],[77.982,23.963],[78.023,24.039],[78.037,24.193],[78.084,24.275],[78.092,24.324],[78.183,24.413],[78.272,24.467],[78.223,24.519],[78.27,24.603],[78.261,24.692],[78.23,24.734],[78.224,24.794],[78.169,24.877],[78.324,25.002],[78.34,25.045],[78.33,25.082],[78.349,25.1],[78.387,25.124],[78.442,25.132],[78.537,25.19],[78.572,25.252],[78.649,25.334],[78.661,25.355],[78.645,25.373],[78.717,25.445],[78.734,25.502],[78.792,25.529],[78.857,25.536],[78.908,25.567],[78.901,25.601],[79.04,25.727],[79.061,25.794],[79.099,25.823],[79.221,25.796],[79.285,25.816],[79.299,25.81],[79.285,25.787],[79.327,25.776],[79.345,25.795],[79.375,25.789],[79.408,25.81],[79.442,25.792],[79.463,25.844],[79.486,25.857],[79.539,25.823],[79.566,25.865],[79.511,25.878],[79.596,25.899],[79.614,25.933],[79.646,25.91],[79.685,25.928],[79.738,25.913],[79.766,25.876],[79.789,25.872],[79.805,25.913],[79.833,25.892],[79.888,25.892],[79.906,25.878],[79.957,25.909],[79.992,25.885],[80.049,25.899],[80.101,25.947],[80.209,25.919]]}},{"type":"Feature","properties":{"rank":9},"geometry":{"type":"LineString","coordinates":[[108.386,14.483],[108.375,14.474],[108.384,14.456],[108.453,14.392],[108.467,14.331],[108.524,14.224],[108.633,14.092],[108.664,14.018],[108.649,13.956],[108.565,13.902],[108.501,13.889],[108.491,13.872],[108.573,13.677],[108.512,13.64],[108.487,13.589],[108.463,13.496],[108.469,13.377],[108.491,13.372],[108.491,13.393],[108.534,13.356],[108.597,13.334],[108.601,13.297],[108.622,13.29],[108.625,13.248],[108.661,13.223],[108.669,13.185],[108.751,13.153],[108.731,13.133],[108.772,13.125],[108.772,13.102],[108.811,13.093],[108.872,13.023],[108.923,13.024],[108.929,13.067],[108.982,13.029],[109.06,13.033],[109.088,13.051],[109.161,12.989],[109.24,13.017],[109.328,13.084]]}},{"type":"Feature","properties":{"rank":9},"geometry":{"type":"LineString","coordinates":[[76.655,22.914],[76.685,22.995],[76.978,23.275],[76.991,23.403],[77.128,23.545],[77.136,23.621],[77.214,23.814],[77.186,23.864],[77.171,23.942],[77.167,24.136],[77.106,24.281],[77.095,24.423],[77.054,24.526],[77.059,24.602],[77.037,24.67],[76.956,24.742],[76.877,24.743],[76.848,24.759],[76.699,24.893],[76.648,24.97],[76.61,25.081],[76.61,25.216],[76.561,25.277],[76.584,25.433],[76.546,25.47],[76.478,25.719],[76.512,25.744],[76.517,25.799],[76.545,25.848]]}},{"type":"Feature","properties":{"rank":9},"geometry":{"type":"LineString","coordinates":[[80.267,18.713],[80.266,18.768],[80.349,18.831],[80.283,18.92],[80.271,18.979],[80.366,19.117],[80.405,19.25],[80.447,19.272],[80.48,19.328],[80.553,19.386],[80.587,19.381],[80.617,19.318],[80.69,19.311],[80.769,19.16],[80.883,19.103],[80.966,19.13],[81.013,19.119],[81.146,19.02],[81.201,19.034],[81.253,19.103],[81.315,19.097],[81.338,19.109],[81.346,19.15],[81.384,19.19],[81.544,19.221],[81.591,19.248],[81.635,19.183],[81.696,19.205],[81.789,19.199],[81.851,19.158],[81.877,19.211],[81.893,19.19],[81.892,19.153],[81.933,19.118],[81.995,19.137],[82.048,19.104],[82.112,19.123],[82.12,19.138],[82.216,19.126],[82.365,19.181],[82.455,19.178],[82.545,19.205],[82.573,19.206],[82.638,19.162],[82.726,19.227],[82.809,19.252],[82.888,19.392],[82.959,19.48]]}},{"type":"Feature","properties":{"rank":9},"geometry":{"type":"LineString","coordinates":[[93.804,26.744],[93.808,26.829],[93.86,26.889],[94.013,26.967],[94.108,26.978],[94.171,27.015],[94.175,27.049],[94.151,27.085],[94.212,27.116],[94.26,27.177],[94.269,27.235],[94.314,27.257],[94.309,27.322],[94.237,27.406],[94.287,27.405],[94.292,27.462],[94.249,27.565],[94.212,27.612],[94.339,27.728],[94.31,27.764],[94.338,27.824],[94.336,27.863],[94.279,27.992],[94.22,28.016],[94.143,28.103],[94.134,28.224],[94.067,28.291],[94.023,28.377],[93.929,28.38],[93.846,28.423],[93.734,28.419],[93.598,28.382],[93.462,28.383],[93.347,28.442],[93.211,28.45],[93.102,28.42],[92.921,28.326],[92.772,28.298],[92.748,28.309],[92.746,28.394],[92.725,28.413],[92.651,28.406],[92.589,28.444],[92.498,28.425],[92.31,28.447],[92.233,28.44],[92.146,28.508],[92.027,28.544],[91.975,28.541]]}},{"type":"Feature","properties":{"rank":9},"geometry":{"type":"LineString","coordinates":[[102.765,14.087],[102.894,14.044],[102.97,13.941],[102.987,13.857],[102.958,13.774],[102.956,13.698],[103.005,13.602],[103.116,13.571],[103.186,13.479],[103.25,13.456],[103.279,13.356],[103.306,13.357],[103.386,13.317],[103.395,13.304],[103.373,13.262],[103.392,13.245],[103.449,13.256],[103.528,13.241],[103.576,13.265]]}},{"type":"Feature","properties":{"rank":9},"geometry":{"type":"LineString","coordinates":[[103.132,12.125],[103.09,12.277],[103.156,12.33],[103.227,12.329],[103.272,12.285],[103.382,12.347],[103.524,12.295],[103.56,12.307],[103.641,12.295],[103.78,12.395],[103.824,12.501],[103.915,12.519],[103.948,12.57],[104.052,12.662],[104.132,12.701]]}},{"type":"Feature","properties":{"rank":9},"geometry":{"type":"MultiLineString","coordinates":[[[76.825,32.327],[76.746,32.299],[76.705,32.313],[76.642,32.287],[76.601,32.299],[76.481,32.386],[76.458,32.446],[76.416,32.457],[76.352,32.443],[76.28,32.478],[76.194,32.47],[76.129,32.529],[76.1,32.6],[76.064,32.62],[75.912,32.61],[75.828,32.497],[75.742,32.464],[75.729,32.429],[75.698,32.406],[75.611,32.395],[75.573,32.374],[75.455,32.244],[75.338,32.19],[75.309,32.153],[75.195,32.128],[75.172,32.109],[75.173,32.087],[75.137,32.093],[75.109,32.077],[75.022,32.094],[75.029,32.066],[74.985,32.063],[74.955,32.032],[74.888,32.029],[74.872,32.011],[74.828,32.025],[74.783,31.943],[74.698,31.95],[74.669,31.904],[74.55,31.827],[74.515,31.737],[74.479,31.7],[74.441,31.704],[74.343,31.661],[74.286,31.577],[74.211,31.535],[74.201,31.497]],[[74.208,31.497],[74.154,31.462],[74.166,31.443],[74.118,31.436],[74.091,31.388],[74.043,31.416],[73.983,31.305],[73.967,31.298],[73.938,31.322],[73.893,31.279],[73.872,31.23],[73.79,31.259],[73.708,31.187],[73.655,31.184],[73.646,31.177],[73.659,31.155],[73.589,31.15],[73.567,31.121],[73.539,31.131],[73.543,31.162],[73.481,31.114],[73.406,31.121],[73.419,31.1],[73.39,31.095],[73.398,31.073],[73.35,31.055],[73.359,31.033],[73.347,31.008],[73.257,30.987],[73.233,30.939],[73.135,30.907],[73.149,30.855],[73.101,30.862],[73.071,30.819],[73.039,30.827],[72.988,30.799],[72.997,30.777],[72.974,30.764],[72.885,30.764],[72.881,30.73],[72.848,30.726],[72.833,30.701],[72.813,30.717],[72.763,30.717],[72.761,30.696],[72.734,30.689],[72.745,30.661],[72.734,30.633],[72.693,30.614],[72.689,30.596],[72.585,30.595],[72.556,30.62],[72.496,30.628],[72.446,30.607],[72.46,30.593],[72.423,30.608],[72.347,30.586],[72.173,30.578],[71.984,30.616],[71.918,30.655],[71.888,30.63],[71.822,30.62],[71.832,30.604],[71.817,30.6],[71.774,30.614]]]}},{"type":"Feature","properties":{"rank":9},"geometry":{"type":"LineString","coordinates":[[128.193,41.962],[128.289,41.955],[128.407,42.008],[128.564,42.001],[128.607,42.03],[128.682,42.025],[128.72,42.047],[128.903,42.026],[128.939,42.035],[128.963,42.088],[129.026,42.102],[129.064,42.153],[129.119,42.149],[129.21,42.22],[129.209,42.234],[129.18,42.243],[129.227,42.297],[129.193,42.318],[129.235,42.324],[129.235,42.374],[129.303,42.389],[129.326,42.427],[129.351,42.42],[129.339,42.445],[129.385,42.428],[129.433,42.441],[129.534,42.369],[129.587,42.411],[129.591,42.448],[129.703,42.442],[129.728,42.476],[129.736,42.585],[129.762,42.606],[129.741,42.629],[129.776,42.647],[129.787,42.677],[129.757,42.703],[129.76,42.746],[129.851,42.962],[129.906,42.976],[129.879,42.996],[129.92,43.01],[129.995,42.962],[130.121,42.982],[130.13,42.959],[130.098,42.921],[130.238,42.902],[130.256,42.867],[130.242,42.743],[130.262,42.708],[130.324,42.65],[130.427,42.599],[130.43,42.561],[130.452,42.549],[130.467,42.555],[130.454,42.585],[130.467,42.6],[130.501,42.61],[130.516,42.599],[130.53,42.53],[130.575,42.445],[130.645,42.401],[130.662,42.32],[130.7,42.295]]}},{"type":"Feature","properties":{"rank":9},"geometry":{"type":"LineString","coordinates":[[134.499,52.556],[134.385,52.683],[134.322,52.711],[134.302,52.765],[134.134,52.878],[134.187,52.979],[134.142,53.095],[134.105,53.139],[133.997,53.144],[133.925,53.173],[133.733,53.139],[133.706,53.146],[133.689,53.133],[133.501,53.141],[133.438,53.167],[133.384,53.215],[133.198,53.227],[133.129,53.189],[133.113,53.16],[133.027,53.143],[132.956,53.095],[132.825,53.043],[132.725,52.963],[132.681,52.947],[132.627,52.961],[132.506,52.945],[132.38,52.906],[132.291,52.906],[132.257,52.886],[132.172,52.882],[132.162,52.894],[132.123,52.86],[132.01,52.836],[131.929,52.862],[131.831,52.847],[131.756,52.803],[131.591,52.818],[131.497,52.767],[131.375,52.641],[131.23,52.623],[131.051,52.562],[130.766,52.502],[130.715,52.516],[130.535,52.442],[130.128,52.412],[129.94,52.426],[129.877,52.335],[129.708,52.326],[129.656,52.24],[129.494,52.166],[129.433,52.158],[129.44,52.134],[129.427,52.127],[129.447,52.104],[129.425,52.092],[129.43,52.031],[129.349,51.987],[129.331,51.959],[129.337,51.936],[129.281,51.915],[129.177,51.826],[129.098,51.795],[129.07,51.768],[129.031,51.786],[128.921,51.743],[128.878,51.741]]}},{"type":"Feature","properties":{"rank":9},"geometry":{"type":"LineString","coordinates":[[134.121,55.804],[134.167,55.811],[134.228,55.851],[134.365,55.851],[134.389,55.878],[134.394,55.961],[134.417,56.0]]}},{"type":"Feature","properties":{"rank":9},"geometry":{"type":"LineString","coordinates":[[127.741,47.732],[127.669,47.802],[127.646,47.897],[127.354,48.181],[127.343,48.256],[127.285,48.312],[127.19,48.472],[127.165,48.499],[127.077,48.531],[126.782,48.534],[126.692,48.584],[126.506,48.618],[126.411,48.601],[126.331,48.557],[126.207,48.526],[126.025,48.561],[125.87,48.547],[125.765,48.576],[125.682,48.539],[125.314,48.526],[125.041,48.485],[124.906,48.443],[124.838,48.458],[124.691,48.424],[124.587,48.366],[124.548,48.327]]}},{"type":"Feature","properties":{"rank":9},"geometry":{"type":"LineString","coordinates":[[115.556,33.197],[115.382,33.228],[115.192,33.338],[114.908,33.447],[114.81,33.54],[114.656,33.605],[114.592,33.615],[114.552,33.595],[114.524,33.602],[114.453,33.642],[114.379,33.655],[114.267,33.708],[114.079,33.626],[114.04,33.568],[113.985,33.563],[113.871,33.593],[113.689,33.609],[113.63,33.665],[113.629,33.683],[113.502,33.71],[113.439,33.698],[113.402,33.655],[113.385,33.672],[113.327,33.637],[113.285,33.651],[113.176,33.73],[113.124,33.716],[113.001,33.735],[112.831,33.728],[112.731,33.756],[112.676,33.736],[112.463,33.778],[112.334,33.775]]}},{"type":"Feature","properties":{"rank":9},"geometry":{"type":"LineString","coordinates":[[130.079,43.896],[130.128,43.999],[130.163,44.038],[130.194,44.119],[130.251,44.179],[130.263,44.221],[130.307,44.243],[130.326,44.293],[130.381,44.362],[130.371,44.402],[130.28,44.42],[130.23,44.491],[130.257,44.511],[130.291,44.58],[130.385,44.636],[130.392,44.702],[130.454,44.781],[130.544,45.004],[130.594,45.056],[130.667,45.093],[130.674,45.151],[130.723,45.181],[130.807,45.307],[130.853,45.343],[130.929,45.343],[131.014,45.302],[131.115,45.299],[131.241,45.264],[131.441,45.282],[131.602,45.338],[131.692,45.319],[131.749,45.345],[131.939,45.511],[132.082,45.582],[132.17,45.595],[132.311,45.698],[132.495,45.669],[132.686,45.672],[132.88,45.719],[133.056,45.738],[133.345,45.86],[133.51,45.873]]}},{"type":"Feature","properties":{"rank":9},"geometry":{"type":"LineString","coordinates":[[92.197,22.503],[92.155,22.514],[92.14,22.47],[92.106,22.448],[92.042,22.459],[92.021,22.418],[91.908,22.424]]}},{"type":"Feature","properties":{"rank":9},"geometry":{"type":"LineString","coordinates":[[84.014,30.517],[83.93,30.624],[83.864,30.65],[83.792,30.646],[83.735,30.611],[83.696,30.495],[83.647,30.45],[83.585,30.431],[83.462,30.326],[83.342,30.293],[83.295,30.203],[83.295,30.161],[83.39,30.058],[83.431,30.044],[83.535,29.939]]}},{"type":"Feature","properties":{"rank":9},"geometry":{"type":"LineString","coordinates":[[91.164,24.355],[91.156,24.27],[91.08,24.252],[91.073,24.229],[90.999,24.162],[91.041,24.082],[90.976,24.007]]}},{"type":"Feature","properties":{"rank":9},"geometry":{"type":"MultiLineString","coordinates":[[[94.258,25.461],[94.236,25.461],[94.12,25.388],[94.101,25.341],[94.053,25.296],[94.066,25.398],[94.029,25.418],[93.984,25.419],[93.888,25.482],[93.808,25.446],[93.679,25.328],[93.6,25.188],[93.496,25.128],[93.473,25.054],[93.405,24.931],[93.409,24.83],[93.373,24.814],[93.363,24.766],[93.34,24.761],[93.33,24.707],[93.265,24.666],[93.217,24.707],[93.23,24.666],[93.218,24.65],[93.23,24.638],[93.212,24.575],[93.177,24.524],[93.146,24.404],[93.024,24.234],[93.014,24.274],[93.045,24.326],[93.022,24.354],[93.011,24.412],[93.036,24.414],[93.064,24.558],[93.1,24.577],[93.08,24.624],[93.106,24.671],[93.028,24.789],[92.956,24.803],[92.928,24.792],[92.91,24.742],[92.888,24.734],[92.908,24.748],[92.867,24.769],[92.854,24.748],[92.822,24.784],[92.867,24.816],[92.858,24.83],[92.827,24.824],[92.759,24.864],[92.733,24.9],[92.71,24.877],[92.731,24.857],[92.698,24.862],[92.697,24.836],[92.658,24.83],[92.643,24.837],[92.649,24.856],[92.593,24.877],[92.477,24.864],[92.49,24.912],[92.449,24.946],[92.453,24.958],[92.379,25.004],[92.339,25.001],[92.307,25.026],[92.22,24.948],[92.107,24.892],[92.08,24.901],[92.038,24.885],[92.014,24.864],[91.929,24.864],[91.79,24.904],[91.771,24.877],[91.706,24.926],[91.698,24.98],[91.668,24.995],[91.696,24.995],[91.675,25.022],[91.688,25.028],[91.665,25.033],[91.617,25.008],[91.575,25.026],[91.566,25.05],[91.528,25.056],[91.513,25.082],[91.479,25.064],[91.45,25.094],[91.414,25.083],[91.371,25.024],[91.394,24.96],[91.374,24.96],[91.348,24.893],[91.379,24.836],[91.358,24.796],[91.388,24.767],[91.379,24.718],[91.347,24.67],[91.304,24.651],[91.291,24.6],[91.243,24.576],[91.196,24.498],[91.181,24.487],[91.174,24.501],[91.16,24.48],[91.202,24.439],[91.161,24.376],[91.164,24.355]],[[90.976,24.007],[90.936,23.976],[90.852,23.96],[90.854,23.884],[90.759,23.853],[90.759,23.801],[90.721,23.721],[90.75,23.68],[90.715,23.65],[90.649,23.668],[90.65,23.619],[90.633,23.596]],[[90.734,23.659],[90.769,23.622],[90.74,23.61],[90.743,23.59],[90.702,23.555]]]}},{"type":"Feature","properties":{"rank":9},"geometry":{"type":"LineString","coordinates":[[83.963,29.2],[83.955,29.108],[83.913,29.014],[83.826,28.954],[83.764,28.808],[83.588,28.653],[83.636,28.598],[83.629,28.551],[83.649,28.504],[83.588,28.421],[83.569,28.347],[83.623,28.249],[83.671,28.215],[83.618,28.126],[83.546,28.055],[83.589,28.003],[83.575,27.981],[83.507,27.961],[83.46,27.968],[83.438,27.947],[83.479,27.92],[83.501,27.932],[83.636,27.908],[83.766,27.917],[83.825,27.876],[83.923,27.878],[84.016,27.908],[84.092,27.862],[84.268,27.845],[84.285,27.837],[84.321,27.759],[84.373,27.782],[84.4,27.775],[84.425,27.728],[84.411,27.703],[84.384,27.687],[84.356,27.696],[84.277,27.659],[84.226,27.659],[84.195,27.626],[84.178,27.632],[84.103,27.536],[84.068,27.557],[84.026,27.544],[83.938,27.55],[83.925,27.527],[83.959,27.518],[83.938,27.461],[83.833,27.434],[83.877,27.37],[83.841,27.303],[83.87,27.266],[83.938,27.242],[83.95,27.214],[84.02,27.173],[84.068,27.084],[84.108,27.092],[84.143,27.063],[84.205,26.921],[84.281,26.879],[84.308,26.812],[84.349,26.78],[84.372,26.698],[84.415,26.664],[84.425,26.605],[84.519,26.598],[84.527,26.543],[84.552,26.506],[84.608,26.47],[84.665,26.474],[84.684,26.461],[84.808,26.289],[84.875,26.246],[84.915,26.135],[84.973,26.084],[84.946,26.042],[84.963,26.018],[85.045,25.982],[85.172,25.827],[85.192,25.72],[85.182,25.637]]}},{"type":"Feature","properties":{"rank":9},"geometry":{"type":"LineString","coordinates":[[92.813,12.9],[92.874,12.887],[92.888,12.9]]}},{"type":"Feature","properties":{"rank":9},"geometry":{"type":"LineString","coordinates":[[92.778,12.31],[92.795,12.323],[92.874,12.31]]}},{"type":"Feature","properties":{"rank":9},"geometry":{"type":"LineString","coordinates":[[92.765,12.18],[92.757,12.077]]}},{"type":"Feature","properties":{"rank":9},"geometry":{"type":"LineString","coordinates":[[116.521,32.498],[116.48,32.497],[116.341,32.556],[116.318,32.608],[116.26,32.639],[116.241,32.727],[116.202,32.771],[116.116,32.763],[116.067,32.812],[115.995,32.818],[115.871,32.871],[115.766,33.007],[115.722,33.019],[115.684,33.085],[115.604,33.125],[115.574,33.188],[115.556,33.197]]}},{"type":"Feature","properties":{"rank":4},"geometry":{"type":"LineString","coordinates":[[83.025,54.845],[82.996,54.801],[82.815,54.729],[82.641,54.635],[82.457,54.582],[82.285,54.469],[82.074,54.372],[81.791,54.315],[81.72,54.27],[81.677,54.191],[81.587,54.129],[81.324,54.026],[81.301,53.938],[81.334,53.885]]}},{"type":"Feature","properties":{"rank":4},"geometry":{"type":"MultiLineString","coordinates":[[[83.865,56.0],[83.874,55.875],[83.795,55.797],[83.702,55.752],[83.653,55.705],[83.644,55.677],[83.665,55.639],[83.597,55.573],[83.432,55.51],[83.305,55.488],[83.216,55.432],[83.134,55.427],[82.972,55.447],[82.881,55.419],[82.859,55.388],[82.889,55.292],[82.883,55.235],[82.896,55.194],[82.817,55.107],[82.849,55.052],[82.934,55.023],[83.062,54.938],[83.025,54.845]],[[85.056,52.433],[84.929,52.446],[84.829,52.426],[84.433,52.417],[84.089,52.316],[83.745,52.376],[83.677,52.526],[83.675,52.724],[83.698,52.789],[83.646,52.859],[83.636,52.971],[83.643,53.018],[83.691,53.07],[83.698,53.104],[83.74,53.083],[83.764,53.102],[83.856,53.111],[83.828,53.159],[83.87,53.179],[83.784,53.237],[83.781,53.257],[83.822,53.33],[83.829,53.409],[83.749,53.414],[83.709,53.447],[83.63,53.433],[83.383,53.433],[83.177,53.525],[83.154,53.524],[83.134,53.48],[82.981,53.443],[82.643,53.419],[82.547,53.443],[82.43,53.516],[82.391,53.525],[82.372,53.55],[82.376,53.604],[82.275,53.648],[82.218,53.654],[82.19,53.71],[82.103,53.694],[82.088,53.708],[82.102,53.735],[81.882,53.741],[81.819,53.805],[81.79,53.79],[81.672,53.792],[81.599,53.775],[81.448,53.782],[81.377,53.819],[81.334,53.885]]]}},{"type":"Feature","properties":{"rank":1},"geometry":{"type":"LineString","coordinates":[[90.794,34.3],[91.066,34.341],[91.259,34.316],[91.34,34.285],[91.414,34.294],[91.704,34.256],[91.811,34.268],[91.836,34.215],[91.977,34.136],[92.03,34.139],[92.064,34.187],[92.148,34.238],[92.216,34.25],[92.585,34.21],[92.631,34.174],[92.648,34.129],[92.722,34.087],[92.813,34.081],[92.992,34.1]]}},{"type":"Feature","properties":{"rank":4},"geometry":{"type":"LineString","coordinates":[[97.983,28.424],[98.03,28.417],[98.061,28.387],[98.085,28.311],[98.192,28.249],[98.25,28.184],[98.295,28.167],[98.331,28.092],[98.311,28.056],[98.344,27.928],[98.327,27.823],[98.346,27.767],[98.315,27.708],[98.295,27.695],[98.279,27.709],[98.237,27.667],[98.171,27.652],[98.15,27.659],[98.119,27.726],[98.099,27.736],[98.037,27.73],[98.021,27.722],[98.019,27.696],[98.086,27.529],[98.11,27.426],[98.186,27.319],[98.227,27.209],[98.302,27.146],[98.349,27.06],[98.377,26.787],[98.333,26.704],[98.337,26.603],[98.309,26.591],[98.288,26.505],[98.28,26.428],[98.292,26.361],[98.116,25.892],[98.034,25.789],[97.802,25.59],[97.739,25.627],[97.692,25.707],[97.537,25.717],[97.486,25.7]]}},{"type":"Feature","properties":{"rank":4},"geometry":{"type":"LineString","coordinates":[[103.921,25.878],[103.874,25.837],[103.87,25.775],[103.832,25.775],[103.832,25.697],[103.852,25.669],[103.819,25.624],[103.866,25.553],[103.861,25.295],[103.895,25.263],[103.859,25.193],[103.804,25.165],[103.77,25.118],[103.784,25.087],[103.756,25.083],[103.695,25.031],[103.632,25.01],[103.585,24.973],[103.566,24.982],[103.523,24.946],[103.464,24.934],[103.427,24.932],[103.422,24.995],[103.38,25.022],[103.316,25.008],[103.249,25.022],[103.207,24.987],[103.186,24.981],[103.174,24.995],[103.161,24.973],[103.181,24.932],[103.165,24.822],[103.127,24.776],[103.073,24.752],[103.038,24.674],[103.032,24.606],[103.049,24.566],[103.075,24.556],[103.092,24.569],[103.12,24.55],[103.105,24.453],[103.058,24.427],[103.089,24.401],[103.092,24.329],[103.112,24.303],[103.098,24.235],[103.146,24.158],[103.126,24.035],[103.159,23.98],[103.177,23.825],[103.23,23.8],[103.27,23.802],[103.3,23.854],[103.434,23.884],[103.602,23.888],[103.598,23.925],[103.634,23.997],[103.578,24.062],[103.583,24.105],[103.649,24.181],[103.781,24.213],[103.846,24.341],[103.955,24.441],[104.004,24.454],[104.083,24.441],[104.229,24.528],[104.291,24.535],[104.372,24.57],[104.401,24.627],[104.47,24.669],[104.537,24.741],[104.555,24.745],[104.63,24.682],[104.694,24.661],[104.729,24.631],[104.78,24.679],[104.84,24.694],[104.889,24.765],[105.012,24.797],[105.047,24.895],[105.099,24.954],[105.163,24.978],[105.188,25.008],[105.248,24.97],[105.267,24.938],[105.314,24.935],[105.38,24.957],[105.43,24.934],[105.457,24.866],[105.508,24.817],[105.593,24.81],[105.654,24.78],[105.675,24.789],[105.805,24.707],[105.87,24.734],[105.916,24.728],[106.02,24.641],[106.059,24.693],[106.175,24.782],[106.199,24.829],[106.198,24.876],[106.155,24.96],[106.197,24.96],[106.227,24.981],[106.306,24.981],[106.456,25.035],[106.586,25.104],[106.666,25.173],[106.885,25.196],[106.923,25.254],[106.962,25.25],[106.97,25.234]]}},{"type":"Feature","properties":{"rank":1},"geometry":{"type":"LineString","coordinates":[[105.864,56.0],[105.784,55.879],[105.789,55.815],[105.761,55.768],[105.674,55.709],[105.554,55.572],[105.553,55.525],[105.489,55.448],[105.497,55.426],[105.48,55.405],[105.478,55.354],[105.433,55.297],[105.415,55.243],[105.329,55.184],[105.138,55.127],[105.079,55.056],[105.113,55.029],[105.073,55.001],[105.086,54.966],[105.052,54.946],[105.066,54.934],[105.066,54.864],[105.231,54.805],[105.207,54.752],[105.25,54.655],[105.229,54.625],[105.243,54.597],[105.223,54.583],[105.235,54.565],[105.216,54.559],[105.216,54.485],[105.164,54.408],[105.293,54.349],[105.336,54.347],[105.36,54.309],[105.387,54.309],[105.403,54.272],[105.511,54.186],[105.528,54.145],[105.571,54.111],[105.58,54.063],[105.601,54.045],[105.75,53.987],[105.791,54.008],[105.815,53.987],[105.853,54.001],[105.86,53.98],[105.901,53.959],[105.904,53.909],[105.932,53.888],[106.097,53.848],[106.318,53.868],[106.422,53.842],[106.655,53.894],[106.927,53.884],[106.973,53.87],[107.005,53.84],[107.086,53.846],[107.183,53.888],[107.177,53.981],[107.402,54.054],[107.454,54.096],[107.469,54.154],[107.503,54.191],[107.571,54.21],[107.615,54.254],[107.708,54.286],[107.782,54.293],[107.842,54.287],[107.897,54.256],[108.024,54.265],[108.1,54.23],[108.131,54.16],[108.124,54.107],[108.075,54.048],[107.98,54.004]]}},{"type":"Feature","properties":{"rank":4},"geometry":{"type":"LineString","coordinates":[[98.0,51.514],[97.912,51.528],[97.838,51.52],[97.753,51.499],[97.609,51.417],[97.556,51.419],[97.491,51.388],[97.342,51.386],[97.277,51.351],[97.191,51.363],[96.973,51.342],[96.931,51.363],[96.873,51.355],[96.821,51.376],[96.64,51.37],[96.599,51.348],[96.266,51.342],[96.202,51.362],[96.186,51.391],[96.143,51.396],[96.053,51.382],[96.012,51.338],[95.93,51.344],[95.78,51.294]]}},{"type":"Feature","properties":{"rank":4},"geometry":{"type":"LineString","coordinates":[[91.518,31.943],[91.554,31.772],[91.659,31.718],[91.688,31.682],[91.735,31.67],[91.744,31.645],[91.73,31.597],[91.776,31.569],[91.808,31.508],[91.784,31.471],[91.812,31.414],[91.874,31.402],[91.938,31.443],[92.012,31.428],[92.037,31.409],[92.038,31.34],[92.089,31.296],[92.218,31.289],[92.264,31.306],[92.326,31.374],[92.32,31.442],[92.336,31.469],[92.381,31.451],[92.531,31.501],[92.664,31.515],[92.73,31.547],[92.83,31.552],[92.884,31.573],[92.924,31.572],[92.948,31.54],[93.009,31.565],[93.06,31.521],[93.129,31.545],[93.442,31.552],[93.767,31.488],[93.847,31.512],[93.925,31.512],[93.973,31.537],[94.183,31.48],[94.257,31.509],[94.301,31.479],[94.487,31.484],[94.579,31.455],[94.599,31.429],[94.572,31.381],[94.567,31.314],[94.505,31.257],[94.608,31.229],[94.639,31.127],[94.689,31.096],[94.736,31.072],[94.772,31.074],[94.9,31.128],[94.921,31.167],[94.967,31.185],[95.058,31.169],[95.112,31.188],[95.251,31.188],[95.447,31.118],[95.527,30.98],[95.601,30.939],[95.693,30.966],[95.78,30.953],[95.822,31.0],[95.864,31.006],[95.889,30.979],[95.91,30.986],[96.102,30.92],[96.254,30.892],[96.29,30.859],[96.335,30.86],[96.367,30.816],[96.443,30.566],[96.54,30.433],[96.595,30.447]]}},{"type":"Feature","properties":{"rank":4},"geometry":{"type":"LineString","coordinates":[[97.486,25.7],[97.534,25.676],[97.506,25.631],[97.486,25.522],[97.403,25.381],[97.42,25.33],[97.378,25.333],[97.336,25.369],[97.313,25.357],[97.313,25.318],[97.267,25.289],[97.271,25.217],[97.233,25.186],[97.243,25.126],[97.318,25.126],[97.314,25.104],[97.297,25.081],[97.259,25.098],[97.214,25.086],[97.233,25.035],[97.221,24.997],[97.116,24.932],[97.101,24.916],[97.102,24.867],[97.034,24.823],[97.06,24.716],[97.115,24.611],[97.106,24.513],[97.123,24.487],[97.121,24.372],[97.136,24.337],[97.205,24.27],[97.185,24.206],[97.147,24.17],[97.084,24.142],[96.976,24.144],[96.929,24.128],[96.821,24.212],[96.781,24.29],[96.633,24.357],[96.591,24.352],[96.567,24.314],[96.532,24.297],[96.437,24.303],[96.446,24.275],[96.431,24.253],[96.362,24.2],[96.295,24.096],[96.289,23.97],[96.205,23.768],[96.155,23.749],[96.127,23.67],[96.02,23.555],[96.006,23.384],[95.978,23.261],[95.964,22.769],[95.955,22.75],[95.91,22.739],[95.901,22.707],[95.99,22.529],[95.964,22.472],[95.963,22.392],[96.012,22.331],[95.986,22.281],[95.987,22.216],[96.007,22.089],[96.048,21.994],[96.041,21.923],[95.992,21.876],[95.913,21.856],[95.848,21.91],[95.776,21.931],[95.511,21.917],[95.471,21.856],[95.45,21.78],[95.387,21.733],[95.324,21.537],[95.33,21.463],[95.275,21.445],[95.141,21.313],[95.077,21.301],[95.021,21.311],[94.985,21.249],[94.909,21.225],[94.848,21.225],[94.819,21.204],[94.803,21.163],[94.82,20.972],[94.806,20.924],[94.718,20.835],[94.713,20.813],[94.752,20.691],[94.794,20.643],[94.82,20.506],[94.858,20.482],[94.905,20.364],[94.896,20.245],[94.909,20.204],[94.896,20.184],[94.914,20.124],[94.937,20.088],[95.01,20.049],[95.014,19.996],[95.053,19.968],[95.052,19.915],[95.112,19.89],[95.16,19.823],[95.135,19.739],[95.169,19.622],[95.164,19.5],[95.197,19.372],[95.174,19.152],[95.127,19.095],[95.112,19.015],[95.134,18.93],[95.193,18.865],[95.213,18.805],[95.185,18.737],[95.152,18.71],[95.101,18.697],[95.079,18.667],[95.062,18.561],[95.084,18.522],[95.179,18.447],[95.209,18.363],[95.287,18.32],[95.382,18.23],[95.45,18.033],[95.444,17.957],[95.423,17.929],[95.433,17.875],[95.459,17.839],[95.458,17.726],[95.492,17.655],[95.565,17.614],[95.541,17.559],[95.547,17.5],[95.623,17.443],[95.674,17.436],[95.677,17.418],[95.61,17.366],[95.588,17.302],[95.591,17.251],[95.646,17.109],[95.635,17.073],[95.56,17.014],[95.567,16.964],[95.612,16.864],[95.593,16.848],[95.533,16.846],[95.492,16.811],[95.334,16.757],[95.348,16.675],[95.323,16.661],[95.317,16.61],[95.262,16.587],[95.258,16.529],[95.2,16.499],[95.163,16.449],[95.08,16.393],[95.033,16.281],[94.992,16.25]]}},{"type":"Feature","properties":{"rank":1},"geometry":{"type":"LineString","coordinates":[[92.992,34.1],[93.011,34.108],[93.034,34.163],[93.128,34.225],[93.348,34.232],[93.392,34.218],[93.477,34.232],[93.662,34.211],[93.748,34.232],[93.813,34.273],[93.811,34.316],[93.849,34.327],[93.917,34.453],[93.973,34.471],[94.068,34.561],[94.169,34.589],[94.264,34.583],[94.351,34.67],[94.362,34.656],[94.392,34.684],[94.475,34.695],[94.558,34.764],[94.602,34.767],[94.652,34.741],[94.883,34.7],[94.943,34.663],[94.967,34.67],[94.989,34.608],[95.006,34.585],[95.053,34.574],[95.067,34.533],[95.111,34.53],[95.169,34.486],[95.211,34.499],[95.235,34.464],[95.276,34.472],[95.313,34.458],[95.317,34.48],[95.338,34.485],[95.348,34.461],[95.466,34.362],[95.555,34.329],[95.578,34.311],[95.567,34.28],[95.588,34.259],[95.567,34.238],[95.596,34.224],[95.617,34.233],[95.68,34.2],[95.706,34.129],[95.794,34.053],[95.825,34.051],[95.865,33.971],[95.894,33.944],[95.898,33.914],[95.992,33.869],[95.987,33.843],[96.122,33.797],[96.095,33.779],[96.13,33.764],[96.218,33.786],[96.211,33.773],[96.231,33.751],[96.197,33.746],[96.227,33.738],[96.234,33.717],[96.256,33.732],[96.314,33.731],[96.359,33.765],[96.4,33.746],[96.403,33.684],[96.43,33.69],[96.5,33.643],[96.472,33.622],[96.577,33.611],[96.617,33.588],[96.623,33.546],[96.7,33.547],[96.706,33.519],[96.689,33.506],[96.722,33.439],[96.705,33.423],[96.732,33.396],[96.753,33.409],[96.746,33.396],[96.772,33.388],[96.773,33.355],[96.8,33.389],[96.793,33.375],[96.828,33.313],[96.848,33.334],[96.858,33.322],[96.917,33.327],[96.963,33.348],[96.979,33.327],[97.007,33.341],[96.999,33.313],[97.02,33.32],[97.023,33.214],[97.083,33.156],[97.134,33.133],[97.185,33.046],[97.229,33.022],[97.253,32.944],[97.36,32.896],[97.383,32.779],[97.43,32.7],[97.565,32.624],[97.603,32.621],[97.62,32.587],[97.663,32.559],[97.817,32.513],[97.856,32.519],[97.886,32.497],[98.013,32.464],[98.08,32.404],[98.122,32.4],[98.205,32.355],[98.219,32.252],[98.309,32.128],[98.374,32.08],[98.393,32.04],[98.452,31.983],[98.444,31.907],[98.418,31.879],[98.435,31.838],[98.425,31.813],[98.501,31.749],[98.541,31.689]]}},{"type":"Feature","properties":{"rank":4},"geometry":{"type":"LineString","coordinates":[[95.78,51.294],[95.753,51.303],[95.742,51.37],[95.484,51.535],[95.42,51.555],[95.328,51.543],[95.16,51.585],[95.033,51.657],[94.918,51.631],[94.787,51.694],[94.464,51.733]]}},{"type":"Feature","properties":{"rank":4},"geometry":{"type":"LineString","coordinates":[[91.51,53.735],[91.442,53.799],[91.435,53.861],[91.459,53.932],[91.512,53.958],[91.558,54.029],[91.547,54.095],[91.38,54.31],[91.294,54.382],[91.26,54.511],[90.959,54.639],[90.934,54.666],[90.951,54.886],[91.034,55.001],[91.099,55.042],[91.165,55.058],[91.347,55.064],[91.818,55.149],[92.106,55.22],[92.235,55.307],[92.408,55.503]]}},{"type":"Feature","properties":{"rank":4},"geometry":{"type":"MultiLineString","coordinates":[[[92.853,56.0],[92.708,55.974],[92.466,55.961],[92.367,55.972],[92.28,55.922],[92.244,55.851],[92.26,55.817],[92.356,55.764],[92.458,55.744],[92.497,55.653],[92.5,55.609],[92.408,55.503]],[[94.464,51.733],[94.307,51.69],[94.236,51.636],[94.135,51.59],[93.938,51.56],[93.823,51.59],[93.618,51.59],[93.497,51.569],[93.327,51.603],[93.247,51.588],[93.011,51.61],[92.929,51.582],[92.836,51.583],[92.806,51.569],[92.71,51.587],[92.593,51.637],[92.519,51.634],[92.367,51.706],[92.209,51.741],[92.215,51.754],[92.148,51.782],[92.14,51.84],[92.003,51.925],[91.977,51.959],[92.005,51.994],[92.342,52.169],[92.478,52.347],[92.455,52.379],[92.317,52.467],[92.298,52.501],[92.322,52.58],[92.285,52.608],[92.203,52.621],[92.11,52.57],[91.986,52.596],[91.946,52.618],[91.849,52.59],[91.779,52.592],[91.72,52.639],[91.784,52.645],[91.736,52.684],[91.667,52.702],[91.475,52.654],[91.382,52.69],[91.331,52.733],[91.332,52.789],[91.424,52.857],[91.439,52.89],[91.476,52.899],[91.518,52.987],[91.447,53.084],[91.474,53.153],[91.622,53.158],[91.727,53.179],[91.791,53.248],[91.97,53.378],[91.908,53.456],[91.823,53.468],[91.748,53.535],[91.663,53.544],[91.625,53.606],[91.545,53.646],[91.581,53.668],[91.6,53.7],[91.51,53.735]]]}},{"type":"Feature","properties":{"rank":4},"geometry":{"type":"LineString","coordinates":[[96.595,30.447],[96.701,30.441],[96.691,30.37],[96.722,30.297],[96.772,30.291],[96.857,30.239],[96.917,30.241],[96.991,30.197],[97.06,30.194],[97.169,30.113],[97.247,30.089],[97.287,30.021],[97.337,29.974],[97.358,29.899],[97.418,29.86],[97.428,29.795],[97.447,29.773],[97.442,29.684],[97.561,29.548],[97.581,29.486],[97.703,29.45],[97.723,29.422],[97.848,29.371],[97.866,29.339],[97.897,29.327],[97.897,29.29],[97.935,29.254],[97.944,29.194],[98.04,29.072],[98.046,29.038],[98.082,29.019],[98.103,28.921],[98.182,28.818],[98.257,28.79],[98.343,28.715],[98.374,28.531],[98.439,28.492],[98.452,28.407],[98.445,28.339],[98.47,28.297],[98.485,28.129],[98.568,28.096],[98.651,28.006],[98.667,27.956],[98.685,27.961],[98.658,27.927],[98.686,27.867],[98.673,27.769],[98.731,27.669],[98.829,27.561],[98.825,27.488],[98.809,27.461],[98.886,27.261],[98.868,27.173],[98.898,26.454],[98.889,26.373],[98.859,26.335],[98.871,26.28],[98.857,26.177],[98.871,26.145],[98.843,26.084],[98.853,26.048],[98.836,25.92],[98.894,25.471],[98.871,25.381],[98.877,25.324],[98.843,25.286],[98.843,25.227],[98.858,25.198],[98.843,25.188],[98.843,25.073],[98.905,24.918],[98.888,24.901],[98.895,24.873],[98.955,24.746],[99.035,24.697],[99.054,24.653],[99.024,24.49],[98.979,24.415],[99.046,24.383],[99.064,24.321],[99.125,24.284],[98.999,24.243],[98.854,24.139],[98.715,24.121],[98.492,24.046],[98.431,24.0],[98.411,23.963],[98.444,23.841],[98.574,23.744],[98.648,23.608],[98.589,23.504],[98.617,23.445],[98.606,23.426],[98.658,23.425],[98.72,23.388],[98.733,23.301],[98.724,23.262],[98.64,23.227],[98.588,23.241],[98.531,23.226],[98.51,23.206],[98.443,23.205],[98.471,23.17],[98.516,23.152],[98.564,23.076],[98.499,23.042],[98.517,22.97],[98.548,22.974],[98.665,22.901],[98.651,22.847],[98.545,22.822],[98.521,22.781],[98.548,22.737],[98.541,22.709],[98.563,22.678],[98.558,22.639],[98.578,22.634],[98.644,22.48],[98.568,22.288],[98.643,22.139],[98.774,22.04],[98.738,22.026],[98.72,21.972],[98.569,21.893],[98.548,21.859],[98.585,21.715],[98.644,21.63],[98.648,21.581],[98.582,21.547],[98.568,21.513],[98.625,21.417],[98.673,21.39],[98.678,21.304],[98.712,21.239],[98.703,21.178],[98.782,21.102],[98.801,21.074],[98.796,21.043],[98.74,20.992],[98.638,20.99],[98.607,20.96],[98.507,20.951]]}},{"type":"Feature","properties":{"rank":4},"geometry":{"type":"LineString","coordinates":[[106.97,25.241],[106.981,25.134],[107.031,25.035],[107.085,24.997],[107.155,25.008],[107.195,24.944],[107.246,24.915],[107.31,24.84],[107.334,24.751],[107.306,24.707],[107.344,24.622],[107.456,24.509],[107.514,24.395],[107.519,24.323],[107.563,24.35],[107.601,24.317],[107.608,24.213],[107.559,24.163],[107.532,24.172],[107.485,24.114],[107.521,24.078],[107.498,24.055],[107.52,24.002],[107.556,23.963],[107.627,23.937],[107.689,23.969],[107.782,23.861],[107.864,23.711],[107.885,23.709],[107.922,23.746],[107.976,23.74],[108.011,23.754],[108.042,23.808],[108.11,23.83],[108.121,23.863],[108.162,23.836],[108.197,23.885],[108.265,23.915],[108.28,23.966],[108.301,23.958],[108.32,24.007],[108.352,24.004],[108.402,24.048],[108.503,24.005],[108.601,23.993],[108.721,23.856],[108.751,23.878],[108.764,23.851],[108.796,23.835],[108.869,23.829],[108.857,23.799],[108.882,23.768],[108.853,23.754],[108.85,23.734],[108.891,23.706],[108.91,23.658],[108.942,23.638],[108.982,23.641],[109.168,23.736],[109.211,23.727],[109.218,23.706],[109.239,23.706],[109.261,23.681],[109.342,23.706],[109.424,23.763],[109.43,23.85],[109.449,23.864],[109.487,23.803],[109.528,23.796]]}},{"type":"Feature","properties":{"rank":4},"geometry":{"type":"LineString","coordinates":[[109.528,23.796],[109.56,23.789],[109.567,23.764],[109.547,23.706],[109.602,23.711],[109.612,23.682],[109.655,23.682],[109.663,23.658],[109.635,23.611],[109.683,23.582],[109.744,23.465],[109.815,23.485],[109.838,23.473],[109.853,23.429],[109.951,23.418],[109.998,23.467],[110.089,23.404]]}},{"type":"Feature","properties":{"rank":4},"geometry":{"type":"LineString","coordinates":[[110.089,23.407],[110.113,23.418],[110.126,23.47],[110.163,23.475],[110.165,23.523],[110.208,23.583],[110.237,23.59],[110.287,23.579],[110.312,23.54],[110.397,23.532],[110.462,23.487],[110.521,23.477],[110.553,23.435],[110.587,23.462],[110.693,23.447],[110.734,23.471],[110.786,23.471],[110.846,23.437],[110.868,23.378],[110.895,23.371],[110.962,23.415],[111.07,23.452],[111.216,23.43],[111.253,23.478],[111.301,23.48]]}},{"type":"Feature","properties":{"rank":4},"geometry":{"type":"LineString","coordinates":[[98.507,20.951],[98.491,20.876],[98.5,20.787],[98.649,20.484],[98.659,20.436],[98.644,20.377],[98.658,20.334],[98.696,20.293],[98.689,20.201],[98.606,20.146],[98.565,20.149],[98.488,20.085],[98.377,20.074],[98.233,19.999],[98.14,19.99],[98.02,19.953],[97.917,19.964],[97.877,19.95],[97.829,19.861],[97.751,19.846],[97.74,19.78],[97.655,19.69],[97.633,19.547],[97.585,19.419],[97.525,19.374],[97.534,19.15],[97.49,19.05],[97.465,18.862],[97.431,18.82],[97.386,18.823],[97.351,18.871],[97.334,18.875],[97.327,18.85],[97.334,18.71],[97.362,18.587],[97.345,18.561],[97.442,18.403],[97.452,18.333],[97.527,18.265],[97.562,18.33],[97.637,18.306],[97.642,18.273],[97.617,18.241],[97.683,18.146],[97.693,18.061],[97.719,18.053],[97.753,17.969],[97.691,17.895],[97.698,17.833],[97.675,17.83],[97.675,17.815],[97.712,17.69],[97.72,17.591],[97.772,17.472],[97.759,17.405],[97.69,17.361],[97.674,17.323],[97.674,17.182],[97.655,17.173],[97.65,17.126],[97.609,17.035],[97.64,16.932],[97.605,16.684],[97.673,16.554]]}},{"type":"Feature","properties":{"rank":1},"geometry":{"type":"MultiLineString","coordinates":[[[98.541,31.689],[98.591,31.598],[98.884,31.354],[98.767,31.23],[98.682,31.315],[98.637,31.309],[98.611,31.256],[98.619,31.187],[98.603,31.169],[98.692,31.124],[98.726,31.059],[98.802,30.99],[98.797,30.94],[98.774,30.902],[98.787,30.88],[98.88,30.793],[98.954,30.747],[98.96,30.727],[98.952,30.708],[98.905,30.682],[98.905,30.663],[98.931,30.579],[98.932,30.49],[98.96,30.459],[98.986,30.144],[99.033,30.055],[99.056,29.915],[99.005,29.82],[99.0,29.784],[99.014,29.767],[99.0,29.756],[98.986,29.65],[99.041,29.562],[99.062,29.308],[99.108,29.224],[99.103,29.092],[99.12,28.964],[99.096,28.835],[99.124,28.749],[99.13,28.664],[99.172,28.592],[99.165,28.554],[99.18,28.504],[99.162,28.438],[99.226,28.339],[99.273,28.307],[99.274,28.277],[99.381,28.184],[99.398,28.126]],[[99.398,28.119],[99.394,28.042],[99.457,27.868],[99.431,27.797],[99.441,27.75],[99.48,27.674],[99.523,27.653],[99.521,27.605],[99.56,27.563],[99.555,27.509],[99.586,27.486],[99.645,27.385],[99.635,27.35],[99.653,27.317],[99.802,27.195],[99.947,27.029],[99.974,26.886],[100.063,26.958],[100.084,27.069],[100.059,27.128],[100.063,27.173],[100.116,27.208],[100.244,27.361],[100.214,27.413],[100.193,27.511],[100.295,27.683],[100.299,27.832],[100.42,27.838],[100.433,27.742],[100.464,27.67],[100.448,27.498],[100.542,27.438],[100.522,27.376],[100.552,27.255],[100.538,27.219],[100.494,27.187],[100.433,27.183],[100.497,27.124],[100.453,27.03],[100.474,26.934],[100.451,26.826],[100.398,26.803],[100.393,26.787],[100.418,26.639],[100.433,26.625],[100.426,26.519],[100.46,26.403],[100.412,26.3],[100.447,26.227],[100.473,26.214],[100.547,26.229],[100.612,26.201],[100.635,26.213],[100.667,26.191],[100.774,26.184],[100.83,26.206],[100.905,26.166],[100.987,26.269],[101.125,26.345],[101.201,26.372],[101.239,26.362],[101.422,26.393],[101.476,26.461],[101.451,26.471],[101.464,26.492],[101.452,26.531],[101.518,26.59],[101.618,26.598],[101.646,26.57],[101.652,26.589],[101.68,26.564],[101.723,26.594],[101.754,26.583],[101.805,26.601],[101.845,26.571],[101.892,26.462],[101.947,26.413],[101.94,26.317],[101.904,26.237],[101.917,26.21],[101.857,26.169],[101.844,26.139],[101.844,26.032],[101.83,25.994],[101.874,25.972],[101.957,25.994],[102.017,25.986],[102.083,25.999],[102.098,26.015],[102.101,26.071],[102.13,26.114],[102.222,26.186],[102.251,26.228],[102.338,26.251],[102.4,26.311],[102.502,26.337],[102.567,26.378],[102.626,26.345],[102.609,26.26],[102.68,26.221],[102.71,26.228],[102.766,26.293],[102.845,26.327],[102.877,26.365],[102.951,26.345],[102.988,26.365],[103.002,26.4],[102.989,26.441],[103.002,26.461],[102.995,26.485],[103.038,26.506],[103.057,26.557],[103.03,26.601],[103.029,26.661],[102.975,26.831],[102.901,26.924],[102.899,27.002],[102.878,27.035],[102.915,27.134],[102.889,27.291],[102.954,27.42],[102.991,27.385],[103.12,27.412],[103.146,27.434],[103.16,27.497],[103.217,27.566],[103.295,27.587],[103.304,27.605],[103.284,27.64],[103.451,27.759],[103.458,27.792],[103.503,27.849],[103.518,27.945],[103.564,27.983],[103.513,27.971],[103.489,28.037],[103.44,28.042],[103.434,28.068],[103.456,28.105],[103.454,28.133],[103.538,28.184],[103.571,28.243],[103.643,28.27],[103.722,28.215],[103.879,28.325],[103.794,28.531],[103.836,28.604],[103.85,28.668]]]}},{"type":"Feature","properties":{"rank":5},"geometry":{"type":"MultiLineString","coordinates":[[[61.76,46.021],[61.733,46.047],[61.562,46.109]],[[68.455,41.106],[68.263,41.104],[68.079,41.137],[68.045,41.152],[67.964,41.249]],[[70.354,40.435],[70.359,40.38],[70.306,40.349],[69.905,40.272],[69.827,40.272]]]}},{"type":"Feature","properties":{"rank":5},"geometry":{"type":"MultiLineString","coordinates":[[[61.562,46.109],[61.512,46.131],[61.256,46.038],[61.164,46.031],[61.077,46.046],[61.006,46.107],[60.929,46.105],[60.877,46.137]],[[67.964,41.249],[67.971,41.29],[68.037,41.31],[68.04,41.338],[68.104,41.364],[68.087,41.404],[68.115,41.458],[68.073,41.503],[68.068,41.523],[68.094,41.546],[68.053,41.599],[68.065,41.608],[68.04,41.653],[68.047,41.706],[68.034,41.756],[68.071,41.766],[68.098,41.814],[68.087,41.865],[68.111,41.899],[68.113,41.951],[68.146,41.958],[68.176,42.018],[68.167,42.068],[68.208,42.065],[68.241,42.118],[68.222,42.138],[68.154,42.153],[68.184,42.174],[68.225,42.174],[68.263,42.252],[68.288,42.264],[68.277,42.295],[68.246,42.309],[68.277,42.387],[68.273,42.414],[68.239,42.428],[68.252,42.448],[68.19,42.529],[68.229,42.559],[68.225,42.592],[68.259,42.626],[68.239,42.77],[68.197,42.763],[68.232,42.804],[68.202,42.823],[68.205,42.862],[68.163,42.845],[68.102,42.887],[68.16,42.911],[68.169,42.97],[68.095,42.976],[68.057,43.003],[68.019,42.99],[68.027,43.01],[68.006,43.017],[68.019,43.037],[67.968,43.036],[67.958,43.058],[67.927,43.044],[67.886,43.062],[67.848,43.051],[67.835,43.073],[67.87,43.134],[67.855,43.161],[67.865,43.19],[67.848,43.181],[67.855,43.229],[67.8,43.236],[67.826,43.262],[67.78,43.281],[67.808,43.297],[67.807,43.329],[67.746,43.343],[67.725,43.36],[67.759,43.366],[67.732,43.376],[67.705,43.36],[67.684,43.305],[67.664,43.325],[67.659,43.375],[67.616,43.387],[67.632,43.416],[67.561,43.401],[67.587,43.442],[67.577,43.448],[67.519,43.422],[67.54,43.462],[67.486,43.507],[67.506,43.551],[67.499,43.571],[67.389,43.668],[67.402,43.682],[67.362,43.711],[67.341,43.751],[67.32,43.738],[67.3,43.751],[67.276,43.81],[67.204,43.811],[67.215,43.842],[67.197,43.867],[67.205,43.886],[67.174,43.897],[67.167,43.921],[67.088,43.938],[67.025,43.976],[67.039,44.002],[67.028,44.016],[66.964,43.999],[66.94,44.006],[66.927,44.029],[66.889,43.962],[66.834,43.97],[66.823,43.945],[66.751,43.97],[66.725,43.956],[66.631,43.963],[66.611,43.997],[66.574,43.962],[66.569,44.01],[66.536,44.007],[66.505,44.066],[66.54,44.099],[66.498,44.12],[66.519,44.148],[66.493,44.146],[66.477,44.127],[66.448,44.141],[66.443,44.161],[66.416,44.161],[66.423,44.237],[66.396,44.274],[66.348,44.277],[66.353,44.299],[66.306,44.309],[66.258,44.36],[66.277,44.376],[66.278,44.401],[66.238,44.387],[66.23,44.409],[66.2,44.415],[66.186,44.439],[66.148,44.428],[66.114,44.449],[66.128,44.469],[66.117,44.475],[66.046,44.477],[66.046,44.456],[65.916,44.497],[65.957,44.49],[65.943,44.535],[65.957,44.556],[65.926,44.569],[65.914,44.627],[65.885,44.624],[65.868,44.66],[65.833,44.675],[65.792,44.668],[65.788,44.685],[65.812,44.713],[65.799,44.744],[65.779,44.729],[65.662,44.751],[65.622,44.738],[65.554,44.76],[65.512,44.785],[65.512,44.82],[65.478,44.854],[65.344,44.922],[65.308,44.982],[65.199,44.97],[65.184,44.987],[65.127,44.991],[65.13,45.002],[65.059,44.991],[64.993,45.023],[64.963,45.018],[64.929,44.983],[64.874,44.977],[64.772,44.997],[64.778,45.028],[64.76,45.036],[64.702,45.032],[64.639,45.068],[64.584,45.065],[64.562,45.087],[64.511,45.076],[64.469,45.124],[64.409,45.142],[64.422,45.161],[64.378,45.177],[64.374,45.216],[64.33,45.223],[64.347,45.264],[64.232,45.286],[64.21,45.405],[64.186,45.429],[64.168,45.408],[64.155,45.436],[64.133,45.429],[64.099,45.476],[64.045,45.463],[64.019,45.484],[63.918,45.483],[63.89,45.496],[63.862,45.553],[63.915,45.578],[63.921,45.608],[63.859,45.649],[63.756,45.682],[63.737,45.703],[63.781,45.708],[63.793,45.741],[63.665,45.746],[63.624,45.722],[63.442,45.683],[63.304,45.614],[63.183,45.599],[63.145,45.602],[63.122,45.656],[63.056,45.698],[62.976,45.703],[62.946,45.733],[62.928,45.724],[62.887,45.737],[62.852,45.696],[62.827,45.69],[62.77,45.703],[62.776,45.685],[62.763,45.676],[62.733,45.709],[62.643,45.734],[62.606,45.834],[62.534,45.782],[62.441,45.751],[62.394,45.781],[62.29,45.737],[62.298,45.784],[62.254,45.763],[62.18,45.778],[62.184,45.756],[62.168,45.743],[62.105,45.751],[62.023,45.731],[62.037,45.709],[61.965,45.668],[61.882,45.731],[61.751,45.741],[61.691,45.811],[61.692,45.841],[61.735,45.895],[61.843,45.925],[61.832,45.984],[61.795,45.987],[61.76,46.021]],[[69.827,40.272],[69.801,40.303],[69.767,40.282],[69.733,40.303],[69.636,40.311],[69.596,40.292],[69.567,40.252],[69.339,40.208],[69.177,40.276],[69.177,40.294],[69.116,40.331],[69.15,40.386],[69.108,40.386],[69.143,40.413],[69.095,40.42],[69.123,40.459],[69.097,40.507],[69.116,40.515],[69.075,40.522],[69.096,40.572],[69.121,40.588],[69.105,40.598],[69.068,40.584],[69.088,40.612],[69.053,40.658],[68.992,40.653],[69.012,40.683],[69.003,40.687],[68.944,40.68],[68.955,40.707],[68.902,40.735],[68.887,40.776],[68.799,40.839],[68.739,40.844],[68.733,40.868],[68.714,40.866],[68.707,40.907],[68.633,40.968],[68.665,40.978],[68.661,40.994],[68.613,41.004],[68.615,41.028],[68.541,41.023],[68.506,41.074],[68.455,41.106]]]}},{"type":"Feature","properties":{"rank":5},"geometry":{"type":"LineString","coordinates":[[73.3,41.776],[73.147,41.775],[73.002,41.813],[72.809,41.794],[72.747,41.762],[72.653,41.667]]}},{"type":"Feature","properties":{"rank":5},"geometry":{"type":"MultiLineString","coordinates":[[[77.737,41.879],[77.822,41.865],[77.976,41.9],[78.044,41.88],[78.06,41.846],[77.776,41.664],[77.716,41.581],[77.627,41.562],[77.566,41.525],[77.456,41.528],[77.363,41.506],[77.277,41.521],[77.192,41.493],[76.965,41.506],[76.935,41.48],[76.777,41.494],[76.616,41.473],[76.486,41.506],[76.009,41.445],[75.812,41.462],[75.712,41.443],[75.631,41.389],[75.551,41.379],[75.455,41.386],[75.256,41.448],[74.811,41.42],[74.766,41.44],[74.641,41.409],[74.571,41.439],[74.495,41.44],[74.369,41.393],[74.257,41.372],[74.029,41.423],[73.947,41.483],[73.94,41.626],[73.868,41.718],[73.782,41.729],[73.687,41.777],[73.584,41.804],[73.508,41.797],[73.45,41.77],[73.297,41.775]],[[72.653,41.667],[72.63,41.633],[72.412,41.509],[72.375,41.514],[72.324,41.494],[72.247,41.44],[72.23,41.369],[72.186,41.297],[72.2,41.283],[72.18,41.225],[72.144,41.181],[72.07,41.136],[71.899,40.99],[71.778,40.923],[71.644,40.889],[71.505,40.879],[71.343,40.893],[71.175,40.837],[71.113,40.858],[71.052,40.855],[71.038,40.841],[71.059,40.785],[71.042,40.776],[71.015,40.816],[70.884,40.742],[70.812,40.736],[70.568,40.57],[70.524,40.557],[70.477,40.505],[70.369,40.475],[70.354,40.435]]]}},{"type":"Feature","properties":{"rank":5},"geometry":{"type":"MultiLineString","coordinates":[[[73.652,20.012],[73.686,20.042],[73.838,19.993],[73.902,19.999],[73.967,19.982],[74.004,20.026],[74.057,20.047],[74.082,20.025],[74.098,20.033],[74.228,19.971],[74.389,19.93],[74.442,19.881],[74.508,19.889],[74.568,19.805],[74.759,19.761],[74.848,19.663],[74.889,19.649],[74.951,19.656],[75.139,19.587],[75.18,19.593],[75.216,19.548],[75.335,19.505],[75.375,19.463],[75.417,19.461],[75.436,19.42],[75.479,19.437],[75.548,19.389],[75.72,19.352],[75.787,19.396],[75.834,19.375],[75.914,19.388],[75.917,19.304],[75.965,19.306],[76.009,19.341],[76.02,19.299],[76.061,19.293],[76.11,19.312],[76.225,19.26],[76.304,19.265],[76.361,19.233],[76.339,19.142],[76.318,19.129],[76.329,19.109],[76.365,19.133],[76.38,19.128],[76.389,19.105],[76.422,19.103],[76.442,19.059],[76.506,19.102],[76.565,19.111],[76.63,19.068],[76.619,19.024],[76.63,19.009],[76.715,19.018],[76.736,18.977],[76.78,19.018],[76.78,19.053],[76.826,19.045],[76.844,19.067],[76.921,19.053],[76.979,19.101],[77.058,19.087],[77.056,19.111],[77.079,19.122],[77.092,19.101],[77.072,19.081],[77.078,19.07],[77.133,19.066],[77.164,19.115],[77.195,19.1],[77.243,19.122],[77.263,19.115],[77.286,19.142],[77.324,19.136],[77.38,19.156],[77.394,19.138],[77.384,19.091],[77.476,19.012],[77.571,18.987],[77.598,18.941],[77.631,18.936],[77.709,18.877],[77.785,18.866],[77.885,18.826],[77.944,18.829],[77.969,18.868],[78.029,18.872],[78.048,18.913],[78.215,19.002],[78.248,19.001],[78.28,18.98],[78.295,18.93],[78.391,18.991],[78.446,18.962],[78.511,18.964],[78.541,18.943],[78.57,18.984],[78.647,18.988],[78.676,19.034],[78.775,19.007],[78.793,19.038],[78.836,19.057],[78.919,19.036],[78.932,19.066],[79.012,19.081],[79.071,19.045],[79.117,18.939],[79.178,18.877],[79.241,18.862],[79.292,18.813],[79.389,18.857],[79.428,18.852],[79.586,18.765],[79.621,18.731],[79.64,18.734],[79.686,18.679],[79.765,18.69],[79.813,18.721],[79.851,18.794],[79.833,18.84],[79.844,18.881],[79.877,18.84],[80.001,18.785],[80.09,18.697],[80.169,18.69],[80.294,18.713],[80.352,18.592],[80.372,18.615],[80.39,18.604],[80.388,18.477],[80.443,18.45],[80.466,18.419],[80.491,18.292],[80.697,18.159],[80.776,18.023],[80.84,17.996],[80.89,17.938],[80.868,17.775],[80.896,17.71],[80.886,17.655],[80.896,17.641],[80.994,17.639],[81.019,17.586],[81.067,17.607],[81.116,17.607],[81.149,17.572],[81.254,17.561],[81.303,17.487],[81.373,17.487],[81.412,17.458],[81.505,17.464],[81.615,17.391],[81.617,17.336],[81.67,17.305],[81.651,17.196],[81.685,17.111],[81.75,17.031],[81.759,16.966],[81.729,16.915],[81.734,16.885],[81.767,16.779],[81.8,16.737],[81.797,16.704],[81.863,16.578],[81.831,16.477],[81.795,16.463],[81.748,16.417],[81.717,16.442],[81.704,16.429],[81.711,16.312]],[[81.759,16.955],[81.772,16.892],[81.837,16.785],[81.9,16.754],[81.931,16.716],[82.073,16.681],[82.214,16.71],[82.342,16.701]]]}},{"type":"Feature","properties":{"rank":5},"geometry":{"type":"LineString","coordinates":[[60.91,51.668],[60.948,51.623],[60.933,51.598],[60.944,51.544],[61.028,51.482],[61.304,51.453],[61.355,51.459],[61.479,51.425],[61.51,51.445],[61.503,51.465],[61.551,51.474],[61.625,51.542],[61.603,51.597],[61.622,51.615],[61.58,51.722],[61.571,51.867],[61.544,51.915],[61.578,51.959],[61.563,52.011],[61.584,52.05],[61.534,52.152],[61.482,52.182],[61.489,52.223],[61.521,52.272],[61.592,52.289],[61.599,52.341],[61.736,52.429],[61.744,52.451],[61.728,52.48],[62.152,52.489],[62.734,52.649],[62.787,52.688],[62.79,52.765],[62.846,52.803],[62.866,52.837],[63.035,52.882],[63.098,52.944],[63.175,52.953],[63.364,53.025],[63.486,53.05],[63.523,53.091],[63.565,53.111],[63.559,53.133],[63.609,53.199],[63.709,53.261],[63.75,53.321],[63.812,53.337],[63.887,53.453],[63.901,53.529],[63.879,53.615],[63.795,53.718],[63.819,53.755],[63.743,53.837],[63.755,53.867],[63.741,53.921],[63.793,53.938],[63.768,54.001],[63.774,54.033],[63.866,54.063],[63.833,54.127],[63.884,54.142],[63.907,54.207],[64.007,54.228],[64.024,54.255],[63.978,54.296],[64.004,54.32],[64.047,54.302],[64.093,54.324],[64.176,54.32],[64.293,54.353],[64.432,54.351],[64.466,54.372],[64.536,54.368],[64.623,54.406],[64.763,54.419],[64.801,54.445],[64.85,54.518],[64.843,54.561],[64.874,54.581],[64.882,54.632],[65.016,54.707],[65.014,54.722],[64.956,54.749],[64.997,54.769],[64.97,54.811],[65.025,54.844],[64.954,54.917],[64.953,54.933],[64.996,54.954],[64.971,54.971],[64.969,54.991],[65.036,55.049],[65.065,55.125],[65.186,55.173],[65.203,55.221],[65.267,55.283],[65.284,55.314],[65.217,55.398],[65.253,55.424],[65.404,55.449],[65.464,55.53],[65.55,55.599],[65.601,55.697],[65.604,55.736],[65.62,55.745],[65.62,55.832],[65.66,55.836],[65.702,55.869],[65.664,55.955],[65.663,55.979],[65.688,56.0]]}},{"type":"Feature","properties":{"rank":5},"geometry":{"type":"LineString","coordinates":[[73.604,37.446],[73.484,37.481],[73.44,37.48],[73.377,37.452],[73.32,37.467],[73.275,37.459],[73.211,37.408],[73.169,37.408],[73.131,37.384],[73.067,37.315],[72.995,37.309],[72.901,37.254],[72.79,37.22],[72.657,37.029]]}},{"type":"Feature","properties":{"rank":1},"geometry":{"type":"MultiLineString","coordinates":[[[112.781,29.743],[112.885,29.791],[112.912,29.764],[112.936,29.693],[113.019,29.77],[113.005,29.706],[112.913,29.634],[112.927,29.495],[112.953,29.476],[113.007,29.518],[113.032,29.518],[113.054,29.443],[113.075,29.447],[113.084,29.494],[113.127,29.462]],[[103.85,28.668],[103.866,28.675],[103.877,28.63],[103.972,28.613],[104.047,28.633],[104.091,28.612],[104.139,28.633],[104.232,28.639],[104.248,28.661],[104.311,28.63],[104.363,28.647],[104.456,28.643],[104.588,28.728],[104.599,28.784],[104.757,28.798],[104.803,28.828],[104.858,28.817],[104.922,28.776],[104.991,28.841],[105.029,28.819],[105.018,28.756],[105.115,28.713],[105.15,28.732],[105.164,28.787],[105.236,28.749],[105.339,28.783],[105.384,28.869],[105.435,28.883],[105.459,28.911],[105.497,28.886],[105.542,28.899],[105.559,28.915],[105.545,28.951],[105.56,28.961],[105.622,28.942],[105.639,28.887],[105.709,28.894],[105.775,28.928],[105.812,28.839],[105.845,28.825],[105.877,28.836],[105.897,28.863],[105.894,28.9],[105.873,28.914],[105.869,28.946],[105.818,28.957],[105.88,29.047],[105.99,29.064],[106.025,29.106],[106.089,29.081],[106.14,29.09],[106.117,29.164],[106.162,29.229],[106.237,29.246],[106.25,29.264],[106.244,29.29],[106.308,29.276],[106.37,29.292],[106.392,29.336],[106.463,29.397],[106.524,29.408],[106.498,29.48],[106.536,29.494],[106.534,29.544],[106.581,29.568],[106.596,29.624],[106.621,29.627],[106.68,29.572],[106.775,29.617],[106.842,29.593],[106.963,29.756],[107.07,29.823],[107.095,29.804],[107.117,29.74],[107.183,29.688],[107.221,29.691],[107.334,29.75],[107.399,29.728],[107.425,29.78],[107.473,29.824],[107.458,29.884],[107.478,29.899],[107.635,29.853],[107.686,29.864],[107.744,29.903],[107.849,30.004],[107.868,30.113],[107.928,30.155],[107.943,30.209],[107.992,30.233],[108.02,30.299],[108.074,30.331],[108.094,30.313],[108.118,30.317],[108.087,30.36],[108.231,30.449],[108.348,30.638],[108.409,30.709],[108.424,30.75],[108.409,30.795],[108.416,30.833],[108.497,30.862],[108.522,30.911],[108.642,30.948],[108.745,30.922],[108.877,30.959],[109.012,30.949],[109.176,30.976],[109.296,30.965],[109.43,30.996],[109.497,31.034],[109.573,31.042],[109.67,30.997],[109.784,31.053],[109.955,31.073],[110.042,31.026],[110.149,31.038],[110.281,31.021],[110.355,31.052],[110.443,31.025],[110.532,31.031],[110.583,31.004],[110.657,30.997],[110.801,30.943],[110.85,30.893],[110.965,30.874],[111.018,30.829],[111.124,30.852],[111.161,30.826],[111.158,30.788],[111.263,30.756],[111.277,30.741],[111.267,30.709],[111.391,30.585],[111.448,30.47],[111.444,30.423],[111.527,30.401],[111.499,30.333],[111.55,30.271],[111.592,30.281],[111.629,30.356],[111.678,30.395],[111.797,30.428],[111.881,30.418],[111.997,30.291],[112.195,30.307],[112.239,30.295],[112.268,30.264],[112.27,30.223],[112.192,30.134],[112.196,30.092],[112.352,30.059],[112.417,29.993],[112.425,29.948],[112.384,29.863],[112.368,29.726],[112.466,29.778],[112.532,29.774],[112.548,29.823],[112.575,29.846],[112.6,29.839],[112.59,29.774],[112.61,29.709],[112.636,29.713],[112.637,29.805],[112.654,29.822],[112.714,29.822],[112.764,29.789],[112.692,29.764],[112.693,29.747],[112.721,29.738],[112.788,29.743]]]}},{"type":"Feature","properties":{"rank":5},"geometry":{"type":"LineString","coordinates":[[72.657,37.029],[72.474,36.997],[72.405,37.007],[72.259,36.967],[72.126,36.872],[71.797,36.686],[71.652,36.687],[71.576,36.733],[71.528,36.856],[71.462,36.948],[71.459,37.011],[71.43,37.067],[71.449,37.216],[71.486,37.267],[71.493,37.307],[71.486,37.409],[71.51,37.486],[71.496,37.566],[71.54,37.709],[71.529,37.761],[71.589,37.815],[71.597,37.898],[71.536,37.944],[71.5,37.946],[71.34,37.893],[71.257,37.926],[71.272,37.998],[71.358,38.184],[71.357,38.251],[71.334,38.28],[71.217,38.326],[71.116,38.398],[71.049,38.408],[71.008,38.458],[70.973,38.473],[70.942,38.466],[70.935,38.433],[70.87,38.453],[70.842,38.44],[70.776,38.446],[70.741,38.419],[70.664,38.405],[70.684,38.386],[70.676,38.375],[70.599,38.347],[70.582,38.275],[70.546,38.262],[70.469,38.12],[70.253,37.973],[70.261,37.939],[70.214,37.929],[70.171,37.946],[70.164,37.89],[70.195,37.84],[70.246,37.819],[70.274,37.774],[70.282,37.705],[70.253,37.631],[70.215,37.617],[70.157,37.541],[70.128,37.532],[70.007,37.549],[69.954,37.575],[69.918,37.617],[69.801,37.581],[69.753,37.596],[69.664,37.576],[69.528,37.586],[69.508,37.579],[69.49,37.537],[69.384,37.453],[69.376,37.38],[69.39,37.37],[69.385,37.341],[69.417,37.267],[69.409,37.245],[69.444,37.236],[69.407,37.177],[69.323,37.121],[69.245,37.104],[69.123,37.169],[68.984,37.32],[68.887,37.338],[68.917,37.302],[68.915,37.279],[68.889,37.282],[68.856,37.325],[68.835,37.329],[68.809,37.312],[68.819,37.251],[68.759,37.275],[68.668,37.278],[68.657,37.267],[68.67,37.247],[68.648,37.244],[68.626,37.206],[68.551,37.192],[68.523,37.164],[68.403,37.151],[68.417,37.128],[68.391,37.105],[68.307,37.114],[68.28,37.086],[68.277,37.01],[68.212,37.021]]}},{"type":"Feature","properties":{"rank":5},"geometry":{"type":"LineString","coordinates":[[68.212,37.021],[68.019,36.925],[67.877,37.064],[67.807,37.083],[67.772,37.11],[67.78,37.189],[67.746,37.229],[67.677,37.233],[67.632,37.254],[67.591,37.247],[67.561,37.22],[67.525,37.273],[67.502,37.282],[67.39,37.219],[67.258,37.185],[67.236,37.192],[67.187,37.258],[67.122,37.282],[67.097,37.34],[67.005,37.384],[66.734,37.363],[66.693,37.343],[66.538,37.369],[66.45,37.323],[66.413,37.349],[66.293,37.331],[66.218,37.375],[66.142,37.385],[66.079,37.441],[65.854,37.508],[65.796,37.569],[65.648,37.603],[65.551,37.664],[65.402,37.711],[65.307,37.708],[65.265,37.727],[65.146,37.943],[65.086,38.007],[64.936,38.103],[64.568,38.218],[64.37,38.327],[64.281,38.441],[64.154,38.531],[64.072,38.681],[63.977,38.747],[63.962,38.844],[63.879,38.956],[63.754,39.003],[63.686,39.091],[63.558,39.138],[63.468,39.22],[63.379,39.248],[63.257,39.323],[63.089,39.323],[63.022,39.35],[62.982,39.406],[62.997,39.48],[62.99,39.55],[62.924,39.584],[62.879,39.652],[62.753,39.666],[62.702,39.743],[62.616,39.78],[62.609,39.812],[62.544,39.868],[62.524,39.94],[62.452,40.009],[62.421,40.115],[62.435,40.194],[62.404,40.245],[62.352,40.43],[62.191,40.499],[62.133,40.578],[62.099,40.66],[62.036,40.736],[61.982,40.885],[61.978,40.999],[61.896,41.109],[61.653,41.249],[61.566,41.278],[61.432,41.3],[61.41,41.292],[61.387,41.235],[61.287,41.27],[61.256,41.331],[61.19,41.389],[61.091,41.413],[61.024,41.464],[60.975,41.478],[60.705,41.667],[60.651,41.756],[60.549,41.777],[60.461,41.9],[60.458,41.966],[60.303,42.01],[60.276,42.044],[60.252,42.129],[60.0,42.288]]}},{"type":"Feature","properties":{"rank":1},"geometry":{"type":"MultiLineString","coordinates":[[[119.606,32.196],[119.572,32.191],[119.504,32.239],[119.365,32.234],[119.252,32.2],[119.078,32.232],[118.909,32.173],[118.774,32.187],[118.689,32.062],[118.498,31.851],[118.426,31.724],[118.379,31.556],[118.302,31.438],[118.324,31.371],[118.315,31.308],[118.22,31.291],[118.06,31.233],[118.014,31.237],[117.995,31.208],[117.988,31.122],[117.952,31.093],[117.907,31.087],[117.856,31.14],[117.793,31.124],[117.766,31.092],[117.768,31.006],[117.697,30.803],[117.429,30.702],[117.226,30.673],[117.232,30.555],[117.209,30.514],[117.15,30.494],[117.007,30.483],[116.892,30.423],[116.888,30.402],[116.921,30.337],[116.906,30.27],[116.808,30.102],[116.716,30.059],[116.636,30.043],[116.575,29.99],[116.512,29.894],[116.389,29.876],[116.265,29.788],[116.11,29.786],[115.998,29.744],[115.888,29.731],[115.743,29.808],[115.704,29.86],[115.534,29.854],[115.463,29.871],[115.426,29.895],[115.386,29.969],[115.33,30.018],[115.275,30.12],[115.189,30.208],[115.072,30.236],[115.061,30.27],[115.072,30.341],[115.052,30.369],[114.987,30.407],[114.86,30.418],[114.829,30.441],[114.808,30.526],[114.851,30.576],[114.844,30.605],[114.731,30.609],[114.6,30.574],[114.566,30.593],[114.502,30.673],[114.429,30.69],[114.354,30.656],[114.296,30.586]],[[116.197,29.751],[116.207,29.779]],[[113.127,29.462],[113.415,29.764],[113.607,29.89],[113.664,29.954],[113.687,29.963],[113.706,29.928],[113.748,29.919],[113.792,29.933],[113.923,30.033],[114.062,30.088],[114.064,30.124],[113.983,30.185],[113.94,30.203],[113.874,30.184],[113.858,30.195],[113.857,30.231],[113.927,30.288],[113.968,30.291],[114.018,30.24],[114.039,30.229],[114.053,30.24],[114.106,30.352],[114.241,30.497],[114.303,30.593]]]}},{"type":"Feature","properties":{"rank":5},"geometry":{"type":"MultiLineString","coordinates":[[[106.422,10.316],[106.354,10.338],[106.139,10.296]],[[106.139,10.296],[106.003,10.321],[105.935,10.286]],[[106.139,10.296],[106.139,10.296]],[[106.292,10.261],[106.198,10.239],[106.139,10.296]]]}},{"type":"Feature","properties":{"rank":6},"geometry":{"type":"LineString","coordinates":[[143.065,43.699],[142.927,43.758],[142.884,43.809],[142.789,43.83],[142.667,43.9],[142.524,43.877],[142.352,43.763],[142.315,43.772],[142.172,43.71],[142.042,43.696],[141.902,43.62],[141.885,43.569],[141.899,43.489],[141.871,43.47],[141.868,43.433],[141.825,43.386],[141.659,43.295],[141.657,43.22],[141.597,43.127],[141.561,43.116],[141.477,43.138],[141.411,43.174],[141.357,43.237]]}},{"type":"Feature","properties":{"rank":6},"geometry":{"type":"LineString","coordinates":[[77.524,35.52],[77.657,35.591],[77.681,35.619],[77.709,35.753],[77.688,35.784],[77.552,35.879],[77.543,35.903],[77.642,36.079],[77.759,36.142],[77.757,36.171],[77.627,36.199],[77.531,36.267],[77.538,36.287],[77.49,36.342],[77.498,36.372],[77.45,36.429],[77.25,36.459],[77.158,36.446],[77.079,36.459],[76.828,36.383],[76.749,36.404],[76.643,36.4],[76.493,36.432],[76.42,36.552],[76.369,36.564],[76.274,36.619],[76.191,36.634],[76.102,36.688],[76.058,36.76],[76.015,36.885],[75.962,36.945],[75.924,36.956],[75.92,36.971],[76.008,37.093],[76.015,37.177],[75.969,37.206],[75.906,37.317],[75.954,37.328],[75.974,37.292],[76.079,37.288],[76.106,37.274],[76.143,37.312],[76.184,37.326],[76.191,37.363],[76.249,37.418],[76.229,37.459],[76.236,37.544],[76.222,37.582],[76.236,37.596],[76.181,37.733],[76.207,37.81],[76.167,37.837],[76.201,37.85],[76.219,37.891],[76.267,37.896],[76.276,37.966],[76.363,37.987],[76.425,37.97],[76.518,37.994],[76.546,37.982],[76.537,37.931],[76.674,37.906],[76.727,37.881],[76.775,37.882],[76.942,38.035],[77.002,38.06],[77.019,38.091],[77.209,38.233],[77.381,38.339],[77.393,38.354],[77.329,38.583],[77.366,38.604],[77.387,38.666],[77.449,38.699],[77.483,38.796],[77.572,38.871],[77.581,38.891],[77.555,39.006],[77.617,39.039],[77.623,39.093],[77.647,39.138],[77.668,39.131],[77.71,39.16],[77.734,39.148],[77.748,39.192],[77.866,39.275],[77.929,39.296],[77.943,39.332],[78.004,39.371],[78.069,39.382],[78.087,39.412],[78.214,39.483],[78.47,39.584],[78.49,39.576],[78.552,39.604],[78.565,39.563],[78.586,39.558],[78.689,39.604],[78.819,39.611],[78.833,39.645],[78.902,39.617],[78.956,39.638],[78.974,39.627],[79.018,39.634],[79.13,39.695],[79.244,39.707],[79.347,39.739],[79.457,39.828],[79.59,39.837],[79.77,39.948],[79.852,39.971],[79.87,39.994],[79.907,40.004],[79.928,40.062],[79.957,40.078],[80.065,40.09],[80.155,40.126],[80.211,40.18],[80.259,40.187],[80.285,40.214],[80.346,40.231],[80.381,40.31],[80.435,40.343],[80.466,40.404],[80.522,40.406],[80.617,40.445],[80.642,40.434],[80.795,40.452],[80.82,40.427],[80.887,40.467]]}},{"type":"Feature","properties":{"rank":6},"geometry":{"type":"LineString","coordinates":[[123.553,43.483],[123.603,43.439],[123.633,43.37],[123.628,43.346],[123.574,43.294],[123.539,43.085],[123.515,43.047],[123.526,42.99],[123.589,42.935],[123.601,42.818],[123.56,42.702],[123.579,42.674],[123.609,42.674],[123.649,42.62],[123.694,42.597],[123.683,42.579],[123.762,42.534],[123.766,42.496],[123.8,42.469],[123.793,42.428],[123.807,42.411],[123.863,42.417],[123.897,42.4],[123.894,42.379],[123.798,42.304],[123.757,42.305],[123.738,42.291],[123.706,42.306],[123.647,42.298],[123.622,42.256],[123.588,42.256],[123.557,42.209],[123.383,42.141],[123.351,42.161],[123.249,42.174],[123.195,42.158],[123.16,42.124],[123.089,42.117],[123.051,42.101],[123.033,42.072],[122.96,42.054],[122.971,42.044],[122.924,41.982],[122.93,41.969],[122.889,41.962],[122.924,41.941],[122.914,41.923],[122.854,41.879],[122.862,41.872],[122.829,41.84],[122.784,41.83],[122.758,41.797],[122.786,41.79],[122.766,41.766],[122.774,41.74],[122.743,41.734],[122.739,41.694],[122.69,41.663],[122.704,41.585],[122.643,41.531],[122.622,41.458],[122.656,41.379],[122.641,41.305],[122.477,41.199],[122.397,41.176],[122.388,41.136],[122.414,41.086],[122.409,41.002],[122.341,40.995],[122.334,40.926],[122.323,40.942],[122.313,40.906],[122.278,40.865],[122.203,40.851],[122.18,40.868],[122.177,40.844],[122.11,40.808],[122.115,40.783],[122.19,40.715],[122.258,40.693],[122.209,40.682],[122.165,40.71],[122.156,40.701]]}},{"type":"Feature","properties":{"rank":6},"geometry":{"type":"MultiLineString","coordinates":[[[112.993,29.147],[113.0,29.216],[113.034,29.288],[113.047,29.363],[113.07,29.389]],[[112.904,29.031],[112.843,28.931],[112.766,28.892],[112.642,28.861],[112.539,28.865],[112.507,28.831],[112.47,28.819],[112.435,28.82],[112.361,28.891],[112.333,28.9],[112.307,28.843],[112.272,28.849],[112.186,28.914],[112.007,28.95],[111.992,28.984]]]}},{"type":"Feature","properties":{"rank":6},"geometry":{"type":"MultiLineString","coordinates":[[[113.069,29.387],[113.127,29.462]],[[112.904,29.031],[112.942,29.065],[112.944,29.114],[112.993,29.147]],[[107.504,26.337],[107.493,26.305],[107.499,26.205],[107.595,26.14],[107.656,26.16],[107.712,26.225],[107.719,26.268],[107.803,26.404],[107.807,26.441],[107.779,26.491],[107.789,26.512],[107.861,26.543],[107.875,26.564],[107.936,26.581],[108.028,26.723],[108.152,26.796],[108.18,26.831],[108.237,26.853],[108.312,26.857],[108.351,26.824],[108.396,26.832],[108.396,26.769],[108.416,26.776],[108.43,26.749],[108.496,26.732],[108.497,26.696],[108.519,26.687],[108.519,26.672],[108.581,26.646],[108.581,26.659],[108.625,26.591],[108.702,26.696],[108.762,26.694],[108.758,26.633],[108.821,26.611],[108.868,26.557],[108.905,26.555],[108.924,26.591],[108.939,26.585],[109.032,26.633],[109.066,26.591],[109.101,26.625],[109.129,26.625],[109.19,26.666],[109.214,26.718],[109.259,26.759],[109.307,26.769],[109.389,26.837],[109.369,26.851],[109.381,26.872],[109.453,26.912],[109.444,26.981],[109.458,27.033],[109.41,27.067],[109.414,27.08],[109.468,27.078],[109.486,27.112],[109.52,27.078],[109.535,27.118],[109.591,27.139],[109.625,27.132],[109.663,27.194],[109.678,27.126],[109.732,27.132],[109.752,27.146],[109.747,27.187],[109.763,27.209],[109.896,27.146],[110.002,27.126],[110.013,27.139],[109.995,27.145],[110.054,27.207],[110.087,27.283],[110.135,27.297],[110.124,27.344],[110.193,27.382],[110.277,27.52],[110.292,27.568],[110.269,27.608],[110.273,27.632],[110.293,27.625],[110.329,27.643],[110.324,27.676],[110.358,27.685],[110.376,27.714],[110.336,27.772],[110.378,27.836],[110.378,27.866],[110.342,27.866],[110.324,27.911],[110.244,27.908],[110.25,27.943],[110.287,27.968],[110.146,28.016],[110.135,28.058],[110.102,28.096],[110.143,28.099],[110.139,28.143],[110.165,28.154],[110.156,28.167],[110.204,28.225],[110.17,28.246],[110.164,28.29],[110.232,28.284],[110.321,28.393],[110.389,28.428],[110.363,28.437],[110.403,28.472],[110.403,28.513],[110.445,28.523],[110.451,28.577],[110.515,28.6],[110.506,28.659],[110.667,28.669],[110.791,28.754],[110.972,28.81],[111.003,28.804],[111.013,28.782],[111.081,28.82],[111.091,28.848],[111.12,28.866],[111.143,28.832],[111.205,28.813],[111.221,28.758],[111.339,28.752],[111.368,28.786],[111.404,28.79],[111.425,28.832],[111.462,28.842],[111.467,28.893],[111.493,28.921],[111.531,29.034],[111.561,29.051],[111.585,29.046],[111.591,28.977],[111.603,28.969],[111.631,28.976],[111.665,29.039],[111.696,29.026],[111.698,28.995],[111.718,28.976],[111.795,28.97],[111.814,28.99],[111.801,29.009],[111.822,29.02],[111.9,28.982],[111.986,29.003],[111.992,28.984]]]}},{"type":"Feature","properties":{"rank":6},"geometry":{"type":"MultiLineString","coordinates":[[[76.764,31.408],[76.736,31.391],[76.75,31.358],[76.736,31.308],[76.693,31.312],[76.683,31.278],[76.649,31.267],[76.609,31.288],[76.491,31.41],[76.469,31.425],[76.435,31.422]],[[81.294,30.791],[81.199,30.852]]]}},{"type":"Feature","properties":{"rank":6},"geometry":{"type":"MultiLineString","coordinates":[[[76.435,31.422],[76.4,31.429],[76.366,31.402],[76.378,31.338],[76.437,31.242],[76.553,31.17],[76.587,31.078],[76.538,31.058],[76.538,31.004],[76.505,30.977],[76.459,30.971],[76.395,31.011],[76.332,31.004],[76.291,31.018],[76.27,31.004],[76.208,31.018],[76.082,30.99],[75.999,30.994],[75.922,31.022],[75.829,30.997],[75.606,30.99],[75.539,30.972],[75.395,30.985],[75.233,31.06],[75.197,31.052],[75.177,31.089],[75.118,31.1],[75.125,31.121],[75.033,31.183],[74.836,31.158],[74.761,31.108],[74.708,31.114],[74.6,31.056],[74.519,30.962],[74.441,30.946],[74.4,30.893],[74.318,30.893],[74.299,30.838],[74.256,30.815],[74.266,30.788],[74.19,30.717],[74.163,30.665],[74.067,30.61],[74.057,30.531],[74.003,30.509],[73.938,30.426],[73.899,30.422],[73.905,30.395],[73.867,30.387],[73.844,30.357],[73.769,30.367],[73.664,30.317],[73.589,30.322],[73.539,30.277],[73.417,30.224],[73.34,30.216],[73.344,30.181],[73.296,30.161],[73.279,30.128],[73.233,30.17],[73.212,30.149],[73.225,30.125],[73.139,30.086],[73.053,30.093],[73.033,30.055],[72.932,29.982],[72.922,30.003],[72.888,30.004],[72.834,29.963],[72.767,29.943],[72.728,29.906],[72.635,29.892],[72.618,29.825],[72.473,29.853],[72.362,29.838],[72.345,29.807],[72.281,29.771],[72.249,29.711],[72.196,29.713],[72.172,29.681],[72.184,29.671],[72.148,29.659],[72.166,29.579],[72.064,29.546],[71.984,29.491],[71.913,29.49],[71.918,29.469],[71.901,29.462],[71.806,29.477],[71.788,29.449],[71.763,29.461],[71.719,29.442],[71.693,29.477],[71.667,29.473],[71.589,29.408],[71.597,29.387],[71.514,29.39],[71.494,29.408],[71.482,29.37],[71.467,29.366],[71.439,29.408],[71.388,29.366],[71.363,29.373],[71.349,29.408],[71.323,29.38],[71.301,29.4],[71.315,29.414],[71.271,29.428],[71.218,29.386],[71.184,29.421],[71.144,29.384],[71.11,29.377],[71.097,29.389],[71.021,29.366]],[[81.199,30.852],[81.183,30.896],[81.15,30.919],[80.951,30.978],[80.894,31.034],[80.755,31.124],[80.628,31.121],[80.563,31.096],[80.545,31.066],[80.502,31.048],[80.39,31.069],[80.285,31.114],[80.231,31.159],[80.152,31.185],[80.086,31.26],[80.012,31.29],[79.998,31.306],[80.001,31.343],[79.93,31.402],[79.885,31.471],[79.806,31.497],[79.679,31.487],[79.525,31.509],[79.443,31.553],[79.422,31.586],[79.354,31.633],[79.299,31.635],[79.244,31.672],[79.121,31.696],[79.031,31.685],[78.99,31.648],[78.948,31.66],[78.842,31.805],[78.769,31.808],[78.717,31.847],[78.654,31.824],[78.627,31.765],[78.556,31.75],[78.538,31.718],[78.454,31.675],[78.429,31.633],[78.442,31.6],[78.292,31.6],[78.261,31.521],[78.189,31.512],[77.968,31.571],[77.829,31.563],[77.703,31.504],[77.628,31.447],[77.631,31.4],[77.555,31.389],[77.538,31.354],[77.368,31.358],[77.307,31.276],[77.159,31.24],[77.129,31.241],[76.993,31.306],[76.929,31.367],[76.882,31.368],[76.884,31.414],[76.825,31.429],[76.764,31.408]],[[81.375,30.758],[81.33,30.764],[81.293,30.792]]]}},{"type":"Feature","properties":{"rank":6},"geometry":{"type":"LineString","coordinates":[[87.755,51.364],[87.768,51.39],[87.756,51.446],[87.68,51.597],[87.662,51.726],[87.63,51.744],[87.392,51.761]]}},{"type":"Feature","properties":{"rank":6},"geometry":{"type":"LineString","coordinates":[[87.392,51.761],[87.359,51.785],[87.238,51.798],[87.104,51.877],[87.104,51.918],[87.077,51.953],[87.135,51.99],[87.094,52.057],[87.098,52.117],[87.084,52.152],[87.091,52.227],[87.125,52.258],[87.114,52.269],[87.043,52.281],[87.036,52.316],[86.938,52.365],[86.902,52.45],[86.763,52.463],[86.727,52.498],[86.615,52.539],[86.558,52.596],[86.46,52.639],[86.341,52.612],[86.356,52.559],[86.31,52.507],[86.188,52.528],[86.147,52.604],[86.057,52.635],[85.953,52.603],[85.951,52.567],[85.903,52.561],[85.754,52.577],[85.709,52.611],[85.494,52.584],[85.453,52.562],[85.285,52.567],[85.169,52.481],[85.099,52.467],[85.056,52.433]]}},{"type":"Feature","properties":{"rank":2},"geometry":{"type":"LineString","coordinates":[[98.007,47.998],[97.93,47.991],[97.822,48.04],[97.654,48.046],[97.616,48.074],[97.554,48.078],[97.511,48.107],[97.495,48.14],[97.397,48.162],[97.392,48.224],[97.459,48.318],[97.437,48.474],[97.514,48.54],[97.542,48.594],[97.719,48.702],[97.802,48.739],[97.981,48.769],[98.009,48.768],[98.021,48.744],[98.103,48.725],[98.205,48.739],[98.644,48.731],[98.717,48.716],[98.794,48.726],[99.146,48.625],[99.306,48.608],[99.365,48.622],[99.432,48.693],[99.912,48.846],[99.963,48.885],[100.067,48.922],[100.238,48.958],[100.227,48.984],[100.274,49.012],[100.394,49.02],[100.433,49.074],[100.473,49.059],[100.59,49.078],[100.597,49.101],[100.681,49.159],[100.699,49.263]]}},{"type":"Feature","properties":{"rank":6},"geometry":{"type":"LineString","coordinates":[[111.477,32.567],[111.447,32.581],[111.364,32.574],[111.138,32.689],[111.045,32.703],[111.0,32.74]]}},{"type":"Feature","properties":{"rank":6},"geometry":{"type":"MultiLineString","coordinates":[[[106.398,33.067],[106.473,33.115],[106.665,33.143],[106.7,33.122],[106.864,33.136],[107.015,33.038],[107.058,33.033],[107.073,33.012],[107.114,33.046],[107.156,33.047],[107.188,33.088],[107.323,33.101],[107.357,33.136],[107.42,33.136],[107.534,33.215],[107.547,33.19],[107.623,33.187],[107.644,33.17],[107.735,33.177],[107.779,33.155],[107.832,33.191],[107.863,33.242],[107.888,33.243],[107.955,33.206],[107.937,33.134],[107.955,33.123],[107.956,33.08],[107.977,33.086],[108.047,33.037],[108.101,33.046],[108.219,33.032],[108.274,33.005],[108.274,32.97],[108.245,32.916],[108.258,32.882],[108.237,32.839],[108.252,32.827],[108.286,32.834],[108.286,32.799],[108.312,32.769],[108.437,32.724],[108.396,32.703],[108.416,32.662],[108.439,32.666],[108.471,32.633],[108.448,32.599],[108.498,32.566],[108.522,32.528],[108.601,32.505],[108.622,32.484],[108.681,32.504],[108.697,32.491],[108.758,32.537],[108.774,32.566],[108.759,32.607],[108.777,32.614],[108.779,32.635],[108.8,32.607],[108.818,32.618],[108.851,32.586],[108.855,32.609],[108.89,32.611],[108.903,32.642],[108.996,32.656],[109.032,32.711],[109.086,32.724],[109.133,32.783],[109.298,32.747],[109.334,32.758],[109.389,32.838],[109.411,32.844],[109.403,32.868],[109.438,32.86],[109.514,32.883],[109.533,32.909],[109.565,32.883],[109.602,32.916],[109.65,32.904],[109.718,32.948],[109.739,32.936]],[[109.739,32.929],[109.809,32.893],[109.898,32.914],[109.992,32.888],[110.095,32.841],[110.123,32.813],[110.215,32.813],[110.274,32.789],[110.397,32.858],[110.411,32.856],[110.403,32.834],[110.418,32.829],[110.462,32.841],[110.507,32.813],[110.591,32.829],[110.588,32.807],[110.616,32.82],[110.636,32.793],[110.705,32.799],[110.685,32.82],[110.746,32.861],[110.824,32.814],[110.866,32.834],[110.902,32.81],[110.993,32.807],[110.958,32.781],[111.0,32.74]],[[111.477,32.567],[111.492,32.53],[111.547,32.484],[111.643,32.434],[111.665,32.402],[111.633,32.349],[111.637,32.327],[111.699,32.265],[111.693,32.224],[111.801,32.135],[111.827,32.078],[111.953,32.094],[111.993,32.082],[112.026,32.046],[112.192,32.021],[112.192,31.991],[112.164,31.951],[112.22,31.883],[112.177,31.797],[112.268,31.737],[112.336,31.724],[112.369,31.692],[112.406,31.606],[112.452,31.55],[112.438,31.484],[112.452,31.443],[112.402,31.358],[112.404,31.333],[112.5,31.241],[112.567,31.215],[112.548,31.151],[112.584,31.086],[112.517,31.1],[112.508,31.063],[112.567,30.941],[112.577,30.877],[112.678,30.833],[112.63,30.823],[112.649,30.783],[112.596,30.676],[112.624,30.657],[112.719,30.651],[112.678,30.62],[112.692,30.552],[112.771,30.586],[112.816,30.517],[112.874,30.496],[112.881,30.555],[112.918,30.573],[112.969,30.524],[113.063,30.517],[113.062,30.478],[113.107,30.483],[113.124,30.442],[113.165,30.449],[113.196,30.428],[113.289,30.428],[113.466,30.395],[113.5,30.408],[113.545,30.473],[113.607,30.511],[113.646,30.586],[113.748,30.627],[113.789,30.6],[113.83,30.62],[113.834,30.599],[113.816,30.586],[113.83,30.575],[113.852,30.603],[113.84,30.648],[113.92,30.632],[113.941,30.678],[113.995,30.624],[114.027,30.616],[114.031,30.593],[114.17,30.598],[114.289,30.566]]]}},{"type":"Feature","properties":{"rank":6},"geometry":{"type":"LineString","coordinates":[[83.857,21.52],[83.833,21.532],[83.714,21.694],[83.665,21.724],[83.575,21.747],[83.548,21.74],[83.502,21.666],[83.467,21.645],[83.39,21.692],[83.299,21.695]]}},{"type":"Feature","properties":{"rank":6},"geometry":{"type":"MultiLineString","coordinates":[[[83.856,21.52],[83.933,21.492],[83.98,21.431],[83.974,21.39],[83.897,21.307],[83.909,21.204],[83.83,21.054],[83.832,20.93],[83.964,20.835],[84.048,20.814],[84.206,20.89],[84.291,20.876],[84.313,20.867],[84.329,20.8],[84.364,20.757],[84.544,20.724],[84.707,20.629],[84.781,20.521],[84.895,20.518],[85.016,20.438],[85.169,20.378],[85.233,20.396],[85.277,20.363],[85.344,20.356],[85.397,20.381],[85.504,20.379],[85.644,20.457],[85.682,20.437],[85.723,20.437],[85.772,20.471],[85.865,20.445],[85.956,20.364],[86.011,20.366],[86.063,20.261],[86.145,20.212],[86.158,20.143]],[[80.625,20.598],[80.638,20.645],[80.614,20.698],[80.632,20.753],[80.755,20.784],[80.896,21.003],[81.03,21.065],[81.088,21.054],[81.134,21.095],[81.231,21.102],[81.245,21.174],[81.235,21.228],[81.265,21.239],[81.31,21.359],[81.362,21.42],[81.356,21.487],[81.389,21.573],[81.423,21.586],[81.427,21.614],[81.519,21.612],[81.593,21.64],[81.609,21.595],[81.674,21.575],[81.689,21.585],[81.697,21.63],[81.668,21.661],[81.717,21.701],[81.7,21.758],[81.878,21.781],[81.972,21.856],[82.044,21.89],[82.109,21.849],[82.17,21.851],[82.199,21.774],[82.276,21.76],[82.324,21.719],[82.444,21.753],[82.503,21.74],[82.53,21.753],[82.577,21.729],[82.674,21.719],[82.695,21.733],[82.755,21.719],[82.806,21.735],[82.852,21.702],[83.017,21.735],[83.078,21.711],[83.115,21.726],[83.299,21.695]]]}},{"type":"Feature","properties":{"rank":6},"geometry":{"type":"LineString","coordinates":[[115.981,29.279],[116.051,29.332],[116.045,29.423],[116.127,29.517],[116.161,29.651],[116.16,29.703],[116.197,29.751]]}},{"type":"Feature","properties":{"rank":6},"geometry":{"type":"LineString","coordinates":[[114.412,24.707],[114.501,24.708],[114.521,24.746],[114.575,24.766],[114.625,24.83],[114.706,24.875],[114.727,24.871],[114.748,24.912],[114.768,24.904],[114.765,24.963],[114.784,25.018],[114.779,25.055],[114.741,25.1],[114.817,25.138],[114.886,25.157],[114.905,25.148],[114.899,25.193],[114.869,25.229],[114.865,25.265],[114.898,25.304],[114.878,25.337],[114.919,25.358],[114.924,25.388],[114.955,25.401],[114.953,25.461],[115.003,25.505],[115.002,25.621],[115.083,25.706],[115.11,25.85],[115.079,25.892],[115.023,25.893],[115.007,25.858],[114.983,25.85],[114.953,25.857],[114.93,25.884],[114.94,25.94],[114.908,25.947],[114.897,25.966],[114.917,26.02],[114.953,26.057],[114.957,26.091],[114.892,26.132],[114.924,26.207],[114.953,26.214],[114.919,26.276],[114.923,26.305],[114.786,26.447],[114.684,26.52],[114.676,26.56],[114.803,26.675],[114.837,26.776],[114.94,26.794],[115.002,26.824],[115.009,26.862],[114.972,26.92],[114.981,26.955],[115.036,27.006],[115.03,27.028],[114.981,27.063],[114.974,27.108],[115.109,27.228],[115.115,27.302],[115.063,27.451],[115.111,27.468],[115.135,27.534],[115.18,27.566],[115.22,27.632],[115.33,27.695],[115.425,27.874],[115.44,27.977],[115.483,28.056],[115.532,28.08],[115.622,28.159],[115.772,28.198],[115.798,28.238],[115.833,28.247],[115.865,28.284],[115.841,28.392],[115.819,28.418],[115.823,28.51],[115.796,28.565],[115.815,28.629],[115.981,28.853],[116.027,28.974],[116.023,29.037],[115.996,29.106],[116.002,29.208],[115.981,29.279]]}},{"type":"Feature","properties":{"rank":6},"geometry":{"type":"LineString","coordinates":[[78.997,16.23],[79.021,16.247],[79.16,16.219],[79.21,16.236],[79.233,16.33],[79.208,16.388],[79.213,16.493],[79.265,16.569],[79.313,16.579]]}},{"type":"Feature","properties":{"rank":6},"geometry":{"type":"MultiLineString","coordinates":[[[73.796,17.991],[73.856,17.976],[73.931,17.91],[73.983,17.804],[74.036,17.765],[74.053,17.686],[74.125,17.641],[74.139,17.614],[74.142,17.542],[74.09,17.49],[74.091,17.47],[74.108,17.391],[74.209,17.281],[74.193,17.234],[74.221,17.196],[74.187,17.176],[74.203,17.154],[74.269,17.128],[74.297,17.134],[74.303,17.107],[74.336,17.12],[74.366,17.1],[74.359,17.077],[74.379,17.031],[74.419,17.047],[74.444,17.04],[74.461,17.011],[74.448,16.993],[74.55,16.881],[74.532,16.856],[74.551,16.829],[74.623,16.804],[74.646,16.768],[74.694,16.744],[74.615,16.719],[74.605,16.699],[74.634,16.659],[74.68,16.634],[74.63,16.616],[74.678,16.569],[74.793,16.597],[74.806,16.65],[74.889,16.669],[74.916,16.634],[74.934,16.634],[74.982,16.675],[75.105,16.51],[75.16,16.551],[75.16,16.606],[75.187,16.627],[75.217,16.626],[75.263,16.593],[75.283,16.604],[75.317,16.586],[75.36,16.601],[75.4,16.538],[75.451,16.514],[75.439,16.425],[75.476,16.433],[75.516,16.469],[75.568,16.428],[75.64,16.446],[75.708,16.415],[75.721,16.381],[75.785,16.349],[75.85,16.358],[75.911,16.321],[75.995,16.305],[76.053,16.271],[76.058,16.222],[76.079,16.197],[76.201,16.181],[76.28,16.154],[76.382,16.253],[76.476,16.25],[76.552,16.336],[76.613,16.346],[76.762,16.434],[76.809,16.419],[76.846,16.438],[76.874,16.483],[76.967,16.511],[76.99,16.565],[77.018,16.509],[77.051,16.518],[77.134,16.481],[77.165,16.441],[77.393,16.381],[77.493,16.378],[77.571,16.347],[77.645,16.351],[77.734,16.326],[77.897,16.219],[77.952,16.122],[78.072,16.024],[78.128,16.003],[78.176,15.949],[78.244,15.976],[78.255,16.005],[78.244,16.038],[78.299,16.022],[78.399,16.083],[78.499,16.093],[78.559,16.056],[78.645,16.071],[78.734,16.03],[78.791,16.034],[78.839,16.066],[78.846,16.15],[78.897,16.142],[78.922,16.189],[78.997,16.23]],[[79.313,16.579],[79.417,16.59],[79.504,16.641],[79.55,16.629],[79.594,16.669],[79.72,16.689],[79.771,16.727],[79.826,16.692],[79.882,16.703],[79.909,16.631],[79.958,16.63],[80.042,16.738],[80.073,16.822],[80.097,16.82],[80.135,16.751],[80.14,16.658],[80.192,16.612],[80.272,16.579],[80.313,16.586],[80.39,16.565],[80.403,16.584],[80.47,16.592],[80.683,16.436],[80.717,16.356],[80.817,16.263],[80.838,16.163],[80.868,16.107],[80.882,16.013]]]}},{"type":"Feature","properties":{"rank":2},"geometry":{"type":"MultiLineString","coordinates":[[[106.584,52.159],[106.525,52.178],[106.502,52.243],[106.47,52.258],[106.497,52.383]],[[106.584,52.159],[106.564,52.24],[106.58,52.261],[106.751,52.316]],[[106.586,52.158],[106.584,52.159]],[[100.699,49.263],[100.954,49.302],[101.086,49.358],[101.173,49.422],[101.303,49.422],[101.352,49.463],[101.444,49.459],[101.543,49.422],[101.588,49.387],[102.018,49.399],[102.191,49.341],[102.29,49.354],[102.46,49.345],[102.711,49.395],[102.748,49.378],[102.776,49.389],[102.817,49.351],[102.873,49.396],[103.062,49.342],[103.211,49.341],[103.242,49.32],[103.297,49.32],[103.33,49.35],[103.397,49.341],[103.569,49.365],[103.924,49.488],[104.273,49.471],[104.482,49.585],[104.545,49.637],[104.692,49.68],[104.817,49.689],[104.846,49.71],[104.897,49.698],[105.011,49.753],[105.134,49.755],[105.207,49.823],[105.415,49.858],[105.45,49.906],[105.504,49.938],[105.743,50.02],[105.772,50.039],[105.798,50.1],[105.83,50.122],[105.964,50.145],[106.155,50.253],[106.127,50.312],[106.077,50.352],[106.058,50.415],[106.081,50.462],[106.138,50.501],[106.282,50.538],[106.285,50.553],[106.236,50.589],[106.236,50.62],[106.3,50.678],[106.312,50.713],[106.292,50.813],[106.264,50.863],[106.312,50.951],[106.354,50.959],[106.448,51.017],[106.637,51.044],[106.659,51.059],[106.689,51.123],[106.804,51.23],[106.991,51.316],[106.997,51.384],[107.062,51.444],[107.168,51.505],[107.329,51.532],[107.364,51.572],[107.367,51.617],[107.412,51.692],[107.438,51.7],[107.484,51.754],[107.544,51.782],[107.572,51.827],[107.496,51.893],[107.488,51.978],[107.518,52.047],[107.47,52.138],[107.443,52.15],[107.068,52.126],[106.847,52.042],[106.793,52.036],[106.631,52.11],[106.584,52.159]]]}},{"type":"Feature","properties":{"rank":6},"geometry":{"type":"MultiLineString","coordinates":[[[103.374,53.107],[103.361,53.181],[103.405,53.281],[103.413,53.34],[103.367,53.521],[103.374,53.678],[103.271,53.804],[103.231,53.895],[103.157,53.982],[103.047,54.053],[102.991,54.15],[103.028,54.238],[103.256,54.423],[103.234,54.656],[103.196,54.691],[103.082,54.747],[103.064,54.812],[103.102,54.909],[103.215,54.984],[103.303,55.074],[103.335,55.129],[103.337,55.169],[103.333,55.272],[103.309,55.332],[103.184,55.515],[103.215,55.676],[103.205,55.718],[103.19,55.751],[103.031,55.852],[102.992,55.924],[103.0,56.0]],[[106.497,52.383],[106.467,52.416],[106.417,52.425],[106.154,52.338],[106.022,52.254],[105.81,52.042],[105.682,51.957],[105.47,51.862],[105.252,51.82],[105.031,51.8],[104.894,51.83],[104.865,51.871]]]}},{"type":"Feature","properties":{"rank":6},"geometry":{"type":"LineString","coordinates":[[104.866,51.87],[104.816,51.916],[104.729,51.947],[104.541,52.106],[104.482,52.126],[104.406,52.207],[104.293,52.263],[104.28,52.279],[104.295,52.332],[104.277,52.364],[104.194,52.382],[104.112,52.432],[104.062,52.488],[103.986,52.504],[103.976,52.562],[103.93,52.644],[103.859,52.687],[103.798,52.693],[103.716,52.762],[103.727,52.775],[103.716,52.789],[103.725,52.848],[103.691,52.909],[103.575,52.974],[103.394,53.006],[103.374,53.107]]}},{"type":"Feature","properties":{"rank":2},"geometry":{"type":"LineString","coordinates":[[83.363,49.643],[83.438,49.588],[83.582,49.556],[83.683,49.478],[83.873,49.446],[84.155,49.256],[84.218,49.178],[84.203,49.132],[84.161,49.112],[83.564,48.941],[83.468,48.837],[83.436,48.731],[83.472,48.633],[83.472,48.553],[83.493,48.479],[83.618,48.379],[83.613,48.36],[83.501,48.298],[83.489,48.231],[83.52,48.196],[83.572,48.154],[83.804,48.078],[84.009,47.958],[84.135,47.863],[84.198,47.776],[84.26,47.734],[84.356,47.732]]}},{"type":"Feature","properties":{"rank":2},"geometry":{"type":"MultiLineString","coordinates":[[[79.072,50.617],[79.017,50.612],[78.979,50.631],[78.817,50.644],[78.743,50.672],[78.637,50.747],[78.563,50.756],[78.482,50.827],[78.282,50.887],[78.241,50.952],[78.212,50.964],[78.202,51.002],[78.134,51.027],[78.142,51.047],[78.107,51.09],[78.136,51.112],[78.066,51.123],[78.096,51.167],[78.035,51.189],[78.072,51.235],[78.021,51.291],[77.982,51.298],[77.963,51.322],[77.863,51.371],[77.795,51.453],[77.692,51.485],[77.682,51.514],[77.626,51.51],[77.538,51.555],[77.483,51.545],[77.469,51.576],[77.428,51.6],[77.42,51.668],[77.449,51.73],[77.438,51.759],[77.469,51.761],[77.456,51.83],[77.405,51.85],[77.333,51.908],[77.098,51.97],[77.069,51.988],[77.035,52.045],[76.965,52.052],[76.948,52.127],[76.983,52.138],[76.948,52.158],[76.962,52.179],[76.929,52.206],[76.956,52.227],[76.914,52.24],[76.942,52.274],[76.89,52.326],[76.771,52.388],[76.784,52.412],[76.758,52.424],[76.808,52.443],[76.804,52.477],[76.777,52.504],[76.764,52.577],[76.674,52.597],[76.708,52.611],[76.695,52.625],[76.642,52.623],[76.689,52.688],[76.648,52.751],[76.516,52.837],[76.462,52.816],[76.448,52.837],[76.497,52.878],[76.455,52.864],[76.448,52.905],[76.406,52.899],[76.383,52.872],[76.329,52.911],[76.269,52.905],[76.236,52.96],[76.232,53.004],[76.119,53.022],[76.079,53.056],[75.982,53.022],[75.865,53.05],[75.872,53.068],[75.79,53.111],[75.781,53.179],[75.702,53.202],[75.663,53.255],[75.565,53.268],[75.544,53.289],[75.577,53.323],[75.515,53.318],[75.478,53.334],[75.526,53.367],[75.467,53.388],[75.496,53.412],[75.434,53.484],[75.299,53.544],[75.261,53.583],[75.166,53.604],[75.188,53.618],[75.125,53.625],[75.141,53.647],[75.107,53.697],[75.024,53.738],[75.009,53.772],[75.045,53.815],[75.036,53.837],[75.084,53.941],[75.029,53.983],[74.993,53.985]],[[79.072,50.617],[79.059,50.617]],[[83.363,49.643],[83.363,49.678],[83.236,49.671],[83.049,49.694],[83.034,49.718],[82.974,49.735],[82.985,49.767],[82.96,49.781],[82.957,49.804],[82.813,49.909],[82.77,49.921],[82.705,49.911],[82.679,49.941],[82.606,49.956],[82.462,50.044],[82.345,50.058],[82.317,50.083],[82.311,50.123],[82.273,50.164],[82.248,50.227],[82.079,50.202],[81.978,50.22],[81.854,50.193],[81.821,50.205],[81.755,50.267],[81.684,50.246],[81.533,50.328],[81.434,50.335],[81.327,50.315],[81.215,50.346],[81.116,50.393],[81.04,50.391],[81.009,50.404],[80.937,50.373],[80.823,50.354],[80.758,50.357],[80.759,50.376],[80.68,50.37],[80.608,50.391],[80.465,50.356],[80.28,50.381],[80.217,50.459],[80.194,50.451],[80.111,50.477],[80.087,50.504],[80.018,50.479],[79.94,50.486],[79.867,50.464],[79.792,50.479],[79.746,50.515],[79.698,50.501],[79.669,50.534],[79.628,50.518],[79.619,50.556],[79.552,50.569],[79.49,50.603],[79.45,50.603],[79.367,50.654],[79.347,50.658],[79.327,50.637],[79.259,50.636],[79.242,50.675],[79.148,50.685],[79.125,50.676],[79.124,50.637],[79.052,50.623],[79.072,50.617]],[[85.267,47.994],[85.178,47.998],[85.139,47.967],[85.007,47.938],[84.994,47.917],[84.909,47.905],[84.808,47.83],[84.792,47.802],[84.596,47.76],[84.535,47.724],[84.356,47.732]]]}},{"type":"Feature","properties":{"rank":6},"geometry":{"type":"MultiLineString","coordinates":[[[68.489,34.571],[68.37,34.525],[68.338,34.486],[68.266,34.513],[68.035,34.497],[67.939,34.443],[67.739,34.41],[67.574,34.355],[67.43,34.252],[67.313,34.205],[67.266,34.157]],[[67.266,34.163],[67.216,34.091],[67.258,34.033],[67.238,33.954],[67.149,33.95],[67.091,33.892],[67.012,33.855],[66.895,33.738],[66.776,33.725],[66.731,33.691],[66.671,33.708],[66.616,33.658],[66.496,33.603],[66.423,33.546],[66.378,33.543],[66.306,33.492],[66.286,33.406],[66.162,33.388],[66.054,33.296],[66.053,33.243],[66.025,33.23],[65.968,33.139],[65.895,33.07],[65.813,33.064],[65.723,32.99],[65.545,32.929],[65.535,32.869],[65.483,32.833],[65.485,32.77],[65.449,32.691],[65.319,32.511],[65.314,32.416],[65.261,32.338],[65.224,32.319],[65.169,32.327],[65.107,32.299],[65.09,32.333],[64.997,32.272],[64.953,32.186],[64.849,32.101],[64.735,31.908],[64.624,31.833],[64.559,31.809],[64.353,31.663]],[[61.604,31.204],[61.667,31.065],[61.773,30.994],[61.804,30.949],[61.804,30.833],[61.783,30.812],[61.79,30.771],[61.824,30.733],[61.832,30.559],[61.811,30.432],[61.854,30.357],[61.932,30.308],[62.099,30.283],[62.215,30.229],[62.427,30.169],[62.558,30.168],[62.873,30.257],[62.996,30.271],[63.062,30.261],[63.134,30.3],[63.188,30.36],[63.255,30.373],[63.301,30.428],[63.415,30.505],[63.588,30.583],[63.886,30.528],[63.969,30.566],[64.028,30.674],[64.057,30.683],[64.097,30.77],[64.101,30.887],[64.182,31.031],[64.163,31.086],[64.184,31.122],[64.189,31.175],[64.271,31.298],[64.359,31.39],[64.374,31.429],[64.377,31.448],[64.347,31.494],[64.346,31.624],[64.36,31.663]]]}},{"type":"Feature","properties":{"rank":6},"geometry":{"type":"LineString","coordinates":[[106.5,20.299],[106.455,20.284],[106.349,20.364],[106.267,20.331],[106.279,20.392],[106.261,20.41],[106.219,20.413],[106.217,20.468],[106.184,20.49],[106.167,20.546],[106.129,20.588],[106.125,20.625],[106.059,20.616],[106.026,20.663],[106.029,20.708],[105.981,20.717],[105.955,20.786],[105.914,20.809],[105.924,20.886],[105.896,20.907],[105.899,20.933],[105.884,20.949],[105.9,21.0],[105.851,21.039],[105.834,21.079],[105.669,21.157],[105.494,21.173],[105.455,21.208],[105.414,21.307],[105.353,21.301],[105.329,21.26],[105.291,21.266],[105.264,21.29],[105.277,21.318],[105.258,21.377],[105.224,21.405],[105.199,21.339],[105.188,21.342],[105.137,21.431],[105.048,21.503],[104.962,21.603],[104.92,21.615],[104.931,21.665],[104.9,21.696],[104.874,21.693],[104.803,21.763],[104.798,21.791],[104.767,21.799],[104.645,21.904],[104.64,21.925],[104.62,21.917],[104.594,21.938],[104.592,21.959],[104.407,22.109],[104.359,22.171],[104.341,22.164],[104.249,22.267],[103.916,22.533],[103.894,22.569],[103.835,22.602],[103.658,22.793],[103.519,22.91],[103.287,23.061],[103.174,23.108],[103.084,23.124],[102.927,23.21],[102.862,23.223],[102.818,23.284],[102.725,23.306],[102.687,23.292],[102.506,23.379],[102.342,23.405],[102.249,23.45],[102.135,23.48],[102.104,23.537],[102.022,23.576],[101.986,23.612],[101.977,23.642],[101.94,23.651],[101.816,23.761],[101.717,23.913],[101.693,23.915],[101.577,24.081],[101.571,24.117],[101.529,24.144],[101.533,24.163],[101.502,24.203],[101.44,24.398],[101.401,24.417],[101.318,24.54],[101.308,24.545],[101.298,24.515],[101.274,24.507],[101.241,24.535],[101.21,24.537],[101.132,24.624],[101.115,24.669],[100.949,24.835],[100.893,24.916],[100.899,24.937],[100.818,25.025],[100.734,24.987],[100.713,25.014],[100.65,25.024],[100.578,25.072],[100.35,25.132],[100.234,25.385],[100.182,25.443]]}},{"type":"Feature","properties":{"rank":6},"geometry":{"type":"MultiLineString","coordinates":[[[78.339,30.915],[78.217,30.819],[78.095,30.775],[78.053,30.665],[78.02,30.647],[77.958,30.511],[77.894,30.538],[77.664,30.445],[77.575,30.428],[77.565,30.414],[77.586,30.38],[77.584,30.325],[77.538,30.209],[77.484,30.152],[77.323,30.064],[77.317,30.04],[77.284,30.038],[77.22,29.96],[77.18,29.804],[77.161,29.771],[77.133,29.764],[77.137,29.722],[77.106,29.702],[77.113,29.682],[77.087,29.658],[77.099,29.589],[77.058,29.555],[77.072,29.527],[77.065,29.503],[77.12,29.483],[77.065,29.424],[77.148,29.414],[77.132,29.372],[77.149,29.313],[77.13,29.28],[77.133,29.116],[77.195,28.997],[77.175,28.963],[77.22,28.914],[77.202,28.877],[77.216,28.843],[77.195,28.806],[77.197,28.79],[77.216,28.788],[77.223,28.693]],[[77.223,28.693],[77.222,28.688],[77.222,28.694],[77.223,28.693]],[[77.223,28.693],[77.259,28.592],[77.289,28.578],[77.343,28.498],[77.376,28.484],[77.377,28.455],[77.407,28.469],[77.428,28.43],[77.465,28.434],[77.468,28.396],[77.497,28.393],[77.466,28.315],[77.487,28.299],[77.49,28.263],[77.538,28.243],[77.497,28.209],[77.538,28.181],[77.494,28.151],[77.503,28.092],[77.469,28.112],[77.468,28.046],[77.503,28.02],[77.526,27.974],[77.529,27.952],[77.503,27.941],[77.519,27.898],[77.593,27.845],[77.579,27.797],[77.65,27.811],[77.689,27.797],[77.664,27.757],[77.687,27.715],[77.675,27.663],[77.695,27.629],[77.655,27.605],[77.705,27.587],[77.684,27.514],[77.747,27.383],[77.791,27.391],[77.782,27.332],[77.86,27.266],[77.884,27.304],[77.909,27.251],[77.928,27.256],[77.937,27.292],[77.952,27.297],[77.976,27.249],[77.993,27.273],[78.018,27.256],[78.024,27.18],[78.074,27.202],[78.158,27.173],[78.199,27.191],[78.21,27.169],[78.197,27.112],[78.213,27.086],[78.235,27.083],[78.248,27.093],[78.236,27.112],[78.251,27.112],[78.272,27.084],[78.306,27.125],[78.348,27.127],[78.36,27.112],[78.322,27.097],[78.298,27.063],[78.343,27.078],[78.411,27.055],[78.44,27.015],[78.435,26.996],[78.479,26.981],[78.513,26.929],[78.531,26.934],[78.511,26.981],[78.555,26.975],[78.562,26.946],[78.59,26.926],[78.586,26.955],[78.604,26.954],[78.641,26.886],[78.675,26.914],[78.695,26.921],[78.703,26.899],[78.729,26.919],[78.857,26.803],[78.943,26.783],[78.928,26.762],[79.004,26.762],[78.983,26.735],[79.034,26.692],[79.045,26.641],[79.066,26.639],[79.052,26.625],[79.083,26.598],[79.127,26.605],[79.172,26.591],[79.204,26.545],[79.292,26.523],[79.244,26.502],[79.261,26.48],[79.21,26.444],[79.219,26.431],[79.285,26.441],[79.324,26.404],[79.462,26.438],[79.504,26.349],[79.555,26.36],[79.522,26.304],[79.531,26.288],[79.566,26.262],[79.626,26.25],[79.648,26.209],[79.724,26.186],[79.747,26.164],[79.739,26.136],[79.772,26.111],[79.847,26.114],[79.899,26.095],[79.927,26.162],[79.949,26.162],[79.958,26.072],[80.08,26.07],[80.093,26.037],[80.08,25.998],[80.17,25.954],[80.193,25.928],[80.276,25.926],[80.296,25.891],[80.406,25.914],[80.537,25.869],[80.539,25.843],[80.459,25.835],[80.491,25.791],[80.567,25.786],[80.567,25.734],[80.73,25.686],[80.779,25.689],[80.817,25.728],[80.838,25.718],[80.851,25.683],[80.923,25.685],[80.951,25.614],[81.023,25.625],[81.026,25.594],[80.999,25.57],[81.017,25.542],[81.086,25.511],[81.183,25.494],[81.192,25.474],[81.147,25.411],[81.173,25.378],[81.244,25.354],[81.261,25.329],[81.344,25.342],[81.384,25.32],[81.39,25.28],[81.472,25.265],[81.66,25.358],[81.725,25.356],[81.795,25.329],[81.811,25.348],[81.794,25.383],[81.828,25.416],[81.875,25.427],[81.903,25.414]]]}},{"type":"Feature","properties":{"rank":6},"geometry":{"type":"LineString","coordinates":[[81.574,22.753],[81.461,22.765],[81.407,22.842],[81.28,22.877],[81.176,22.925],[81.162,22.948],[81.035,22.981],[81.016,22.976],[81.0,22.93],[80.889,22.952],[80.9,23.004],[80.841,23.055],[80.817,23.039],[80.802,22.995],[80.765,23.021],[80.665,22.994],[80.629,22.964],[80.591,22.973],[80.519,22.952],[80.531,22.905],[80.476,22.842],[80.498,22.796],[80.491,22.748],[80.51,22.726],[80.477,22.674],[80.505,22.623],[80.45,22.578],[80.407,22.575],[80.34,22.632],[80.327,22.726],[80.285,22.733],[80.268,22.795],[80.216,22.8],[80.165,22.766],[80.059,22.774],[80.025,22.787],[79.93,22.877],[79.943,22.942],[79.908,22.995],[79.943,23.048],[79.94,23.103],[79.886,23.113],[79.854,23.101],[79.789,23.131],[79.686,23.096],[79.59,23.113],[79.573,23.137],[79.516,23.136],[79.431,23.099],[79.348,23.106],[79.202,23.073],[79.126,23.075],[79.085,23.015],[79.038,23.016],[78.964,23.048],[78.73,23.048],[78.644,23.021],[78.474,23.0],[78.312,22.904],[78.285,22.863],[78.244,22.863],[78.22,22.89],[78.17,22.882],[78.135,22.842],[78.12,22.788],[77.993,22.822],[77.938,22.808],[77.921,22.86],[77.875,22.837],[77.86,22.873],[77.819,22.849],[77.761,22.774],[77.639,22.731],[77.58,22.68],[77.424,22.626],[77.312,22.559],[77.262,22.596],[77.14,22.562],[77.049,22.501],[76.921,22.493],[76.802,22.425],[76.762,22.309],[76.688,22.263],[76.635,22.263],[76.565,22.226],[76.476,22.281],[76.476,22.322],[76.422,22.335],[76.241,22.292],[76.188,22.242],[76.096,22.242],[75.954,22.187],[75.817,22.185],[75.739,22.157],[75.631,22.172],[75.34,22.139],[75.112,22.095],[75.047,22.099],[74.982,22.075],[74.769,22.075],[74.567,22.02],[74.53,22.049],[74.432,22.039],[74.351,21.986],[74.289,21.966],[74.284,21.945],[74.249,21.929],[74.204,21.925],[74.128,21.951],[74.061,21.94],[73.942,21.874],[73.792,21.837],[73.699,21.848],[73.677,21.886],[73.607,21.912],[73.543,21.979],[73.443,21.986],[73.412,21.917],[73.373,21.928],[73.336,21.885],[73.303,21.89],[73.268,21.936],[73.231,21.929],[73.245,21.844],[73.221,21.828],[73.153,21.856],[73.136,21.843],[73.158,21.776],[73.131,21.753]]}},{"type":"Feature","properties":{"rank":6},"geometry":{"type":"LineString","coordinates":[[100.07,33.005],[100.19,32.898],[100.196,32.858],[100.291,32.803],[100.371,32.779],[100.441,32.726],[100.488,32.683],[100.508,32.628],[100.554,32.576],[100.71,32.522],[100.799,32.455],[100.803,32.341],[100.847,32.356],[100.871,32.347],[100.862,32.331],[100.96,32.279],[101.006,32.205],[100.97,32.088],[100.977,32.023],[101.004,31.999],[101.009,31.97],[101.081,31.939],[101.192,31.814],[101.286,31.779],[101.344,31.785],[101.424,31.765],[101.477,31.802],[101.571,31.792],[101.646,31.819],[101.66,31.805],[101.725,31.846],[101.83,31.861],[101.865,31.819],[101.933,31.789],[102.026,31.71],[102.022,31.682],[102.071,31.601],[102.076,31.453],[101.988,31.367],[102.007,31.331],[102.048,31.298],[102.001,31.202],[101.924,31.167],[101.879,31.111],[101.88,30.907],[101.919,30.867],[101.944,30.802],[101.971,30.794],[101.979,30.762],[102.054,30.699],[102.068,30.523],[102.115,30.477],[102.123,30.398],[102.203,30.213],[102.178,30.166],[102.17,30.058],[102.228,29.952],[102.209,29.848],[102.216,29.774],[102.194,29.675],[102.165,29.628],[102.177,29.593],[102.157,29.543],[102.177,29.482],[102.222,29.469],[102.235,29.39],[102.283,29.284],[102.324,29.253],[102.478,29.277],[102.55,29.325],[102.625,29.35],[102.656,29.325],[102.777,29.316],[102.807,29.3],[102.804,29.271],[102.849,29.215],[102.901,29.23],[102.927,29.284],[102.958,29.303],[103.02,29.291],[103.043,29.243],[103.084,29.259],[103.113,29.303],[103.203,29.253],[103.262,29.245],[103.291,29.29],[103.324,29.308],[103.337,29.306],[103.332,29.29],[103.38,29.318],[103.421,29.305],[103.461,29.318],[103.509,29.271],[103.53,29.277],[103.582,29.212],[103.638,29.209],[103.64,29.277],[103.66,29.315],[103.651,29.336],[103.574,29.339],[103.553,29.374],[103.554,29.42],[103.642,29.521],[103.716,29.558]]}},{"type":"Feature","properties":{"rank":2},"geometry":{"type":"LineString","coordinates":[[90.325,47.65],[90.298,47.622],[90.27,47.437],[90.188,47.404],[90.109,47.398],[90.047,47.332],[89.982,47.3],[89.926,47.226],[89.708,47.173],[89.694,47.142],[89.627,47.121],[89.615,47.074],[89.551,47.046],[89.574,47.043],[89.56,47.005],[89.491,46.982],[89.146,47.012],[88.689,47.207],[88.159,47.286],[88.122,47.306],[87.991,47.309],[87.908,47.351],[87.83,47.355],[87.742,47.409],[87.634,47.441],[87.414,47.465],[87.354,47.491],[87.303,47.584],[87.18,47.588],[87.152,47.567],[86.995,47.612],[86.924,47.673],[86.796,47.724],[86.693,47.82],[86.495,47.889],[86.399,47.861],[86.382,47.835],[86.33,47.869],[86.27,47.863],[86.275,47.848],[86.248,47.841],[86.125,47.881],[86.074,47.918],[86.009,47.929],[85.953,47.964],[85.882,47.957],[85.871,47.979],[85.848,47.965],[85.754,47.981],[85.729,47.966],[85.655,48.006],[85.554,47.983],[85.509,48.027],[85.377,47.979],[85.343,48.0],[85.326,47.988],[85.267,47.994]]}},{"type":"Feature","properties":{"rank":6},"geometry":{"type":"LineString","coordinates":[[117.208,42.592],[117.178,42.597],[117.16,42.62],[117.193,42.653],[117.187,42.679],[117.234,42.721],[117.234,42.781],[117.18,42.905],[117.229,42.962],[117.22,43.005],[117.29,43.042],[117.381,43.051],[117.571,43.149],[117.681,43.181],[117.843,43.202],[117.937,43.195],[118.005,43.245],[118.147,43.259],[118.25,43.295],[118.548,43.274],[118.633,43.243],[118.684,43.25],[119.131,43.217],[119.267,43.256],[119.62,43.265],[120.164,43.38],[120.341,43.372],[120.758,43.423]]}},{"type":"Feature","properties":{"rank":6},"geometry":{"type":"MultiLineString","coordinates":[[[77.435,32.293],[77.356,32.316],[77.297,32.368],[77.078,32.5],[76.992,32.512],[76.955,32.594],[76.875,32.638],[76.73,32.673],[76.609,32.75],[76.477,32.754],[76.444,32.768],[76.428,32.822],[76.462,32.908],[76.428,32.97],[76.427,33.049],[76.354,33.115],[76.245,33.178],[76.198,33.242],[76.096,33.306],[75.832,33.377],[75.752,33.379],[75.725,33.334],[75.808,33.216],[75.8,33.162],[75.702,33.17],[75.599,33.141],[75.363,33.139],[75.324,33.155],[75.292,33.209],[75.142,33.274],[75.123,33.225],[75.083,33.201],[75.059,33.162],[74.997,33.177],[74.903,33.168],[74.818,33.193],[74.8,33.179],[74.791,33.056],[74.808,33.001],[74.779,32.911],[74.542,32.79],[74.468,32.701],[74.338,32.611],[74.219,32.564],[74.193,32.536],[74.145,32.522],[74.103,32.476],[74.043,32.464],[73.991,32.419],[73.921,32.416],[73.867,32.392],[73.79,32.382],[73.756,32.341],[73.676,32.347],[73.522,32.241],[73.4,32.227],[73.384,32.19],[73.29,32.107],[73.278,32.072],[73.214,32.035],[73.187,31.949],[73.139,31.902],[73.108,31.83],[72.992,31.787],[72.919,31.71],[72.655,31.666],[72.583,31.614],[72.542,31.607],[72.517,31.569],[72.361,31.488],[72.342,31.449],[72.251,31.364],[72.253,31.294],[72.234,31.22],[72.138,31.183]],[[72.138,31.183],[72.139,31.094],[72.09,31.052],[72.078,30.994],[72.018,30.953],[71.985,30.885],[71.942,30.861],[71.857,30.772],[71.836,30.661],[71.712,30.573],[71.647,30.572],[71.629,30.533],[71.569,30.504],[71.535,30.463],[71.493,30.454],[71.452,30.389],[71.405,30.36],[71.414,30.334],[71.363,30.316],[71.309,30.132],[71.251,30.044],[71.225,29.925],[71.184,29.902],[71.173,29.876],[71.206,29.793],[71.171,29.688],[71.14,29.639],[71.053,29.596],[71.044,29.548],[71.007,29.531],[71.045,29.424],[71.021,29.393],[71.003,29.293],[70.948,29.266],[70.938,29.219],[70.83,29.224],[70.812,29.159],[70.757,29.15],[70.753,29.119],[70.698,29.037],[70.639,29.036]]]}},{"type":"Feature","properties":{"rank":6},"geometry":{"type":"LineString","coordinates":[[89.771,53.646],[89.73,53.639],[89.669,53.598],[89.649,53.562],[89.548,53.527],[89.521,53.492],[89.462,53.465],[89.462,53.447],[89.305,53.434],[89.249,53.412],[89.086,53.453],[89.03,53.532],[89.009,53.604],[88.944,53.652],[88.873,53.67],[88.79,53.666],[88.739,53.68],[88.584,53.652],[88.512,53.676],[88.358,53.694],[88.189,53.649],[87.892,53.761],[87.805,53.748],[87.74,53.777],[87.474,53.824],[87.275,53.753],[87.18,53.767],[87.146,53.838],[87.172,53.892],[87.256,53.912],[87.285,53.937],[87.305,53.993],[87.478,54.072],[87.488,54.139],[87.529,54.204],[87.514,54.241],[87.468,54.277],[87.458,54.315],[87.533,54.365],[87.561,54.426],[87.518,54.517],[87.488,54.523],[87.475,54.544],[87.488,54.608],[87.475,54.619],[87.392,54.632],[87.364,54.659],[87.292,54.687],[87.127,54.687],[87.058,54.727],[87.056,54.762],[87.101,54.816],[87.034,54.835],[87.125,54.916],[87.099,54.97],[87.118,54.995],[87.107,55.029],[86.981,55.023],[86.94,55.036],[86.837,55.015],[86.823,55.03],[86.848,55.064],[86.844,55.083],[86.797,55.097],[86.748,55.14],[86.672,55.159],[86.573,55.16],[86.357,55.092],[86.33,55.12],[86.347,55.157],[86.374,55.166],[86.375,55.187],[86.289,55.247],[86.276,55.288],[86.233,55.325],[86.224,55.38],[86.097,55.372],[85.988,55.399],[85.932,55.447],[85.953,55.489],[85.901,55.536],[85.626,55.672],[85.536,55.697],[85.423,55.701],[85.323,55.661],[85.268,55.66],[85.132,55.701],[85.021,55.708],[84.984,55.729],[84.959,55.759],[84.947,55.827],[84.969,55.866],[85.014,55.879],[85.044,55.913],[85.041,55.934],[84.951,56.0]]}},{"type":"Feature","properties":{"rank":2},"geometry":{"type":"LineString","coordinates":[[82.4,30.411],[82.472,30.422],[82.589,30.36],[82.651,30.382],[82.769,30.358],[82.859,30.372],[82.906,30.327],[82.933,30.251],[82.965,30.223],[83.082,30.175],[83.095,30.151],[83.167,30.124],[83.191,30.134],[83.198,30.112],[83.252,30.072],[83.293,30.076],[83.382,30.041],[83.409,29.991],[83.537,29.938],[83.604,29.877],[83.726,29.855],[83.98,29.736],[83.952,29.702],[83.989,29.633],[84.087,29.57],[84.185,29.579],[84.237,29.541],[84.416,29.535],[84.493,29.51],[84.51,29.475],[84.48,29.349],[84.507,29.322],[84.498,29.296],[84.582,29.257],[84.617,29.288],[84.776,29.224],[84.837,29.229],[84.963,29.186],[85.001,29.198],[85.035,29.229],[85.04,29.254],[85.164,29.325],[85.25,29.315],[85.322,29.277],[85.391,29.28],[85.487,29.25],[85.555,29.256],[85.609,29.191],[85.652,29.18],[85.781,29.216],[85.946,29.182],[86.147,29.178],[86.275,29.213],[86.387,29.223],[86.453,29.207],[86.501,29.22],[86.509,29.239],[86.546,29.213],[86.606,29.201],[86.666,29.213],[87.006,29.185],[87.067,29.152],[87.12,29.176],[87.193,29.145],[87.219,29.156],[87.409,29.117],[87.66,29.151]]}},{"type":"Feature","properties":{"rank":6},"geometry":{"type":"LineString","coordinates":[[89.656,50.504],[89.535,50.531],[89.427,50.575],[89.39,50.617],[89.317,50.629],[89.071,50.607],[88.974,50.58],[88.821,50.601],[88.633,50.732],[88.612,50.788],[88.574,50.818],[88.426,50.829],[88.324,50.869],[88.262,50.918],[88.062,51.013],[87.999,51.089],[87.904,51.107],[87.773,51.209],[87.728,51.281],[87.755,51.364]]}},{"type":"Feature","properties":{"rank":6},"geometry":{"type":"LineString","coordinates":[[89.386,40.632],[89.299,40.648],[89.26,40.632],[89.142,40.637],[89.077,40.666],[88.919,40.656],[88.745,40.707],[88.579,40.695],[88.49,40.708],[88.324,40.776],[88.218,40.85],[87.885,40.901],[87.851,40.885],[87.594,40.982],[87.495,40.982],[87.375,40.944],[87.33,40.948],[87.278,40.982],[87.236,40.976],[87.146,41.019],[87.041,41.038],[87.003,41.094],[86.987,41.149],[86.926,41.174],[86.807,41.269],[86.74,41.27],[86.673,41.338],[86.597,41.283],[86.419,41.256],[86.411,41.234],[86.371,41.242]]}},{"type":"Feature","properties":{"rank":6},"geometry":{"type":"LineString","coordinates":[[80.887,40.467],[80.978,40.512],[81.072,40.535],[81.299,40.532],[81.379,40.615],[81.403,40.621],[81.416,40.673],[81.472,40.7],[81.571,40.724],[81.766,40.724],[81.831,40.786],[81.882,40.797],[81.939,40.836],[81.974,40.826],[82.063,40.86],[82.159,40.868],[82.273,40.919],[82.307,40.913],[82.356,40.93],[82.376,40.954],[82.442,40.948],[82.465,40.974],[82.548,40.989],[82.655,41.034],[82.712,41.016],[82.73,41.033],[82.793,40.978],[82.848,40.975],[82.886,40.945],[82.969,40.93],[82.993,40.906],[83.047,40.931],[83.082,40.906],[83.153,40.957],[83.247,40.961],[83.349,40.992],[83.357,40.978],[83.407,40.995],[83.517,40.999],[83.566,40.982],[83.602,40.995],[83.617,40.982],[83.685,41.009],[83.699,41.0],[83.726,41.016],[83.771,41.014],[83.774,40.982],[83.856,40.961],[83.866,40.984],[83.958,41.009],[83.938,41.016],[83.989,41.039],[84.014,41.105],[84.072,41.111],[84.124,41.146],[84.142,41.136],[84.322,41.208],[84.335,41.193],[84.412,41.178],[84.486,41.195],[84.713,41.187],[84.937,41.155],[85.124,41.05],[85.501,40.961],[85.706,41.05],[85.727,41.035],[85.74,41.057],[85.964,41.085],[86.015,41.077],[86.056,41.091],[86.122,41.066],[86.142,41.043],[86.259,41.027],[86.45,41.05],[86.508,41.042],[86.562,41.068],[86.556,41.091],[86.354,41.179],[86.323,41.215],[86.368,41.237],[86.385,41.289],[86.316,41.27],[86.317,41.309],[86.246,41.32],[86.22,41.338],[86.197,41.33],[86.111,41.379],[86.052,41.387],[86.056,41.372],[86.015,41.386],[86.015,41.352],[85.96,41.407],[85.908,41.391],[85.897,41.434],[85.84,41.468],[85.781,41.53],[85.782,41.659],[85.826,41.712],[85.917,41.752],[85.96,41.742],[86.019,41.755],[86.141,41.751],[86.189,41.78],[86.207,41.824],[86.235,41.835],[86.364,41.797],[86.396,41.803],[86.464,41.77],[86.512,41.769],[86.557,41.795],[86.611,41.784],[86.753,41.825]]}},{"type":"Feature","properties":{"rank":2},"geometry":{"type":"LineString","coordinates":[[94.083,33.155],[94.176,33.183],[94.348,33.149],[94.447,33.163],[94.484,33.207],[94.526,33.217],[94.579,33.212],[94.628,33.186],[94.705,33.176],[94.765,33.19],[94.86,33.168],[94.958,33.087],[94.965,33.1],[95.081,33.054],[95.089,32.957],[95.104,32.941],[95.135,32.944],[95.217,32.895],[95.252,32.907],[95.398,32.853],[95.557,32.847],[95.613,32.805],[95.65,32.714],[95.807,32.662],[95.871,32.599],[95.959,32.545],[96.181,32.57],[96.259,32.497],[96.311,32.488],[96.337,32.451],[96.362,32.433],[96.375,32.443],[96.428,32.402],[96.415,32.384],[96.424,32.359],[96.533,32.166],[96.647,32.121],[96.742,32.121],[96.759,32.112],[96.78,32.046],[96.846,32.036],[96.851,31.976],[96.917,31.957],[96.941,31.965]]}},{"type":"Feature","properties":{"rank":6},"geometry":{"type":"LineString","coordinates":[[120.758,43.423],[120.819,43.468],[120.974,43.516],[121.159,43.538],[121.36,43.534],[121.522,43.47],[121.772,43.442],[121.919,43.453],[122.176,43.568],[122.361,43.723],[122.632,43.784],[122.711,43.819],[122.758,43.805],[122.797,43.819],[122.944,43.803],[123.003,43.774],[123.024,43.731],[123.231,43.668],[123.234,43.648],[123.372,43.641],[123.5,43.586],[123.51,43.536],[123.553,43.483]]}},{"type":"Feature","properties":{"rank":6},"geometry":{"type":"MultiLineString","coordinates":[[[132.517,47.706],[132.506,47.683],[132.46,47.674],[132.462,47.618],[132.379,47.52],[132.313,47.467],[132.062,47.36],[131.988,47.253],[131.791,47.261],[131.624,47.233],[131.466,47.245],[131.3,47.185],[131.149,47.206],[131.054,47.188],[130.972,47.212],[130.853,47.188],[130.784,47.152],[130.678,47.035],[130.544,47.001],[130.526,46.934],[130.488,46.877],[130.33,46.837]],[[124.674,45.45],[124.722,45.45],[124.767,45.47],[124.78,45.45],[124.861,45.444],[124.88,45.456],[124.897,45.527],[124.915,45.532],[124.95,45.494],[125.041,45.492],[125.043,45.451],[125.079,45.416],[125.082,45.386],[125.232,45.413],[125.285,45.4],[125.307,45.416],[125.374,45.398],[125.397,45.408],[125.432,45.477],[125.451,45.484],[125.521,45.47],[125.618,45.508],[125.722,45.517],[125.842,45.498],[125.886,45.556],[125.923,45.569],[125.93,45.622],[125.993,45.635],[125.959,45.668],[125.997,45.676],[126.024,45.703],[126.109,45.679],[126.355,45.695],[126.385,45.723],[126.483,45.75],[126.493,45.768],[126.593,45.756],[126.684,45.801],[126.683,45.857],[126.743,45.898],[126.741,45.915],[126.786,45.925],[126.89,45.997],[126.983,46.024],[127.076,46.018],[127.188,45.976],[127.326,45.969],[127.353,45.96],[127.384,45.918],[127.511,45.934],[127.528,45.95],[127.539,46.03],[127.574,46.04],[127.692,46.008],[127.727,45.956],[127.753,45.968],[127.77,45.944],[127.837,45.923],[127.967,45.917],[128.037,45.936],[128.128,45.916],[128.288,45.975],[128.361,45.978],[128.59,45.902],[128.758,45.966],[128.818,45.972],[128.858,45.964],[128.904,45.891],[128.981,45.875],[129.016,45.895],[129.09,45.902],[129.198,45.97],[129.298,46.07],[129.389,46.254],[129.557,46.343],[129.569,46.42],[129.637,46.495],[129.782,46.543],[129.896,46.611],[129.921,46.674],[129.968,46.717],[129.971,46.762],[130.01,46.775],[130.095,46.768],[130.107,46.824],[130.127,46.832],[130.217,46.818],[130.291,46.849],[130.331,46.834]]]}},{"type":"Feature","properties":{"rank":6},"geometry":{"type":"LineString","coordinates":[[103.716,29.558],[103.755,29.556],[103.812,29.371],[103.87,29.328],[103.852,29.277],[103.902,29.263],[103.952,29.226],[104.004,29.121],[104.043,29.126],[104.084,29.083],[104.235,29.023],[104.285,28.974],[104.274,28.902],[104.307,28.869],[104.454,28.796],[104.511,28.798],[104.547,28.827],[104.599,28.784]]}},{"type":"Feature","properties":{"rank":7},"geometry":{"type":"MultiLineString","coordinates":[[[74.594,34.379],[74.569,34.398],[74.549,34.391],[74.549,34.336],[74.531,34.301]],[[73.597,33.32],[73.612,33.249],[73.669,33.187],[73.672,33.168],[73.642,33.142]]]}},{"type":"Feature","properties":{"rank":7},"geometry":{"type":"MultiLineString","coordinates":[[[74.531,34.301],[74.407,34.268],[74.269,34.177],[74.118,34.149],[74.02,34.098],[73.974,34.111],[73.912,34.101],[73.818,34.156],[73.707,34.17],[73.627,34.202],[73.513,34.324],[73.453,34.335],[73.516,34.007],[73.577,33.909],[73.564,33.802],[73.597,33.707],[73.57,33.633],[73.63,33.556],[73.612,33.518],[73.625,33.451],[73.601,33.44],[73.571,33.386],[73.597,33.32]],[[75.366,33.444],[75.352,33.484],[75.188,33.582],[75.105,33.704],[75.118,33.742],[75.101,33.8],[75.019,33.879],[74.982,33.95],[74.916,33.964],[74.89,34.026],[74.717,34.14],[74.625,34.251],[74.629,34.333],[74.593,34.379]],[[73.642,33.142],[73.62,33.123],[73.638,33.102],[73.761,33.044],[73.777,33.018],[73.769,32.977],[73.612,32.841],[73.59,32.77],[73.532,32.707],[73.418,32.648],[73.33,32.628],[73.269,32.635],[73.266,32.607],[73.065,32.581],[72.976,32.543],[72.933,32.543],[72.733,32.442],[72.611,32.436],[72.583,32.412],[72.535,32.402],[72.463,32.335],[72.399,32.315],[72.372,32.288],[72.336,32.231],[72.293,32.078],[72.24,32.005],[72.266,31.885],[72.247,31.815],[72.167,31.697],[72.124,31.467],[72.138,31.409],[72.111,31.381],[72.129,31.265],[72.158,31.229],[72.138,31.183]]]}},{"type":"Feature","properties":{"rank":7},"geometry":{"type":"MultiLineString","coordinates":[[[89.771,54.769],[89.763,54.789],[89.808,54.877],[89.851,54.903],[89.893,55.092],[89.932,55.115],[90.054,55.127],[90.416,55.077],[90.517,55.092],[90.65,55.146],[90.758,55.155],[90.879,55.102],[90.907,55.105],[90.949,55.133],[91.023,55.143],[91.21,55.243],[91.467,55.28],[91.589,55.355],[91.592,55.441],[91.607,55.455],[91.551,55.527],[91.363,55.572],[91.323,55.597],[91.138,55.604],[91.085,55.626],[91.085,55.653],[91.051,55.681],[91.077,55.693],[91.062,55.74],[91.011,55.749],[91.031,55.768],[91.031,55.825],[91.08,55.911],[91.059,55.948],[91.085,55.961],[91.038,56.0]],[[89.497,56.0],[89.344,55.957],[89.315,55.961],[89.27,56.0]],[[89.612,54.598],[89.794,54.667],[89.88,54.743],[89.861,54.767],[89.771,54.762]],[[89.112,54.097],[89.092,54.084],[89.081,54.043],[89.117,54.001],[89.144,53.993],[89.352,54.002],[89.406,54.02],[89.435,54.063],[89.429,54.082],[89.511,54.154],[89.527,54.204],[89.577,54.228],[89.564,54.269],[89.453,54.384],[89.469,54.447],[89.439,54.468],[89.438,54.498],[89.483,54.55],[89.612,54.605]]]}},{"type":"Feature","properties":{"rank":7},"geometry":{"type":"LineString","coordinates":[[111.322,53.975],[111.486,54.066],[111.657,54.105],[111.738,54.151],[111.75,54.174],[111.828,54.188],[111.846,54.243],[111.89,54.243],[112.016,54.289],[112.075,54.284],[112.423,54.361],[112.452,54.325],[112.44,54.271],[112.369,54.241],[112.227,54.225],[112.072,54.116],[111.942,53.986],[111.931,53.97],[111.941,53.929],[111.897,53.914],[111.862,53.807],[111.899,53.771],[111.876,53.742],[111.924,53.722],[111.921,53.691],[111.941,53.684],[111.952,53.657],[111.851,53.61],[111.824,53.537],[111.719,53.519],[111.728,53.485],[111.64,53.433],[111.616,53.363],[111.647,53.289],[111.715,53.23],[111.756,53.216],[111.791,53.249],[111.925,53.258],[111.95,53.268],[111.952,53.284],[112.007,53.284],[112.088,53.315],[112.155,53.303],[112.278,53.314],[112.303,53.325],[112.329,53.366],[112.297,53.403],[112.397,53.421],[112.447,53.38],[112.486,53.372],[112.509,53.341],[112.628,53.28],[112.802,53.235],[112.823,53.239],[112.802,53.29],[112.83,53.314],[113.075,53.427],[113.156,53.439],[113.233,53.479],[113.309,53.462],[113.411,53.496],[113.446,53.482],[113.426,53.516],[113.448,53.524],[113.483,53.497],[113.517,53.528],[113.649,53.541],[113.797,53.609],[113.792,53.629],[113.827,53.654],[113.982,53.681],[113.995,53.701],[113.976,53.713],[113.983,53.743],[114.094,53.756],[114.145,53.79],[114.199,53.767],[114.326,53.79],[114.377,53.843],[114.5,53.844],[114.605,53.939],[114.733,53.957],[114.767,53.981],[114.86,53.98],[114.957,54.019],[115.026,54.067],[115.031,54.106],[115.164,54.161],[115.179,54.21],[115.241,54.228],[115.269,54.256],[115.491,54.328],[115.517,54.365],[115.514,54.397],[115.584,54.414],[115.618,54.438],[115.909,54.499],[116.01,54.502],[116.19,54.538],[116.457,54.516],[116.508,54.497],[116.538,54.541],[116.673,54.547],[116.723,54.565],[116.732,54.602],[116.777,54.626],[116.763,54.64],[116.774,54.69],[116.883,54.737],[116.866,54.791],[116.927,54.825],[116.923,54.885],[116.884,54.904],[116.892,54.976],[116.875,54.976],[116.872,55.004],[116.824,55.013],[116.844,55.044],[116.81,55.079],[116.817,55.099],[116.773,55.148],[116.715,55.144],[116.468,55.257],[116.458,55.34],[116.375,55.408],[116.131,55.374],[116.071,55.414],[115.971,55.394],[115.944,55.413],[115.933,55.437],[115.967,55.476],[115.91,55.51],[115.886,55.545],[115.906,55.606],[115.892,55.641],[115.913,55.674],[115.844,55.704],[115.865,55.771],[115.844,55.856],[115.891,55.905],[115.896,55.948],[115.876,55.978],[115.832,56.0]]}},{"type":"Feature","properties":{"rank":7},"geometry":{"type":"LineString","coordinates":[[119.195,29.503],[119.077,29.538],[118.974,29.588],[118.897,29.655],[118.855,29.66],[118.717,29.726]]}},{"type":"Feature","properties":{"rank":7},"geometry":{"type":"MultiLineString","coordinates":[[[117.785,29.707],[117.831,29.756],[117.847,29.754],[117.976,29.675],[118.047,29.699],[118.081,29.645],[118.159,29.633],[118.274,29.682],[118.376,29.761],[118.404,29.763],[118.462,29.709],[118.53,29.683],[118.666,29.725],[118.717,29.726]],[[119.195,29.503],[119.238,29.48],[119.308,29.509],[119.346,29.518],[119.366,29.504],[119.534,29.555],[119.62,29.647],[119.675,29.805],[119.751,29.869],[119.805,29.879],[119.945,30.037],[120.045,30.051],[120.14,30.093],[120.16,30.124],[120.121,30.168],[120.148,30.195]]]}},{"type":"Feature","properties":{"rank":7},"geometry":{"type":"LineString","coordinates":[[99.039,15.043],[99.084,14.989],[99.108,14.922],[99.068,14.89],[99.037,14.826],[99.049,14.573],[99.079,14.494],[99.149,14.41]]}},{"type":"Feature","properties":{"rank":7},"geometry":{"type":"MultiLineString","coordinates":[[[98.891,16.175],[98.887,16.103],[98.856,16.071],[98.857,16.031],[98.817,15.993],[98.823,15.906],[98.857,15.841],[98.809,15.764],[98.828,15.677],[98.897,15.572],[98.816,15.515],[98.832,15.447],[98.899,15.362],[98.885,15.343],[98.912,15.284],[98.901,15.273],[98.922,15.176],[98.965,15.154],[98.985,15.096],[99.039,15.043]],[[99.149,14.41],[99.165,14.366],[99.224,14.305],[99.247,14.229],[99.238,14.213],[99.258,14.186],[99.416,14.109],[99.445,14.064],[99.501,14.071],[99.501,14.051],[99.554,13.998],[99.637,13.969],[99.668,13.941],[99.761,13.961],[99.796,13.896],[99.868,13.846],[99.88,13.81],[99.851,13.749],[99.865,13.708],[99.832,13.683],[99.809,13.606],[99.83,13.588],[99.83,13.557],[99.91,13.526],[99.977,13.421],[100.001,13.42],[100.001,13.372]]]}},{"type":"Feature","properties":{"rank":7},"geometry":{"type":"LineString","coordinates":[[100.612,18.039],[100.526,17.997],[100.474,17.91],[100.47,17.886],[100.551,17.776]]}},{"type":"Feature","properties":{"rank":7},"geometry":{"type":"MultiLineString","coordinates":[[[101.18,19.327],[101.152,19.446],[101.111,19.513],[101.063,19.554],[101.005,19.516],[100.921,19.525],[100.879,19.485],[100.883,19.42],[100.854,19.404],[100.846,19.376],[100.85,19.263],[100.816,19.225],[100.837,19.19],[100.814,19.172],[100.776,18.96],[100.788,18.909],[100.837,18.868],[100.81,18.848],[100.795,18.779],[100.768,18.736],[100.775,18.724],[100.761,18.716],[100.775,18.67],[100.761,18.662],[100.775,18.656],[100.762,18.641],[100.761,18.573],[100.795,18.508],[100.83,18.494],[100.861,18.389],[100.899,18.327],[100.863,18.293],[100.806,18.138],[100.703,18.05],[100.612,18.039]],[[100.551,17.776],[100.567,17.759],[100.505,17.718],[100.431,17.705],[100.418,17.723],[100.397,17.711],[100.384,17.723],[100.351,17.68],[100.237,17.641],[100.22,17.665],[100.193,17.669],[100.126,17.645],[100.103,17.613],[100.138,17.58],[100.113,17.549],[100.138,17.429],[100.11,17.415],[100.117,17.391],[100.072,17.369],[100.09,17.268],[100.063,17.202],[100.177,17.07],[100.165,17.045],[100.199,17.024],[100.186,17.011],[100.22,16.956],[100.206,16.956],[100.22,16.908],[100.24,16.901],[100.24,16.854],[100.272,16.83],[100.268,16.813],[100.227,16.798],[100.216,16.777],[100.282,16.682],[100.274,16.669],[100.254,16.676],[100.261,16.538],[100.274,16.544],[100.286,16.51],[100.313,16.525],[100.337,16.518],[100.337,16.477],[100.39,16.403],[100.384,16.353],[100.402,16.348],[100.417,16.307],[100.426,16.23],[100.405,16.093],[100.356,16.009],[100.323,15.99],[100.296,15.897],[100.248,15.863],[100.24,15.805],[100.227,15.798],[100.214,15.811],[100.232,15.781],[100.14,15.706]]]}},{"type":"Feature","properties":{"rank":7},"geometry":{"type":"MultiLineString","coordinates":[[[76.432,12.516],[76.474,12.46],[76.572,12.427]],[[77.674,11.97],[77.687,11.948],[77.826,11.91],[77.816,11.817]]]}},{"type":"Feature","properties":{"rank":7},"geometry":{"type":"MultiLineString","coordinates":[[[76.572,12.427],[76.613,12.419],[76.657,12.44],[76.778,12.4],[76.913,12.225],[77.015,12.238],[77.011,12.182],[77.052,12.169],[77.062,12.186],[77.12,12.2],[77.12,12.235],[77.195,12.317],[77.299,12.306],[77.346,12.282],[77.424,12.292],[77.492,12.205],[77.698,12.198],[77.732,12.174],[77.729,12.079],[77.674,11.97]],[[75.66,12.337],[75.743,12.284],[75.811,12.317],[75.869,12.32],[75.92,12.433],[75.955,12.443],[75.977,12.536],[76.054,12.619],[76.165,12.582],[76.232,12.515],[76.343,12.508],[76.389,12.486],[76.408,12.526],[76.432,12.516]],[[77.816,11.817],[77.771,11.666],[77.741,11.62],[77.73,11.522],[77.709,11.501],[77.689,11.419],[77.851,11.243],[77.888,11.097],[77.917,11.071],[78.031,11.09],[78.123,11.061],[78.202,10.951],[78.363,10.96],[78.486,10.909],[78.677,10.869]],[[78.6,10.878],[78.73,10.823],[78.885,10.82]],[[78.885,10.82],[78.919,10.842],[79.109,10.866],[79.262,10.934],[79.433,10.939],[79.46,10.919],[79.631,10.934],[79.684,10.9],[79.755,10.905],[79.799,10.891],[79.841,10.905]],[[78.885,10.82],[78.958,10.793],[79.059,10.816],[79.145,10.796],[79.3,10.809],[79.368,10.789],[79.429,10.723],[79.494,10.559],[79.495,10.491],[79.469,10.415],[79.49,10.368],[79.528,10.338]],[[78.881,10.816],[78.885,10.82]]]}},{"type":"Feature","properties":{"rank":7},"geometry":{"type":"MultiLineString","coordinates":[[[75.507,24.743],[75.509,24.766],[75.592,24.81],[75.595,24.859],[75.571,24.918]],[[75.385,24.222],[75.352,24.306],[75.445,24.366],[75.596,24.541],[75.581,24.647]]]}},{"type":"Feature","properties":{"rank":7},"geometry":{"type":"MultiLineString","coordinates":[[[75.571,24.918],[75.554,24.947],[75.573,24.971],[75.719,25.083],[75.742,25.111],[75.732,25.121],[75.744,25.138],[75.807,25.154],[75.904,25.273],[75.93,25.283],[75.969,25.234],[75.986,25.237],[76.018,25.266],[76.032,25.333],[76.071,25.358],[76.093,25.344],[76.14,25.354],[76.127,25.39],[76.177,25.498],[76.222,25.502],[76.27,25.529],[76.283,25.627],[76.311,25.659],[76.284,25.707],[76.322,25.714],[76.363,25.756],[76.445,25.793],[76.469,25.844],[76.554,25.851],[76.62,25.885],[76.641,25.92],[76.74,25.923],[76.795,25.964],[76.815,26.018],[76.887,26.063],[76.907,26.098],[76.991,26.135],[77.018,26.171],[77.082,26.185],[77.124,26.237],[77.209,26.242],[77.288,26.3],[77.335,26.361],[77.415,26.364],[77.441,26.413],[77.514,26.416],[77.616,26.483],[77.715,26.506],[77.744,26.536],[77.831,26.575],[77.819,26.605],[77.88,26.625],[77.902,26.664],[78.012,26.695],[78.079,26.682],[78.101,26.795],[78.151,26.783],[78.168,26.822],[78.254,26.817],[78.28,26.851],[78.326,26.859],[78.563,26.758],[78.71,26.798],[78.724,26.776],[78.745,26.789],[78.761,26.765],[78.792,26.762],[78.861,26.701],[78.919,26.707],[78.941,26.669],[78.997,26.674],[78.994,26.633],[79.026,26.591],[79.114,26.536],[79.184,26.525],[79.196,26.508],[79.182,26.479],[79.207,26.477],[79.244,26.502]],[[75.581,24.647],[75.507,24.743]],[[75.667,22.473],[75.583,22.523],[75.507,22.611],[75.503,22.726],[75.468,22.812],[75.524,23.096],[75.504,23.207],[75.392,23.389],[75.395,23.467],[75.354,23.543],[75.354,23.694],[75.328,23.726],[75.293,23.715],[75.271,23.756],[75.278,23.796],[75.349,23.802],[75.373,23.85],[75.454,23.907],[75.513,24.036],[75.511,24.075],[75.485,24.113],[75.439,24.147],[75.385,24.222]]]}},{"type":"Feature","properties":{"rank":7},"geometry":{"type":"LineString","coordinates":[[127.322,53.754],[127.433,53.869],[127.46,53.935],[127.492,53.968],[127.573,54.01],[127.698,54.104],[127.868,54.151],[127.853,54.232],[127.759,54.301],[127.734,54.35],[127.732,54.398],[127.755,54.441],[127.934,54.577],[128.215,54.602],[128.466,54.582],[128.538,54.636],[128.587,54.648],[128.84,54.659],[129.015,54.69],[129.165,54.64],[129.241,54.632]]}},{"type":"Feature","properties":{"rank":7},"geometry":{"type":"MultiLineString","coordinates":[[[130.668,55.569],[130.628,55.53],[130.591,55.425],[130.492,55.372],[130.416,55.355],[130.381,55.311],[130.387,55.27],[130.434,55.194],[130.544,55.138],[130.53,55.078],[130.557,55.032],[130.543,54.994],[130.591,54.954],[130.55,54.94],[130.695,54.886],[130.668,54.872],[130.688,54.851],[130.609,54.83],[130.523,54.735],[130.317,54.714],[130.303,54.68],[130.251,54.65],[130.053,54.58],[129.956,54.515],[129.872,54.499],[129.779,54.513],[129.701,54.549],[129.241,54.632]],[[127.323,53.755],[127.314,53.731],[127.212,53.671],[127.092,53.648],[127.038,53.607],[127.014,53.57],[127.021,53.529],[126.997,53.488],[126.945,53.439],[126.925,53.439],[126.928,53.39],[126.959,53.378],[127.0,53.33],[127.049,53.317],[127.052,53.272],[127.144,53.241],[127.17,53.18],[127.209,53.17],[127.24,53.128],[127.286,53.112],[127.417,53.115],[127.442,53.025],[127.772,52.842],[127.782,52.751],[127.823,52.7],[127.822,52.636],[127.859,52.609],[127.857,52.577],[127.876,52.564],[127.983,52.565],[128.122,52.502],[128.124,52.415],[128.082,52.373],[128.142,52.367],[128.142,52.295],[128.17,52.272],[128.258,52.088],[128.358,52.035],[128.404,52.036],[128.443,52.017],[128.467,51.967],[128.528,51.908],[128.528,51.843],[128.568,51.837],[128.611,51.875],[128.712,51.874],[128.858,51.788],[128.879,51.752],[128.878,51.71],[128.905,51.691],[128.77,51.599],[128.646,51.592],[128.593,51.537],[128.536,51.555],[128.495,51.522],[128.439,51.522],[128.425,51.469],[128.329,51.425],[128.252,51.43],[128.173,51.374],[128.186,51.322],[128.136,51.281],[128.142,51.264],[128.196,51.247],[128.151,51.22],[128.145,51.199],[128.105,51.19],[128.028,51.232],[128.014,51.227],[128.007,51.156],[128.033,51.105],[128.014,51.076],[127.957,51.071],[127.891,51.097],[127.868,51.083],[127.855,50.901],[127.788,50.827],[127.768,50.785],[127.775,50.726],[127.748,50.692],[127.712,50.582],[127.666,50.522],[127.667,50.488],[127.734,50.346],[127.703,50.321],[127.592,50.299],[127.595,50.224],[127.583,50.205]]]}},{"type":"Feature","properties":{"rank":2},"geometry":{"type":"LineString","coordinates":[[96.941,31.965],[96.994,31.913],[96.992,31.854],[97.02,31.826],[97.017,31.767],[97.08,31.694],[97.093,31.6],[97.123,31.594],[97.202,31.504],[97.191,31.449],[97.219,31.339],[97.157,31.281],[97.2,31.196],[97.198,31.085],[97.215,31.047],[97.289,31.018],[97.376,30.943],[97.355,30.857],[97.378,30.731],[97.427,30.677],[97.557,30.581],[97.664,30.405],[97.723,30.384],[97.827,30.284],[97.872,30.262],[97.879,30.239],[97.936,30.205],[97.951,30.165],[98.001,30.123],[98.004,30.063],[98.042,30.021],[98.061,29.956],[98.104,29.906],[98.144,29.812],[98.21,29.804],[98.339,29.638],[98.346,29.554],[98.416,29.417],[98.434,29.408],[98.435,29.356],[98.473,29.342],[98.631,29.159],[98.583,29.023],[98.634,28.944],[98.685,28.708],[98.774,28.572],[98.85,28.401],[98.864,28.335],[98.843,28.27],[98.85,28.225],[98.912,28.119],[98.901,28.011],[99.034,27.852],[99.054,27.759],[99.048,27.708],[98.998,27.669],[99.034,27.585],[99.007,27.557],[99.041,27.468],[99.09,27.396],[99.108,27.33],[99.102,27.276],[99.082,27.263],[99.088,27.242],[99.146,27.197],[99.172,27.132],[99.15,27.017],[99.186,26.922],[99.185,26.886],[99.14,26.771],[99.159,26.719],[99.136,26.607],[99.103,26.547],[99.144,26.482],[99.13,26.447],[99.144,26.339],[99.13,26.296],[99.13,26.073],[99.165,25.865],[99.254,25.734],[99.281,25.629],[99.357,25.57],[99.336,25.505],[99.351,25.438],[99.329,25.419],[99.297,25.432],[99.292,25.373],[99.413,25.212],[99.488,25.139],[99.548,25.138],[99.635,25.098],[99.73,24.977],[99.754,24.892],[99.826,24.857],[99.892,24.771],[100.076,24.733],[100.101,24.719],[100.116,24.67],[100.21,24.745],[100.323,24.769],[100.372,24.75],[100.426,24.707],[100.433,24.655],[100.5,24.587],[100.515,24.522],[100.545,24.51],[100.557,24.476],[100.516,24.42],[100.53,24.162],[100.519,24.122],[100.493,24.091],[100.381,24.062],[100.407,23.915],[100.323,23.843],[100.289,23.764],[100.255,23.74],[100.179,23.631],[100.138,23.473],[100.07,23.346],[100.083,23.271],[100.042,23.212],[100.114,23.165],[100.146,23.065],[100.226,23.002],[100.248,23.007],[100.269,22.949],[100.296,22.959],[100.3,22.878],[100.361,22.776],[100.364,22.671],[100.512,22.551],[100.567,22.526],[100.574,22.437],[100.564,22.425],[100.659,22.314],[100.609,22.278],[100.699,22.237],[100.734,22.14],[100.72,22.109],[100.777,22.087],[100.762,22.071],[100.795,22.013],[100.867,21.983],[100.917,21.86],[100.947,21.846],[101.029,21.849],[101.067,21.828],[101.081,21.787],[101.173,21.815],[101.181,21.796],[101.118,21.766],[101.127,21.695],[101.161,21.658],[101.173,21.612],[101.153,21.568],[101.156,21.519],[101.003,21.406],[100.814,21.3],[100.725,21.311],[100.689,21.159],[100.625,21.054],[100.543,21.027],[100.556,20.992],[100.528,20.968],[100.517,20.906],[100.515,20.886],[100.533,20.874],[100.622,20.888],[100.651,20.876],[100.536,20.807],[100.364,20.828],[100.21,20.697],[100.172,20.622],[100.12,20.388],[100.099,20.362],[100.102,20.263],[100.152,20.239],[100.167,20.253],[100.166,20.292],[100.208,20.313],[100.24,20.372],[100.306,20.399],[100.344,20.39],[100.46,20.19],[100.528,20.149],[100.554,20.17],[100.584,20.163],[100.601,19.802],[100.678,19.818],[100.805,19.892],[100.927,19.873],[101.009,19.834],[101.022,19.855],[101.059,19.845],[101.118,19.889],[101.257,19.821],[101.559,19.823],[101.596,19.831],[101.619,19.874],[101.707,19.93],[101.865,19.957],[101.992,20.059],[102.047,20.053],[102.157,20.092],[102.19,20.08],[102.235,20.026],[102.246,19.988],[102.222,19.935],[102.117,19.864],[102.038,19.848],[101.885,19.687],[101.824,19.649],[101.82,19.467],[101.906,19.403],[101.824,19.279],[101.83,19.2],[101.803,19.01],[101.816,18.964],[101.803,18.885],[101.851,18.826],[101.854,18.763],[101.824,18.703],[101.81,18.621],[101.742,18.502],[101.707,18.471],[101.644,18.457],[101.615,18.405],[101.577,18.385],[101.546,18.325],[101.481,18.293],[101.403,18.182],[101.399,18.141],[101.427,18.084],[101.433,18.012],[101.423,17.928],[101.456,17.877],[101.495,17.879],[101.509,17.86],[101.551,17.875],[101.536,17.82],[101.563,17.82]]}},{"type":"Feature","properties":{"rank":7},"geometry":{"type":"MultiLineString","coordinates":[[[118.741,33.094],[118.721,33.114],[118.711,33.201],[118.687,33.222],[118.59,33.242],[118.536,33.199],[118.498,33.073],[118.467,33.023],[118.388,32.976],[118.314,32.97],[118.253,33.004],[118.217,33.105],[118.217,33.179],[118.177,33.212],[118.16,33.207],[118.151,33.177],[117.914,33.162],[117.898,33.146],[117.896,33.061],[117.869,33.04],[117.762,33.053]],[[119.284,32.718],[119.277,32.779],[119.327,32.899],[119.288,32.993],[119.325,33.018],[119.337,33.051],[119.308,33.118],[119.255,33.161],[119.25,33.183],[119.23,33.189],[119.167,33.162],[119.141,33.075],[119.1,33.047],[119.038,33.037],[118.974,33.056],[118.917,33.055],[118.845,33.095]]]}},{"type":"Feature","properties":{"rank":7},"geometry":{"type":"MultiLineString","coordinates":[[[118.743,33.095],[118.845,33.095]],[[116.521,32.501],[116.558,32.533],[116.634,32.541],[116.73,32.608],[116.729,32.638],[116.69,32.669],[116.726,32.685],[116.725,32.735],[116.748,32.736],[116.759,32.707],[116.882,32.632],[116.918,32.658],[117.01,32.668],[117.078,32.699],[117.104,32.822],[117.169,32.851],[117.167,32.916],[117.195,32.94],[117.527,32.971],[117.647,32.903],[117.688,32.985],[117.74,33.015],[117.763,33.054]],[[119.616,32.353],[119.514,32.355],[119.51,32.41],[119.47,32.475],[119.471,32.532],[119.423,32.628],[119.389,32.652],[119.306,32.661],[119.284,32.718]]]}},{"type":"Feature","properties":{"rank":7},"geometry":{"type":"LineString","coordinates":[[98.895,17.387],[98.932,17.248],[98.958,17.237]]}},{"type":"Feature","properties":{"rank":7},"geometry":{"type":"MultiLineString","coordinates":[[[98.864,19.78],[98.892,19.753],[98.918,19.629],[98.995,19.434],[98.96,19.288],[99.004,19.129],[98.95,19.087],[99.0,18.786],[98.983,18.679],[98.964,18.662],[98.965,18.601],[98.926,18.528],[98.774,18.443],[98.699,18.422],[98.708,18.401],[98.691,18.366],[98.706,18.337],[98.658,18.292],[98.637,18.129],[98.618,18.125],[98.63,18.1],[98.596,18.073],[98.616,18.074],[98.624,18.025],[98.603,18.012],[98.63,17.991],[98.644,18.004],[98.674,17.97],[98.632,17.93],[98.648,17.915],[98.644,17.885],[98.658,17.881],[98.745,17.697],[98.736,17.673],[98.698,17.651],[98.712,17.563],[98.699,17.429],[98.729,17.424],[98.817,17.474],[98.853,17.469],[98.9,17.43],[98.895,17.387]],[[98.958,17.237],[99.014,17.237],[99.06,17.205],[99.09,17.134],[99.052,17.09],[99.117,16.983],[99.119,16.961],[99.09,16.919],[99.128,16.88],[99.156,16.813],[99.353,16.647],[99.445,16.625],[99.548,16.436],[99.54,16.413],[99.591,16.37],[99.666,16.345],[99.705,16.27],[99.754,16.208],[99.791,16.193],[99.803,16.137],[99.874,16.058],[99.871,16.003],[100.063,15.881],[100.09,15.767],[100.158,15.716]]]}},{"type":"Feature","properties":{"rank":7},"geometry":{"type":"LineString","coordinates":[[77.133,43.908],[77.269,43.867],[77.879,43.817],[78.176,43.867]]}},{"type":"Feature","properties":{"rank":7},"geometry":{"type":"MultiLineString","coordinates":[[[77.133,43.908],[77.052,43.953],[77.038,43.973],[77.056,44.007],[77.004,44.058],[77.0,44.137],[76.972,44.165],[76.935,44.175],[76.911,44.235],[76.784,44.248],[76.744,44.272],[76.724,44.311],[76.671,44.338],[76.66,44.36],[76.688,44.394],[76.725,44.394],[76.727,44.429],[76.634,44.538],[76.637,44.569],[76.605,44.605],[76.503,44.662],[76.41,44.678],[76.37,44.714],[76.366,44.744],[76.256,44.811],[76.112,44.813],[76.075,44.84],[76.03,44.84],[75.95,44.899],[75.879,44.907],[75.831,44.949],[75.746,44.973],[75.716,45.004],[75.503,45.037],[75.448,45.073],[75.256,45.083],[75.232,45.117],[75.173,45.12],[75.15,45.166],[75.072,45.166],[75.036,45.178],[75.029,45.196],[74.996,45.199],[75.003,45.227],[74.991,45.237],[74.923,45.216],[74.762,45.237],[74.762,45.258],[74.708,45.264],[74.653,45.312],[74.646,45.299],[74.632,45.34],[74.568,45.343],[74.502,45.421],[74.17,45.422],[74.111,45.354],[74.075,45.344]],[[81.752,43.62],[81.636,43.682],[81.585,43.754],[81.402,43.863],[81.235,43.915],[81.031,43.911],[80.885,43.947],[80.841,43.942],[80.789,43.9],[80.724,43.879],[80.669,43.827],[80.635,43.846],[80.48,43.786],[80.424,43.797],[80.246,43.757],[80.212,43.762],[80.184,43.801],[80.151,43.786],[80.048,43.815],[80.008,43.805],[79.981,43.823],[79.943,43.808],[79.857,43.83],[79.73,43.908],[79.724,43.929],[79.575,43.972],[79.311,43.903],[79.174,43.845],[79.045,43.825],[78.998,43.842],[78.872,43.843],[78.604,43.822],[78.441,43.863],[78.255,43.881],[78.176,43.867]]]}},{"type":"Feature","properties":{"rank":7},"geometry":{"type":"LineString","coordinates":[[115.574,40.296],[115.589,40.24]]}},{"type":"Feature","properties":{"rank":7},"geometry":{"type":"MultiLineString","coordinates":[[[112.59,39.343],[112.713,39.377],[112.806,39.466],[112.917,39.498],[112.95,39.531],[113.023,39.557],[113.027,39.576],[113.076,39.609],[113.121,39.612],[113.129,39.66],[113.188,39.703],[113.232,39.779],[113.272,39.803],[113.458,39.866],[113.667,39.979],[113.93,40.005],[114.061,40.003],[114.575,40.213],[114.691,40.278],[114.814,40.276],[114.943,40.321],[114.993,40.354],[115.055,40.347],[115.135,40.367],[115.434,40.351],[115.496,40.36],[115.53,40.346],[115.574,40.296]],[[112.336,39.165],[112.38,39.274],[112.462,39.313],[112.59,39.337]]]}},{"type":"Feature","properties":{"rank":7},"geometry":{"type":"MultiLineString","coordinates":[[[108.863,40.914],[108.872,40.933],[108.861,40.948]],[[108.845,40.902],[108.74,40.838],[108.71,40.803]]]}},{"type":"Feature","properties":{"rank":7},"geometry":{"type":"MultiLineString","coordinates":[[[108.191,41.203],[108.354,41.174],[108.471,41.185],[108.552,41.162],[108.565,41.135],[108.615,41.14],[108.597,41.124],[108.637,41.084],[108.69,41.07],[108.693,41.058],[108.745,41.057],[108.784,41.0]],[[107.952,41.171],[108.097,41.225],[108.094,41.242],[108.191,41.203]],[[107.952,41.171],[107.953,41.171]],[[108.784,41.0],[108.803,40.971],[108.861,40.948]],[[108.863,40.914],[108.845,40.902]],[[107.841,40.899],[107.878,40.916],[108.07,40.933],[108.154,41.023],[108.16,41.059],[108.142,41.122],[108.17,41.195],[108.191,41.203]],[[107.841,40.899],[107.971,40.875],[108.159,40.916],[108.235,40.917],[108.338,40.999],[108.384,41.063],[108.41,41.07],[108.525,41.07],[108.747,41.021],[108.784,41.0]],[[107.682,40.858],[107.69,40.907],[107.758,41.009],[107.75,41.118],[107.786,41.14],[107.952,41.171]],[[108.71,40.803],[108.663,40.748],[108.65,40.698],[108.677,40.639]],[[107.301,40.681],[107.44,40.863],[107.448,40.91],[107.484,40.968],[107.511,41.09],[107.555,41.179],[107.546,41.216],[107.682,41.246],[107.789,41.195],[107.872,41.18],[107.935,41.191],[107.952,41.171]],[[107.301,40.681],[107.757,40.892],[107.841,40.899]],[[107.3,40.68],[107.301,40.681]],[[107.118,40.521],[107.075,40.646],[107.028,40.682],[106.961,40.799],[106.963,40.899],[106.934,40.963],[106.935,41.0],[107.058,41.047],[107.104,41.085],[107.134,41.139],[107.207,41.149],[107.204,41.182],[107.458,41.254],[107.666,41.27],[107.795,41.195]],[[107.118,40.521],[107.164,40.601],[107.301,40.681]],[[107.141,40.453],[107.118,40.521]],[[107.031,40.31],[107.046,40.381],[107.118,40.521]]]}},{"type":"Feature","properties":{"rank":2},"geometry":{"type":"LineString","coordinates":[[87.66,29.151],[87.687,29.166],[87.668,29.217],[87.776,29.333],[87.985,29.399],[88.09,29.383],[88.168,29.337],[88.234,29.377],[88.259,29.364],[88.3,29.371],[88.342,29.335],[88.403,29.33],[88.495,29.364],[88.851,29.334],[88.872,29.344],[88.912,29.328],[88.979,29.381],[89.016,29.385],[89.055,29.349],[89.122,29.342],[89.167,29.371],[89.246,29.357],[89.28,29.377],[89.43,29.348],[89.661,29.371],[89.764,29.325],[89.811,29.322],[90.013,29.367],[90.286,29.336],[90.397,29.289],[90.427,29.253],[90.582,29.284],[90.7,29.348],[90.74,29.354],[90.764,29.295],[90.849,29.344],[90.89,29.344],[90.959,29.316],[90.99,29.33],[91.038,29.316],[91.114,29.335],[91.138,29.318],[91.302,29.284],[91.57,29.305],[91.663,29.287],[91.769,29.288],[91.865,29.307],[91.949,29.293],[91.992,29.261],[92.025,29.267],[92.059,29.299],[92.128,29.304],[92.356,29.236],[92.398,29.271],[92.422,29.269],[92.473,29.254],[92.525,29.158],[92.593,29.161],[92.581,29.131],[92.594,29.117],[92.663,29.14],[92.736,29.096],[92.87,29.097],[92.938,29.059],[92.995,29.053],[93.042,29.064],[93.106,29.129],[93.149,29.037],[93.283,29.004],[93.347,29.029],[93.474,29.185],[93.621,29.182],[93.631,29.161],[93.687,29.169],[93.73,29.155],[93.778,29.169],[93.848,29.155],[93.911,29.195],[94.026,29.225],[94.179,29.217],[94.355,29.309]]}},{"type":"Feature","properties":{"rank":2},"geometry":{"type":"MultiLineString","coordinates":[[[73.721,54.693],[73.608,54.731],[73.563,54.797],[73.477,54.842],[73.357,54.837],[73.303,54.852],[73.333,54.925],[73.358,54.948],[73.36,54.995],[73.165,55.035],[73.139,55.088],[73.147,55.131],[73.195,55.206],[73.176,55.24],[73.134,55.258],[72.984,55.235],[73.016,55.311],[73.076,55.342],[73.154,55.355],[73.271,55.438],[73.439,55.485],[73.468,55.54],[73.499,55.56],[73.823,55.65],[73.932,55.71],[74.042,55.73],[74.225,55.722],[74.367,55.744],[74.411,55.778],[74.446,55.838],[74.578,55.903],[74.679,56.0]],[[73.721,54.693],[73.728,54.693]],[[74.993,53.985],[74.893,54.008],[74.93,54.018],[74.913,54.036],[74.934,54.084],[74.9,54.115],[74.813,54.141],[74.681,54.256],[74.633,54.362],[74.595,54.394],[74.447,54.414],[74.34,54.511],[74.257,54.55],[74.072,54.562],[73.874,54.662],[73.721,54.693]]]}},{"type":"Feature","properties":{"rank":7},"geometry":{"type":"LineString","coordinates":[[80.923,30.552],[81.025,30.541],[81.09,30.476],[81.108,30.383],[81.169,30.318],[81.197,30.223],[81.325,30.155],[81.46,30.169],[81.541,30.071],[81.636,30.044],[81.746,30.036],[81.779,29.976],[81.86,29.926],[81.857,29.889],[81.876,29.846],[81.863,29.807],[82.013,29.746],[81.986,29.704],[81.878,29.656],[81.858,29.625],[81.777,29.613],[81.78,29.534],[81.725,29.497],[81.708,29.467],[81.708,29.401],[81.738,29.352],[81.743,29.312],[81.723,29.28],[81.615,29.223],[81.605,29.182],[81.409,29.023],[81.414,28.98],[81.528,28.852],[81.571,28.769],[81.512,28.749],[81.525,28.765],[81.516,28.808],[81.425,28.903],[81.337,28.894],[81.293,28.914],[81.207,28.907],[81.053,28.976],[80.992,28.935],[81.078,28.862],[81.135,28.866],[81.161,28.829],[81.21,28.811],[81.19,28.859],[81.204,28.852],[81.227,28.826],[81.276,28.697],[81.264,28.585],[81.218,28.407],[81.193,28.366],[81.197,28.339],[81.162,28.311],[81.099,28.339],[81.065,28.253],[81.127,28.171],[81.133,28.11],[81.17,28.094],[81.183,28.071],[81.155,28.027],[81.214,27.999],[81.238,27.948],[81.299,27.92],[81.272,27.876],[81.286,27.845],[81.272,27.821],[81.28,27.769],[81.252,27.714],[81.308,27.666],[81.306,27.538],[81.354,27.446],[81.396,27.413],[81.413,27.31],[81.454,27.283],[81.458,27.256],[81.43,27.222],[81.458,27.184],[81.448,27.142],[81.478,27.098],[81.474,27.076],[81.5,27.058],[81.568,27.063],[81.606,27.047],[81.719,26.947],[81.738,26.91],[81.787,26.896],[81.843,26.807],[81.968,26.788],[82.094,26.853],[82.229,26.816],[82.246,26.796],[82.225,26.769],[82.324,26.717],[82.355,26.674],[82.418,26.648],[82.475,26.658],[82.571,26.613],[82.649,26.613],[82.703,26.561],[82.814,26.577],[83.004,26.476],[83.076,26.399],[83.322,26.351],[83.428,26.271],[83.465,26.262],[83.507,26.276],[83.707,26.268],[83.774,26.248],[83.861,26.185],[83.897,26.125],[84.107,26.086],[84.15,26.066],[84.175,26.022],[84.206,26.015],[84.225,25.963],[84.261,25.931],[84.374,25.94],[84.456,25.869],[84.531,25.862],[84.605,25.799],[84.641,25.733],[84.713,25.741]]}},{"type":"Feature","properties":{"rank":7},"geometry":{"type":"LineString","coordinates":[[96.903,25.631],[96.876,25.704],[96.897,25.731],[96.901,25.814],[96.955,25.928],[96.987,25.95],[97.017,26.011],[97.013,26.05],[97.06,26.14],[97.053,26.191],[96.945,26.303],[96.857,26.329],[96.804,26.378],[96.773,26.364],[96.739,26.392],[96.698,26.372],[96.568,26.419],[96.486,26.509],[96.451,26.495],[96.403,26.512],[96.413,26.55],[96.367,26.545],[96.334,26.584],[96.285,26.583],[96.3,26.637],[96.266,26.639],[96.28,26.618],[96.25,26.588],[96.225,26.591],[96.254,26.511],[96.246,26.482],[96.231,26.502],[96.223,26.381],[96.204,26.358],[96.157,26.358],[96.144,26.34],[96.186,26.3],[96.157,26.282],[96.091,26.29],[96.043,26.275],[96.008,26.194],[95.954,26.164],[95.883,26.076],[95.884,26.037],[95.861,26.015],[95.821,26.023],[95.807,26.068],[95.758,26.022],[95.707,26.025],[95.704,25.981],[95.675,26.02],[95.642,26.0],[95.635,25.954],[95.588,25.933],[95.595,25.899],[95.567,25.878],[95.577,25.852],[95.522,25.815],[95.516,25.785],[95.437,25.731],[95.415,25.681],[95.443,25.607],[95.42,25.544],[95.382,25.525],[95.361,25.385],[95.287,25.354],[95.283,25.322],[95.217,25.283],[95.2,25.248],[95.135,25.255],[95.077,25.22],[95.04,25.131],[95.042,25.101],[94.987,25.06],[94.971,24.981],[94.948,24.985],[94.921,24.939],[94.861,24.9],[94.935,24.844],[94.934,24.826],[94.878,24.806],[94.875,24.775],[94.845,24.759],[94.738,24.726],[94.697,24.649],[94.683,24.569],[94.732,24.522],[94.718,24.512],[94.728,24.456],[94.708,24.432],[94.767,24.413],[94.822,24.325],[94.822,24.289],[94.807,24.275],[94.733,24.271],[94.699,24.254],[94.697,24.193],[94.664,24.159],[94.644,24.151],[94.625,24.18],[94.591,24.171],[94.615,24.117],[94.606,24.066],[94.553,24.028],[94.561,24.001],[94.624,23.961],[94.622,23.933],[94.508,23.888],[94.539,23.823],[94.426,23.723],[94.428,23.543],[94.328,23.43],[94.32,23.391],[94.34,23.337],[94.369,23.313],[94.307,23.212],[94.335,23.193],[94.347,23.114],[94.436,23.048],[94.44,23.029],[94.418,22.997],[94.396,22.986],[94.376,23.001],[94.362,22.988],[94.384,22.948],[94.496,22.937],[94.528,22.888],[94.55,22.884],[94.66,22.911],[94.677,22.983],[94.705,22.986],[94.74,22.966],[94.738,22.907],[94.76,22.88],[94.756,22.858],[94.69,22.794],[94.728,22.726],[94.776,22.7],[94.76,22.62],[94.807,22.541],[94.819,22.47],[94.93,22.396],[94.982,22.393],[95.119,22.11],[95.135,22.073],[95.128,21.948],[95.146,21.839],[95.242,21.711],[95.268,21.622],[95.259,21.526],[95.272,21.444]]}},{"type":"Feature","properties":{"rank":7},"geometry":{"type":"LineString","coordinates":[[108.066,11.885],[108.092,11.922],[108.087,11.94],[108.022,12.007],[108.013,12.046],[107.985,12.064],[107.986,12.091],[107.998,12.125],[108.053,12.146],[108.113,12.143],[108.128,12.2],[108.046,12.29],[107.978,12.307],[107.941,12.353],[107.935,12.424],[107.977,12.433],[108.005,12.486],[107.91,12.537],[107.911,12.566],[107.946,12.584],[107.947,12.602],[107.913,12.744],[107.867,12.764],[107.869,12.806],[107.832,12.815],[107.82,12.864],[107.777,12.876],[107.79,12.913],[107.772,12.906],[107.693,12.937],[107.646,12.985],[107.553,12.978],[107.539,13.002],[107.425,13.067],[107.377,13.237]]}},{"type":"Feature","properties":{"rank":7},"geometry":{"type":"MultiLineString","coordinates":[[[106.73,27.317],[106.836,27.324],[106.907,27.269],[106.991,27.358],[107.018,27.359],[107.076,27.324],[107.149,27.358],[107.189,27.354],[107.183,27.325],[107.121,27.249],[107.142,27.235],[107.238,27.251],[107.36,27.3],[107.388,27.324],[107.425,27.403],[107.504,27.454],[107.561,27.395],[107.614,27.372],[107.667,27.382],[107.745,27.489],[107.77,27.479],[107.813,27.54],[107.882,27.557],[107.888,27.636],[108.04,27.725],[108.087,27.736],[108.138,27.794],[108.161,27.804],[108.21,27.791],[108.246,27.953],[108.187,28.052],[108.245,28.187],[108.21,28.236],[108.251,28.305],[108.303,28.338],[108.301,28.362],[108.265,28.38],[108.272,28.392],[108.338,28.41],[108.403,28.451],[108.409,28.489],[108.458,28.503],[108.503,28.612],[108.505,28.639],[108.33,28.689],[108.32,28.739],[108.375,28.794],[108.341,28.859],[108.34,28.919],[108.301,29.005],[108.29,29.136],[108.184,29.224],[108.108,29.386],[108.072,29.396],[107.952,29.384],[107.938,29.326],[107.882,29.257],[107.816,29.321],[107.728,29.346],[107.645,29.397],[107.562,29.409],[107.515,29.442],[107.47,29.518],[107.474,29.583],[107.412,29.607],[107.388,29.64],[107.402,29.73]],[[106.73,27.317],[106.724,27.317]],[[104.592,26.808],[104.757,26.699],[104.787,26.705],[104.822,26.685],[104.86,26.705],[104.931,26.687],[104.956,26.638],[105.0,26.646],[105.051,26.692],[105.127,26.642],[105.184,26.664],[105.195,26.598],[105.216,26.591],[105.231,26.551],[105.288,26.536],[105.326,26.556],[105.346,26.545],[105.375,26.429],[105.471,26.34],[105.563,26.34],[105.61,26.376],[105.675,26.392],[105.716,26.386],[105.737,26.4],[105.787,26.387],[106.109,26.499],[106.162,26.626],[106.132,26.657],[106.162,26.674],[106.172,26.708],[106.163,26.777],[106.127,26.817],[106.13,26.838],[106.22,26.893],[106.27,26.868],[106.318,26.899],[106.35,26.889],[106.377,26.966],[106.437,26.995],[106.401,27.128],[106.45,27.194],[106.49,27.194],[106.642,27.298],[106.73,27.317]]]}},{"type":"Feature","properties":{"rank":7},"geometry":{"type":"LineString","coordinates":[[110.616,25.487],[110.687,25.536],[110.706,25.578],[110.678,25.627],[110.739,25.713],[110.826,25.755],[110.893,25.843],[110.955,25.886],[110.972,25.878],[111.006,25.906],[111.04,25.899],[111.048,25.92],[111.088,25.94],[111.096,25.988],[111.16,26.021],[111.26,26.265],[111.283,26.273],[111.273,26.303],[111.39,26.331],[111.438,26.309],[111.487,26.323],[111.514,26.29],[111.527,26.303],[111.59,26.27],[111.607,26.307],[111.59,26.35],[111.604,26.407],[111.582,26.433],[111.637,26.515],[111.713,26.577],[111.705,26.611],[111.739,26.571],[111.74,26.55],[111.765,26.595],[111.798,26.598],[111.811,26.577],[111.863,26.598],[111.868,26.506],[111.9,26.525],[111.951,26.465],[111.984,26.454],[112.048,26.467],[112.034,26.482],[112.048,26.496],[112.133,26.501],[112.189,26.548],[112.229,26.541],[112.18,26.488],[112.219,26.472],[112.276,26.48],[112.3,26.508],[112.302,26.564],[112.316,26.576],[112.36,26.556],[112.411,26.598],[112.431,26.57],[112.462,26.564],[112.483,26.584],[112.52,26.577],[112.627,26.622],[112.63,26.659],[112.677,26.751],[112.61,26.755],[112.583,26.789],[112.591,26.808],[112.648,26.827],[112.665,26.858],[112.616,26.885],[112.61,26.903],[112.651,26.975],[112.653,27.016],[112.682,27.03],[112.716,26.989],[112.757,27.001],[112.728,27.082],[112.807,27.101],[112.804,27.133],[112.847,27.16],[112.844,27.201],[112.861,27.235],[112.92,27.286],[112.932,27.324],[112.908,27.385],[112.913,27.423],[112.973,27.448],[113.0,27.399],[113.044,27.399],[113.035,27.454],[113.138,27.517],[113.103,27.636],[113.124,27.714],[113.11,27.766],[113.137,27.821],[113.13,27.841],[113.083,27.859],[113.016,27.851],[112.944,27.802],[112.891,27.811],[112.884,27.848],[112.991,27.958],[112.932,28.044],[112.959,28.201],[112.954,28.279],[112.844,28.385],[112.766,28.507],[112.762,28.545],[112.81,28.588],[112.805,28.626],[112.776,28.649],[112.713,28.639],[112.711,28.674],[112.793,28.717],[112.826,28.766],[112.873,28.776],[112.884,28.794],[112.884,28.955],[113.01,29.068],[113.013,29.11],[112.993,29.147]]}},{"type":"Feature","properties":{"rank":7},"geometry":{"type":"MultiLineString","coordinates":[[[113.72,32.416],[113.765,32.423],[113.796,32.409],[113.804,32.425],[113.85,32.409],[113.883,32.318],[113.905,32.303],[113.899,32.276],[113.953,32.241],[114.021,32.249],[114.062,32.31],[114.084,32.397],[114.13,32.449],[114.182,32.41],[114.213,32.409],[114.31,32.36],[114.364,32.286],[114.44,32.278],[114.49,32.3],[114.521,32.287],[114.622,32.312],[114.658,32.313],[114.659,32.287],[114.717,32.319],[114.947,32.272],[114.981,32.299],[115.033,32.293],[115.077,32.306],[115.108,32.368],[115.224,32.333],[115.348,32.381],[115.367,32.397],[115.351,32.409],[115.361,32.421],[115.392,32.409],[115.426,32.434],[115.53,32.401],[115.564,32.409]],[[115.564,32.402],[115.609,32.416],[115.646,32.402],[115.693,32.491],[115.741,32.479],[115.754,32.498],[115.789,32.47],[115.843,32.542],[115.884,32.571],[115.989,32.61],[116.107,32.524],[116.136,32.457],[116.174,32.429],[116.242,32.46],[116.257,32.496],[116.289,32.519],[116.44,32.436],[116.481,32.445],[116.521,32.501]]]}},{"type":"Feature","properties":{"rank":7},"geometry":{"type":"LineString","coordinates":[[111.027,49.795],[111.039,49.837],[111.181,49.949],[111.181,50.01],[111.144,50.134],[111.186,50.271],[111.212,50.298],[111.311,50.316],[111.397,50.395],[111.409,50.426],[111.455,50.452],[111.488,50.503],[111.479,50.575],[111.259,50.676],[111.231,50.713],[111.226,50.735],[111.279,50.772],[111.307,50.855],[111.349,50.861],[111.368,50.833],[111.445,50.855],[111.487,50.84],[111.554,50.848],[111.585,50.884],[111.675,50.918],[111.758,50.927],[111.816,51.0],[112.124,51.075],[112.149,51.111],[112.246,51.148],[112.322,51.21],[112.42,51.252],[112.438,51.313],[112.534,51.395],[112.768,51.471],[112.844,51.546],[112.94,51.587],[113.079,51.734],[113.083,51.803],[113.137,51.878],[113.217,51.944],[113.359,52.004],[113.445,52.003],[113.495,52.019],[113.533,52.011],[113.593,51.978],[113.657,51.887],[113.739,51.844],[113.74,51.786],[113.859,51.747],[113.926,51.752],[113.96,51.728],[113.983,51.671],[114.042,51.642],[114.104,51.635],[114.128,51.607],[114.326,51.604],[114.367,51.623],[114.495,51.642],[114.575,51.639],[114.636,51.675],[114.746,51.704],[114.821,51.759],[115.046,51.746],[115.375,51.792],[115.464,51.763],[115.513,51.775],[115.676,51.759],[115.828,51.722]]}},{"type":"Feature","properties":{"rank":7},"geometry":{"type":"LineString","coordinates":[[117.389,53.885],[117.619,53.906],[117.758,53.941],[117.805,53.997],[117.87,54.033],[117.92,54.104],[118.013,54.144],[118.014,54.178],[118.041,54.222],[118.101,54.224],[118.131,54.265],[118.33,54.284],[118.63,54.358],[118.721,54.355],[118.771,54.372],[118.808,54.358],[118.888,54.386],[118.933,54.416],[118.942,54.461],[118.982,54.454],[119.048,54.486],[119.052,54.526],[119.085,54.536],[119.058,54.577],[119.113,54.577],[119.12,54.646],[119.196,54.645],[119.181,54.659],[119.249,54.686],[119.305,54.749],[119.286,54.759],[119.291,54.811],[119.268,54.828],[119.333,54.844],[119.278,54.866],[119.358,54.868],[119.367,54.851],[119.483,54.866],[119.449,54.893],[119.449,54.915],[119.428,54.92],[119.476,54.924],[119.469,54.934],[119.512,54.954],[119.552,54.954],[119.587,54.981],[119.587,55.002],[119.621,54.982],[119.633,55.003],[119.682,55.002],[119.694,55.016],[119.66,55.05],[119.661,55.078],[119.817,55.139],[119.832,55.158],[119.812,55.174],[119.854,55.214],[119.97,55.248],[119.968,55.26],[119.914,55.276],[120.012,55.311],[120.165,55.424],[120.35,55.441],[120.364,55.406],[120.498,55.386],[120.546,55.409],[120.54,55.438],[120.593,55.447],[120.606,55.471],[120.677,55.464],[120.691,55.502],[120.75,55.516],[120.792,55.572],[120.857,55.562],[120.86,55.578],[120.826,55.605],[120.83,55.621],[120.902,55.591],[120.992,55.597],[121.032,55.628],[121.112,55.638],[121.121,55.657],[121.203,55.694],[121.281,55.695],[121.3,55.658],[121.32,55.654],[121.367,55.667],[121.34,55.688],[121.36,55.694],[121.552,55.708],[121.574,55.725],[121.532,55.76],[121.537,55.774],[121.607,55.83],[121.517,55.861],[121.522,55.905],[121.498,55.934],[121.538,55.95],[121.547,55.991],[121.605,56.0]]}},{"type":"Feature","properties":{"rank":7},"geometry":{"type":"LineString","coordinates":[[84.959,43.366],[84.926,43.371],[84.87,43.299],[84.738,43.244],[84.46,43.27],[84.361,43.257],[84.146,43.311],[84.028,43.321],[83.844,43.381],[83.725,43.455],[83.556,43.466],[83.416,43.511],[83.297,43.513],[83.16,43.537],[82.831,43.521],[82.65,43.554],[82.535,43.598],[82.368,43.613],[82.219,43.593],[81.986,43.656],[81.752,43.62]]}},{"type":"Feature","properties":{"rank":7},"geometry":{"type":"LineString","coordinates":[[85.754,28.551],[85.726,28.633],[85.788,28.687],[85.831,28.669],[85.905,28.675],[86.011,28.651],[86.077,28.653],[86.121,28.675],[86.156,28.753],[86.261,28.807],[86.354,28.797],[86.398,28.776],[86.427,28.669],[86.495,28.606],[86.58,28.626],[86.751,28.606],[86.792,28.62],[87.008,28.592],[87.118,28.62],[87.18,28.598],[87.273,28.612],[87.364,28.585],[87.464,28.506],[87.512,28.499],[87.605,28.441],[87.614,28.422],[87.563,28.407],[87.468,28.337],[87.45,28.273],[87.357,28.263],[87.333,28.198],[87.337,28.132],[87.369,28.09],[87.385,28.013],[87.371,27.965],[87.385,27.941],[87.371,27.914],[87.413,27.873],[87.442,27.774],[87.362,27.75],[87.372,27.689],[87.33,27.599],[87.214,27.537],[87.14,27.456],[87.149,27.413],[87.202,27.35],[87.193,27.324],[87.211,27.307],[87.214,27.248],[87.246,27.224],[87.275,27.153],[87.197,27.082],[87.197,27.011],[87.162,26.956],[87.175,26.903],[87.159,26.848],[87.003,26.722],[86.961,26.604],[86.968,26.556],[86.926,26.496],[86.754,26.364],[86.637,26.318],[86.548,26.205],[86.528,26.154],[86.461,26.09],[86.418,25.989],[86.453,25.874],[86.419,25.81],[86.453,25.769],[86.467,25.72],[86.592,25.629],[86.659,25.625],[86.734,25.543],[86.729,25.527],[86.759,25.518],[86.809,25.467],[86.928,25.479],[87.036,25.426],[87.187,25.461],[87.259,25.434],[87.331,25.455],[87.474,25.425],[87.568,25.375],[87.608,25.371],[87.631,25.331],[87.706,25.299],[87.758,25.244]]}},{"type":"Feature","properties":{"rank":2},"geometry":{"type":"MultiLineString","coordinates":[[[103.09,18.137],[103.138,18.166],[103.167,18.249],[103.295,18.287],[103.233,18.349],[103.26,18.4],[103.386,18.441],[103.548,18.415],[103.695,18.353],[103.784,18.344],[103.831,18.32],[103.857,18.286],[103.88,18.284],[103.95,18.333],[104.018,18.299],[104.122,18.095],[104.21,18.008],[104.269,17.874],[104.352,17.819],[104.451,17.666],[104.702,17.527],[104.792,17.423],[104.818,17.361],[104.813,17.194],[104.74,17.002],[104.778,16.705],[104.752,16.615],[104.754,16.529],[104.855,16.454],[104.907,16.353],[105.015,16.276],[105.032,16.165],[105.057,16.121],[105.237,16.05],[105.421,16.01],[105.362,15.955],[105.36,15.919],[105.411,15.799],[105.447,15.765],[105.524,15.763],[105.612,15.721],[105.65,15.634],[105.604,15.439],[105.485,15.375],[105.482,15.334],[105.632,15.32],[105.659,15.288],[105.675,15.229],[105.766,15.132]],[[101.563,17.82],[101.577,17.868],[101.6,17.854],[101.635,17.894],[101.728,17.912],[101.765,18.04],[101.79,18.073],[101.883,18.031],[101.903,18.037],[102.078,18.214],[102.171,18.2],[102.191,18.152],[102.306,18.051],[102.366,18.039],[102.445,17.977],[102.567,17.971],[102.599,17.955],[102.611,17.915],[102.594,17.841],[102.682,17.81],[102.672,17.865],[102.737,17.89],[102.852,17.972],[102.954,18.012],[103.02,17.984],[103.037,17.99],[103.072,18.035],[103.065,18.112],[103.092,18.141]],[[105.781,15.12],[105.833,15.091],[105.855,15.041],[105.896,15.003],[105.903,14.824],[105.935,14.766],[105.923,14.721],[105.876,14.671],[105.852,14.552],[105.851,14.477],[105.88,14.322],[105.841,14.23],[105.84,14.165],[105.815,14.102],[105.879,14.013],[105.933,14.0],[105.976,13.966],[105.972,13.919],[106.003,13.876],[105.975,13.778],[106.036,13.686],[106.013,13.597],[105.944,13.513],[105.904,13.406],[105.956,13.332],[105.967,13.248],[106.045,13.154],[106.043,13.035],[106.016,12.986],[106.011,12.931],[105.974,12.88],[105.958,12.809],[106.007,12.713],[106.016,12.598],[105.998,12.523],[106.037,12.438],[106.048,12.331],[106.027,12.286],[105.983,12.261],[105.808,12.254],[105.604,12.3],[105.572,12.294],[105.537,12.233],[105.556,12.141],[105.523,12.055],[105.474,12.009],[105.457,11.935],[105.41,11.91],[105.346,11.934],[105.183,11.94],[105.148,11.919],[105.121,11.859],[104.993,11.839],[104.983,11.806],[105.02,11.767],[104.946,11.685],[104.952,11.594]],[[104.95,11.592],[104.951,11.59]],[[104.951,11.59],[104.951,11.59]],[[104.951,11.59],[104.985,11.554],[105.157,11.479],[105.258,11.397],[105.29,11.233],[105.236,11.154],[105.193,11.022],[105.215,10.845],[105.241,10.805],[105.314,10.797],[105.347,10.764],[105.386,10.599],[105.514,10.529],[105.566,10.456],[105.631,10.417],[105.711,10.402],[105.799,10.319],[105.897,10.29],[105.984,10.284],[106.118,10.237]],[[104.951,11.59],[104.956,11.558],[104.939,11.526],[104.951,11.48],[105.05,11.444],[105.013,11.378],[105.056,11.316],[105.042,11.224],[105.071,11.176],[105.065,10.984],[105.083,10.955],[105.113,10.949],[105.097,10.898],[105.108,10.852],[105.086,10.813],[105.127,10.753],[105.135,10.711],[105.214,10.674],[105.224,10.622],[105.253,10.575],[105.334,10.545],[105.353,10.466],[105.439,10.414],[105.663,10.147],[105.837,10.004]]]}},{"type":"Feature","properties":{"rank":7},"geometry":{"type":"LineString","coordinates":[[117.489,27.866],[117.455,27.791],[117.441,27.708],[117.397,27.693],[117.343,27.618],[117.337,27.538],[117.445,27.361],[117.578,27.263],[117.58,27.162],[117.675,27.055],[117.668,27.022],[117.75,26.91],[117.75,26.875],[117.78,26.815],[117.835,26.777],[117.894,26.79],[117.982,26.755],[118.003,26.694],[117.962,26.633],[117.996,26.618],[118.013,26.591],[118.092,26.591],[118.157,26.642],[118.236,26.625],[118.366,26.547],[118.408,26.468],[118.387,26.417],[118.408,26.404],[118.657,26.417],[118.678,26.363],[118.853,26.273],[118.842,26.248],[118.866,26.22],[118.993,26.194],[119.024,26.201],[119.093,26.145]]}},{"type":"Feature","properties":{"rank":2},"geometry":{"type":"LineString","coordinates":[[94.355,29.309],[94.482,29.428],[94.582,29.481],[94.654,29.489],[94.706,29.464],[94.817,29.491],[94.875,29.54],[94.924,29.609],[94.926,29.621],[94.885,29.633],[94.916,29.668],[94.891,29.697],[94.903,29.716],[94.954,29.756],[95.124,29.764],[95.092,29.813],[95.128,29.88],[95.195,29.892],[95.224,29.866],[95.296,29.863],[95.307,29.843],[95.288,29.811],[95.384,29.771],[95.379,29.717],[95.396,29.687],[95.388,29.594],[95.425,29.537],[95.437,29.463],[95.254,29.288],[95.201,29.278],[95.044,29.176],[95.0,29.168],[94.997,29.13],[94.908,29.051],[94.904,29.02],[94.831,28.95],[94.788,28.934],[94.773,28.854],[94.793,28.824],[94.915,28.82],[94.926,28.742],[94.975,28.712],[94.977,28.682],[94.999,28.681],[95.031,28.616],[95.097,28.539],[95.092,28.405],[95.013,28.326],[94.992,28.286],[94.989,28.25],[95.031,28.173],[95.129,28.148],[95.2,28.178],[95.255,28.168],[95.316,28.088],[95.393,28.054],[95.396,28.002]]}},{"type":"Feature","properties":{"rank":7},"geometry":{"type":"LineString","coordinates":[[104.264,14.26],[104.228,14.28],[104.155,14.279],[103.85,14.148],[103.672,13.985],[103.597,13.957],[103.538,13.914],[103.46,13.9],[103.42,13.871],[103.416,13.773],[103.431,13.715],[103.403,13.648],[103.405,13.428],[103.421,13.382],[103.461,13.356],[103.506,13.362],[103.556,13.278],[103.687,13.224]]}},{"type":"Feature","properties":{"rank":7},"geometry":{"type":"LineString","coordinates":[[91.776,28.291],[91.777,28.083],[91.828,27.939],[91.811,27.89],[91.748,27.802],[91.751,27.708],[91.696,27.592],[91.685,27.515],[91.579,27.433],[91.558,27.399],[91.557,27.358],[91.529,27.321],[91.391,27.243],[91.358,27.105],[91.219,27.012],[91.162,26.89],[91.025,26.879],[90.974,26.866],[90.945,26.838],[90.957,26.787],[90.93,26.771],[90.908,26.728],[90.915,26.653],[90.84,26.482],[90.856,26.419],[90.799,26.331],[90.75,26.318],[90.722,26.263],[90.66,26.243],[90.648,26.192]]}},{"type":"Feature","properties":{"rank":7},"geometry":{"type":"LineString","coordinates":[[101.759,22.434],[101.752,22.374],[101.819,22.21],[101.778,22.07],[101.785,22.03],[101.823,22.052],[102.09,22.089],[102.182,22.124],[102.225,22.112],[102.253,22.08],[102.315,21.917],[102.286,21.871],[102.198,21.812],[102.186,21.777],[102.212,21.695],[102.257,21.662],[102.255,21.627],[102.326,21.573],[102.346,21.352],[102.39,21.288],[102.458,21.265],[102.476,21.135],[102.497,21.085],[102.686,21.065],[102.747,20.999],[102.769,20.91],[102.756,20.878],[102.7,20.83],[102.66,20.816],[102.652,20.792],[102.67,20.706],[102.638,20.592],[102.608,20.574],[102.58,20.578],[102.557,20.47],[102.441,20.381],[102.421,20.292],[102.359,20.25],[102.302,20.119],[102.224,20.048]]}},{"type":"Feature","properties":{"rank":7},"geometry":{"type":"LineString","coordinates":[[98.864,38.158],[98.871,38.124],[98.797,37.991],[98.816,37.943],[98.807,37.898],[98.692,37.726],[98.631,37.716],[98.598,37.692],[98.644,37.638],[98.702,37.445],[98.75,37.411],[98.965,37.363],[99.14,37.268],[99.565,37.132],[99.631,37.08],[99.784,37.004],[99.838,37.0]]}},{"type":"Feature","properties":{"rank":7},"geometry":{"type":"LineString","coordinates":[[73.074,50.63],[72.939,50.63],[72.898,50.61],[72.866,50.653],[72.698,50.703],[72.583,50.699],[72.539,50.718],[72.37,50.734],[72.296,50.782],[72.234,50.802],[72.164,50.862],[72.162,50.89],[72.21,50.937],[72.206,51.02],[72.152,50.98],[72.073,51.021],[72.003,51.023],[71.909,51.076],[71.867,51.076],[71.85,51.048],[71.808,51.039],[71.685,51.117],[71.604,51.124],[71.48,51.109],[71.435,51.152],[71.329,51.178],[71.266,51.215],[71.059,51.267],[70.98,51.309],[70.814,51.294],[70.589,51.336],[70.568,51.317],[70.518,51.315],[70.398,51.267],[70.198,51.281],[70.082,51.327],[70.002,51.336],[69.733,51.522],[69.441,51.578],[69.303,51.647],[69.198,51.672],[69.19,51.69],[69.132,51.719],[69.071,51.72],[68.978,51.746],[68.826,51.708],[68.612,51.734],[68.375,51.7],[68.177,51.641],[68.066,51.584],[67.904,51.587],[67.81,51.544],[67.584,51.59],[67.388,51.568],[67.237,51.516],[67.252,51.474],[67.154,51.402],[67.159,51.376],[67.224,51.343],[67.189,51.314],[67.177,51.263],[67.119,51.235],[67.025,51.247],[66.971,51.213],[66.929,51.206],[66.909,51.22],[66.848,51.192],[66.806,51.213],[66.748,51.158],[66.614,51.127],[66.587,51.099],[66.498,51.073],[66.471,51.035],[66.43,51.055],[66.358,51.053],[66.339,51.071],[66.368,51.123],[66.361,51.202],[66.443,51.24],[66.492,51.319],[66.55,51.35],[66.553,51.37],[66.512,51.384],[66.488,51.422],[66.434,51.442],[66.423,51.467],[66.443,51.569],[66.471,51.623],[66.406,51.682],[66.397,51.704],[66.42,51.732],[66.409,51.747],[66.309,51.758],[66.274,51.816],[66.255,51.918],[66.32,51.946],[66.332,51.974],[66.238,52.104],[66.289,52.18],[66.334,52.213],[66.406,52.248],[66.517,52.254],[66.538,52.263],[66.555,52.302],[66.622,52.309],[66.706,52.411],[66.759,52.446],[66.765,52.48],[66.746,52.502],[66.689,52.504],[66.655,52.545],[66.538,52.561],[66.528,52.603],[66.6,52.638],[66.622,52.693],[66.598,52.768],[66.487,52.812],[66.6,52.849],[66.641,52.878],[66.664,52.919],[66.641,52.946],[66.656,52.946],[66.644,52.967],[66.71,53.062],[66.772,53.091],[66.765,53.125],[66.794,53.183],[66.997,53.284],[67.007,53.291],[66.984,53.323],[67.012,53.337]]}},{"type":"Feature","properties":{"rank":7},"geometry":{"type":"MultiLineString","coordinates":[[[85.775,51.695],[85.795,51.708],[85.739,51.766],[85.761,51.805],[85.754,51.819],[85.788,51.846],[85.74,51.86],[85.876,51.919],[85.837,51.982],[85.907,52.036],[85.922,52.089],[85.834,52.27],[85.828,52.343],[85.764,52.422],[85.678,52.443],[85.53,52.441],[85.316,52.49],[85.158,52.47],[85.137,52.436],[85.091,52.445],[85.056,52.433]],[[86.302,49.64],[86.152,49.64],[86.001,49.61]],[[85.996,49.61],[85.735,49.624],[85.703,49.678],[85.623,49.714],[85.606,49.752],[85.495,49.832],[85.502,49.848],[85.481,49.883],[85.488,49.942],[85.431,49.982],[85.433,50.041],[85.494,50.216],[85.584,50.267],[85.664,50.291],[86.0,50.209],[86.078,50.148],[86.234,50.148],[86.317,50.181],[86.562,50.17],[86.612,50.181],[86.723,50.289],[86.694,50.393],[86.633,50.452],[86.647,50.502],[86.593,50.529],[86.521,50.611],[86.539,50.668],[86.492,50.703],[86.536,50.758],[86.531,50.772],[86.462,50.78],[86.482,50.793],[86.426,50.843],[86.412,50.876],[86.339,50.89],[86.288,50.939],[86.27,50.992],[86.161,51.109],[86.193,51.157],[86.092,51.191],[86.092,51.232],[86.034,51.331],[86.032,51.373],[85.997,51.389],[85.986,51.495],[85.923,51.545],[85.908,51.582],[85.8,51.634],[85.77,51.695]]]}},{"type":"Feature","properties":{"rank":2},"geometry":{"type":"MultiLineString","coordinates":[[[95.396,28.002],[95.401,27.971],[95.471,27.871],[95.459,27.843],[95.293,27.742],[95.098,27.691],[95.081,27.64],[95.135,27.687],[95.148,27.663],[95.139,27.629],[94.916,27.571],[94.868,27.502],[94.817,27.499],[94.761,27.458],[94.757,27.419],[94.649,27.351],[94.67,27.338],[94.631,27.316],[94.615,27.276],[94.662,27.311],[94.681,27.305],[94.676,27.282],[94.615,27.249],[94.601,27.194],[94.587,27.228],[94.571,27.218],[94.554,27.101],[94.5,27.096],[94.448,27.059],[94.432,27.007],[94.308,26.927],[94.196,26.924],[94.121,26.852],[94.113,26.869],[94.135,26.906],[94.113,26.912],[94.063,26.879],[93.927,26.831],[93.863,26.765],[93.751,26.732],[93.656,26.714],[93.567,26.751],[93.439,26.768],[93.368,26.718],[93.313,26.739],[93.274,26.737],[93.119,26.647],[92.898,26.653],[92.853,26.612],[92.71,26.611],[92.657,26.59],[92.623,26.533],[92.594,26.517],[92.508,26.515],[92.401,26.536],[92.244,26.471],[92.23,26.441],[92.202,26.454],[92.172,26.442],[92.075,26.38],[92.056,26.303],[91.924,26.268],[91.891,26.238],[91.846,26.239],[91.665,26.166],[91.606,26.17],[91.498,26.139],[91.39,26.17],[91.288,26.165],[91.135,26.213],[90.963,26.174],[90.849,26.13],[90.682,26.19],[90.49,26.228],[90.421,26.168],[89.954,26.01],[89.846,25.888],[89.736,25.691],[89.697,25.572],[89.707,25.483],[89.67,25.324],[89.702,25.241],[89.626,25.074],[89.614,24.937],[89.658,24.869],[89.673,24.791],[89.715,24.726],[89.767,24.549],[89.754,24.283],[89.733,24.223],[89.739,24.122],[89.696,24.016],[89.7,23.958],[89.726,23.884],[89.785,23.796],[89.855,23.746],[89.908,23.674],[89.985,23.644],[90.25,23.461]],[[89.755,24.274],[89.806,24.226],[89.808,24.199],[89.826,24.195],[89.826,24.137],[89.883,24.131],[89.907,24.089],[89.931,24.085],[89.97,24.034],[90.05,24.035],[90.044,24.021],[90.094,24.005],[90.114,23.955],[90.16,23.925],[90.174,23.933],[90.212,23.915],[90.25,23.836],[90.22,23.729],[90.315,23.75],[90.359,23.706],[90.421,23.686],[90.466,23.643],[90.476,23.631],[90.457,23.625],[90.458,23.608],[90.476,23.582]]]}},{"type":"Feature","properties":{"rank":7},"geometry":{"type":"LineString","coordinates":[[73.694,19.005],[73.78,18.951],[73.877,18.848],[73.947,18.731],[73.998,18.705],[73.988,18.683],[74.063,18.638],[74.135,18.604],[74.201,18.621],[74.263,18.67],[74.272,18.636],[74.3,18.632],[74.324,18.579],[74.407,18.573],[74.467,18.525],[74.471,18.546],[74.505,18.498],[74.546,18.504],[74.573,18.478],[74.647,18.459],[74.666,18.471],[74.653,18.477],[74.668,18.497],[74.708,18.504],[74.721,18.483],[74.715,18.407],[74.79,18.395],[74.807,18.351],[74.84,18.339],[74.84,18.313],[74.796,18.285],[74.855,18.253],[74.928,18.257],[74.984,18.237],[75.022,18.251],[75.005,18.201],[75.088,18.216],[75.098,18.196],[75.084,18.131],[75.094,18.116],[75.153,18.114],[75.151,18.095],[75.088,18.063],[75.017,17.977],[75.047,17.963],[75.104,18.002],[75.133,17.995],[75.188,17.943],[75.125,17.888],[75.138,17.875],[75.194,17.878],[75.199,17.858],[75.163,17.82],[75.163,17.787],[75.188,17.768],[75.268,17.761],[75.297,17.717],[75.362,17.679],[75.448,17.71],[75.457,17.657],[75.514,17.645],[75.506,17.61],[75.541,17.601],[75.577,17.553],[75.602,17.559],[75.611,17.539],[75.653,17.539],[75.624,17.483],[75.659,17.467],[75.677,17.425],[75.74,17.415],[75.783,17.374],[75.831,17.417],[75.845,17.402],[75.87,17.416],[75.897,17.352],[75.936,17.325],[76.009,17.353],[76.046,17.344],[76.082,17.293],[76.071,17.265],[76.126,17.243],[76.17,17.196],[76.254,17.16],[76.344,17.181],[76.359,17.148],[76.387,17.148],[76.361,17.119],[76.387,17.093],[76.38,17.066],[76.448,17.14],[76.558,17.182],[76.572,17.176],[76.516,17.115],[76.51,17.086],[76.579,17.093],[76.565,17.074],[76.579,17.059],[76.616,17.086],[76.657,17.086],[76.682,17.066],[76.735,17.152],[76.764,17.134],[76.764,17.093],[76.806,17.043],[76.822,17.038],[76.852,17.059],[76.905,17.043],[76.93,16.991],[76.922,16.947],[76.938,16.895],[76.894,16.839],[76.906,16.825],[76.94,16.832],[77.133,16.726],[77.13,16.648],[77.164,16.637],[77.167,16.576],[77.198,16.517],[77.284,16.415]]}},{"type":"Feature","properties":{"rank":7},"geometry":{"type":"LineString","coordinates":[[88.591,27.695],[88.659,27.605],[88.667,27.571],[88.646,27.549],[88.543,27.523],[88.52,27.401],[88.44,27.276],[88.462,27.246],[88.495,27.232],[88.533,27.154],[88.434,27.066],[88.449,27.012],[88.442,26.963],[88.459,26.926],[88.612,26.749],[88.664,26.663],[88.739,26.595],[88.775,26.46],[88.937,26.276],[89.093,26.138],[89.157,26.009],[89.167,25.954],[89.229,25.923],[89.317,25.83],[89.395,25.82],[89.483,25.759],[89.537,25.674],[89.534,25.634],[89.559,25.559],[89.576,25.542],[89.66,25.525],[89.668,25.467],[89.697,25.432]]}},{"type":"Feature","properties":{"rank":7},"geometry":{"type":"LineString","coordinates":[[107.367,16.107],[107.319,16.181],[107.259,16.227],[107.154,16.203],[107.087,16.148],[107.096,16.129],[107.052,16.14],[107.058,16.107],[107.036,16.046],[106.946,15.982],[106.898,15.878],[106.758,15.833],[106.772,15.781],[106.758,15.729],[106.812,15.719],[106.814,15.681],[106.833,15.688],[106.792,15.637],[106.785,15.548],[106.805,15.524],[106.751,15.5],[106.73,15.448],[106.751,15.455],[106.779,15.375],[106.711,15.33],[106.729,15.285],[106.78,15.249],[106.833,15.105],[106.887,15.072],[106.869,15.052],[106.878,14.997],[106.867,14.969],[106.881,14.948],[106.834,14.908],[106.846,14.866],[106.792,14.852],[106.833,14.818],[106.781,14.814],[106.751,14.794],[106.744,14.763],[106.708,14.755],[106.672,14.702],[106.594,14.675],[106.586,14.642],[106.563,14.635],[106.545,14.599],[106.471,14.564],[106.484,14.523],[106.436,14.523],[106.444,14.499],[106.418,14.466],[106.333,14.448],[106.34,14.407],[106.326,14.366],[106.346,14.324],[106.331,14.311],[106.312,14.332],[106.298,14.317],[106.323,14.289],[106.365,14.275],[106.374,14.263],[106.348,14.245],[106.429,14.181],[106.429,14.158],[106.397,14.133],[106.372,14.059],[106.307,13.983],[106.312,13.934],[106.295,13.876],[106.25,13.818],[106.257,13.777],[106.23,13.742],[106.175,13.728],[106.162,13.68],[106.077,13.586],[106.031,13.571]]}},{"type":"Feature","properties":{"rank":7},"geometry":{"type":"LineString","coordinates":[[106.881,34.207],[106.858,34.196],[106.826,34.204],[106.757,34.146],[106.642,33.965],[106.51,33.924],[106.424,33.834],[106.312,33.795],[106.276,33.735],[106.223,33.759],[106.209,33.723],[106.22,33.666],[106.07,33.573],[106.022,33.514],[106.067,33.378],[106.142,33.322],[106.128,33.274],[106.052,33.204],[106.06,33.162],[106.045,33.129],[106.1,33.08],[106.059,32.985],[105.956,32.933],[105.914,32.88],[105.935,32.824],[105.935,32.744],[105.91,32.744],[105.901,32.724],[105.901,32.686],[105.853,32.549],[105.86,32.491],[105.836,32.445],[105.791,32.423],[105.805,32.395],[105.75,32.387],[105.709,32.319],[105.737,32.303],[105.715,32.272],[105.737,32.205],[105.688,32.149],[105.715,32.128],[105.716,32.093],[105.695,32.08],[105.709,32.066],[105.695,32.052],[105.749,31.992],[105.743,31.943],[105.784,31.943],[105.812,31.964],[105.822,31.94],[105.805,31.922],[105.853,31.908],[105.825,31.874],[105.833,31.847],[105.881,31.854],[105.873,31.823],[105.892,31.799],[105.921,31.789],[105.943,31.799],[105.933,31.749],[105.956,31.737],[105.938,31.708],[105.963,31.682],[105.935,31.682],[105.928,31.641],[105.956,31.635],[105.97,31.573],[106.008,31.614],[106.059,31.568],[106.06,31.537],[106.021,31.511],[106.039,31.448],[106.02,31.4],[106.065,31.385],[106.073,31.367],[106.134,31.354],[106.117,31.337],[106.123,31.31],[106.197,31.361],[106.213,31.326],[106.258,31.308],[106.267,31.267],[106.211,31.211],[106.243,31.207],[106.296,31.131],[106.346,31.12],[106.343,31.083],[106.37,31.077],[106.395,31.045],[106.312,31.025],[106.356,30.985],[106.346,30.976],[106.256,31.016],[106.271,30.992],[106.258,30.965],[106.188,30.959],[106.18,30.912],[106.079,30.761],[106.115,30.711],[106.1,30.696],[106.072,30.714],[106.058,30.707],[106.057,30.665],[106.107,30.668],[106.118,30.649],[106.062,30.62],[106.066,30.566],[106.098,30.574],[106.089,30.531],[106.145,30.553],[106.155,30.538],[106.141,30.483],[106.103,30.499],[106.095,30.477],[106.148,30.449],[106.164,30.463],[106.185,30.413],[106.21,30.435],[106.23,30.387],[106.279,30.36],[106.25,30.339],[106.268,30.305],[106.257,30.264],[106.236,30.285],[106.203,30.203],[106.233,30.178],[106.216,30.14],[106.264,30.154],[106.268,30.124],[106.285,30.134],[106.289,30.123],[106.27,30.093],[106.309,30.085],[106.315,30.07],[106.309,30.028],[106.275,30.014],[106.273,29.997],[106.319,30.002],[106.337,29.989],[106.333,29.962],[106.52,29.769],[106.516,29.703],[106.456,29.704],[106.459,29.595],[106.497,29.577],[106.586,29.585]]}},{"type":"Feature","properties":{"rank":7},"geometry":{"type":"MultiLineString","coordinates":[[[115.707,25.056],[115.739,24.964],[115.689,24.913],[115.687,24.871],[115.624,24.73],[115.569,24.662],[115.497,24.616],[115.474,24.552],[115.474,24.494],[115.412,24.444],[115.365,24.467],[115.369,24.414],[115.317,24.398],[115.327,24.361],[115.183,24.278],[115.177,24.258],[115.241,24.206],[115.248,24.148],[115.232,24.109],[115.163,24.047],[115.107,24.031],[115.057,23.957],[114.976,23.89],[114.933,23.891],[114.78,23.821],[114.72,23.769],[114.65,23.572],[114.686,23.473],[114.57,23.389],[114.522,23.396],[114.498,23.375],[114.502,23.333],[114.563,23.26],[114.55,23.24],[114.587,23.211],[114.595,23.171],[114.583,23.157],[114.55,23.171],[114.514,23.156],[114.466,23.186],[114.408,23.108],[114.296,23.157],[114.249,23.156],[114.111,23.057],[114.058,23.093],[114.015,23.08],[113.974,23.1],[113.843,23.11]],[[114.636,23.735],[114.657,23.723],[114.707,23.746]],[[113.844,23.11],[113.843,23.11]],[[113.843,23.11],[113.83,23.117]],[[113.843,23.11],[113.756,23.071],[113.617,22.949]]]}},{"type":"Feature","properties":{"rank":7},"geometry":{"type":"LineString","coordinates":[[97.616,34.064],[97.591,34.033],[97.345,33.942],[97.226,33.834],[97.159,33.809],[97.251,33.458],[97.344,33.36],[97.431,33.341],[97.564,33.376],[97.695,33.361],[97.768,33.409],[97.8,33.402],[97.875,33.343],[97.904,33.272],[97.951,33.228],[98.045,33.215],[98.071,33.187],[98.157,33.17],[98.201,33.128],[98.237,33.116],[98.319,33.045],[98.364,32.936],[98.391,32.904],[98.593,32.841],[98.643,32.89],[98.761,32.82],[98.765,32.833],[98.816,32.817],[98.862,32.752],[98.994,32.766],[99.041,32.738],[99.103,32.635],[99.082,32.61],[99.09,32.574],[99.064,32.539],[99.082,32.443],[99.019,32.408],[99.01,32.383],[98.938,32.361],[98.952,32.299],[99.072,32.278],[99.142,32.308],[99.264,32.28],[99.348,32.147],[99.455,32.102],[99.494,31.99],[99.528,31.975],[99.576,31.916],[99.635,31.896],[99.665,31.806],[99.737,31.762],[99.806,31.651],[99.97,31.628],[100.06,31.595],[100.09,31.566],[100.114,31.48],[100.226,31.392],[100.282,31.257],[100.309,31.128],[100.308,30.959],[100.266,30.896],[100.199,30.881],[100.163,30.856],[100.149,30.821],[100.152,30.779],[100.217,30.626],[100.332,30.525],[100.409,30.504],[100.453,30.448],[100.594,30.419],[100.606,30.387],[100.68,30.343],[100.75,30.225],[100.787,30.221],[100.804,30.193],[100.995,30.203],[100.988,30.117],[101.013,30.101],[101.003,29.981],[101.061,29.916],[101.086,29.859],[101.088,29.753],[101.07,29.702],[101.091,29.665],[101.08,29.64],[101.132,29.565],[101.124,29.527],[101.152,29.464],[101.139,29.428],[101.107,29.399],[101.009,29.359],[101.04,29.342],[101.061,29.178],[101.105,29.143],[101.151,29.029],[101.15,28.966],[101.18,28.948],[101.175,28.796],[101.201,28.749],[101.242,28.495],[101.279,28.399],[101.365,28.345],[101.365,28.304],[101.385,28.28],[101.378,28.166],[101.443,28.118],[101.487,28.063],[101.54,28.073],[101.571,28.133],[101.625,28.18],[101.666,28.362],[101.721,28.407],[101.746,28.474],[101.748,28.55],[101.849,28.612],[101.919,28.62],[101.937,28.606],[101.864,28.442],[101.883,28.316],[101.848,28.231],[101.796,28.16],[101.769,28.058],[101.785,28.028],[101.854,28.021],[101.822,27.98],[101.872,27.944],[101.837,27.886],[101.882,27.876],[101.878,27.838],[101.911,27.824],[101.934,27.743],[101.954,27.714],[102.01,27.707],[102.015,27.665],[101.988,27.612],[102.001,27.58],[101.978,27.519],[101.96,27.365],[101.889,27.257],[101.858,27.18],[101.875,27.15],[101.815,27.114],[101.773,27.011],[101.687,26.947],[101.725,26.848],[101.796,26.817],[101.865,26.742],[101.796,26.605]]}},{"type":"Feature","properties":{"rank":7},"geometry":{"type":"LineString","coordinates":[[80.94,31.391],[80.82,31.375],[80.735,31.382],[80.631,31.472],[80.53,31.466],[80.451,31.486],[80.423,31.518],[80.389,31.62],[80.311,31.711],[80.292,31.77],[80.185,31.869],[80.132,31.995],[80.066,32.08],[80.042,32.145],[79.937,32.238],[79.904,32.304],[79.81,32.394],[79.7,32.449],[79.683,32.497]]}},{"type":"Feature","properties":{"rank":7},"geometry":{"type":"LineString","coordinates":[[95.786,20.218],[95.831,20.193],[95.93,20.204],[96.026,20.165],[96.121,20.155],[96.24,20.069],[96.241,19.884],[96.225,19.827],[96.231,19.786],[96.293,19.711],[96.3,19.629],[96.278,19.622],[96.307,19.536],[96.28,19.451],[96.321,19.35],[96.309,19.323],[96.334,19.288],[96.355,19.286],[96.437,19.15],[96.424,19.135],[96.442,19.088],[96.437,19.032],[96.451,19.033],[96.459,18.951],[96.498,18.875],[96.5,18.856],[96.449,18.833],[96.454,18.692],[96.52,18.602],[96.558,18.585],[96.615,18.511],[96.602,18.498],[96.629,18.471],[96.678,18.361],[96.67,18.337],[96.684,18.319],[96.698,18.196],[96.717,18.17],[96.742,18.172],[96.756,18.077],[96.78,18.053],[96.803,18.053],[96.821,17.997],[96.807,17.984],[96.863,17.922],[96.889,17.765],[96.881,17.701],[96.903,17.672],[96.883,17.457]]}},{"type":"Feature","properties":{"rank":7},"geometry":{"type":"MultiLineString","coordinates":[[[105.257,24.448],[105.408,24.375],[105.477,24.372],[105.56,24.329],[105.636,24.33],[105.737,24.295],[105.845,24.356],[105.891,24.312],[105.887,24.234],[105.97,24.183],[106.02,24.11],[106.006,24.072],[106.014,24.059],[106.097,23.995],[106.091,23.956],[106.19,23.945],[106.244,23.975],[106.322,23.952],[106.411,23.981],[106.456,23.946]],[[106.456,23.946],[106.545,23.891],[106.627,23.896],[106.643,23.834],[106.673,23.793],[106.752,23.775],[106.816,23.779],[106.846,23.755],[106.928,23.754],[106.926,23.706],[106.966,23.657],[107.018,23.626],[107.244,23.584],[107.335,23.495],[107.409,23.452],[107.415,23.425],[107.54,23.324],[107.63,23.289],[107.647,23.219],[107.713,23.166],[107.768,23.146],[107.763,23.111],[107.81,23.104],[107.88,23.034],[107.981,23.066],[107.961,22.99],[108.04,22.961],[108.058,22.898],[108.042,22.872],[108.092,22.844]],[[106.456,23.939],[106.456,23.946]]]}},{"type":"Feature","properties":{"rank":7},"geometry":{"type":"LineString","coordinates":[[72.907,22.278],[72.918,22.296],[72.989,22.261],[73.039,22.307],[73.089,22.49],[73.164,22.591],[73.244,22.663],[73.252,22.778],[73.332,22.794],[73.37,22.829],[73.367,22.885],[73.43,22.97],[73.427,23.024],[73.536,23.098],[73.575,23.181],[73.654,23.213],[73.682,23.256],[73.792,23.268],[73.851,23.329],[73.931,23.348],[73.99,23.414],[74.009,23.491],[74.104,23.619],[74.116,23.733],[74.136,23.773],[74.256,23.823],[74.351,23.888],[74.453,23.914],[74.516,23.874],[74.517,23.843],[74.547,23.8],[74.549,23.756],[74.519,23.657],[74.548,23.574],[74.526,23.538],[74.605,23.407],[74.707,23.342],[74.714,23.318],[74.755,23.292],[74.736,23.274],[74.777,23.232],[74.794,23.147],[74.868,23.132],[74.932,23.15],[74.964,23.142],[75.005,23.102],[75.008,22.924],[74.959,22.816],[74.973,22.729]]}},{"type":"Feature","properties":{"rank":7},"geometry":{"type":"LineString","coordinates":[[78.13,21.7],[77.997,21.684],[77.924,21.725],[77.811,21.727],[77.807,21.773],[77.778,21.811],[77.728,21.821],[77.296,21.804],[77.302,21.787],[77.196,21.733],[77.069,21.712],[76.917,21.618],[76.813,21.6],[76.771,21.512],[76.673,21.453],[76.606,21.438],[76.492,21.451],[76.343,21.399],[76.072,21.171],[76.057,21.139],[76.0,21.102],[75.867,21.06],[75.771,21.062],[75.44,21.17],[75.37,21.17],[75.303,21.148],[75.239,21.149],[75.177,21.178],[75.066,21.17],[75.014,21.186],[74.902,21.264],[74.827,21.28],[74.762,21.36],[74.681,21.399],[74.404,21.444],[74.313,21.517],[74.134,21.515],[73.906,21.461],[73.847,21.424],[73.79,21.356],[73.713,21.31],[73.71,21.264],[73.691,21.247],[73.388,21.28],[73.302,21.245],[73.183,21.227],[73.147,21.234],[73.071,21.293],[72.998,21.308],[72.926,21.276],[72.877,21.229],[72.801,21.244],[72.805,21.19],[72.728,21.148]]}},{"type":"Feature","properties":{"rank":7},"geometry":{"type":"LineString","coordinates":[[83.903,23.198],[83.943,23.178],[83.987,23.056],[84.073,22.994],[84.129,22.984],[84.176,22.999],[84.217,23.112],[84.241,23.116],[84.284,23.057],[84.391,22.967],[84.388,22.818],[84.422,22.656],[84.393,22.606],[84.318,22.556],[84.309,22.498],[84.339,22.453],[84.44,22.392],[84.511,22.325],[84.622,22.314],[84.668,22.265]]}},{"type":"Feature","properties":{"rank":7},"geometry":{"type":"LineString","coordinates":[[112.528,25.317],[112.721,25.367],[112.869,25.306],[113.016,25.281],[113.15,25.225],[113.182,25.222],[113.254,25.258],[113.282,25.226],[113.296,25.153],[113.366,25.062],[113.414,25.03],[113.44,24.95],[113.531,24.891],[113.571,24.794],[113.563,24.751],[113.516,24.716],[113.523,24.631],[113.58,24.543],[113.561,24.494],[113.414,24.3],[113.413,24.26],[113.451,24.252],[113.451,24.238],[113.399,24.113],[113.357,24.067],[113.292,24.033],[113.244,23.807],[113.203,23.736],[113.17,23.711],[113.119,23.711],[113.084,23.689],[113.017,23.693],[112.984,23.672],[112.973,23.647],[112.981,23.576],[112.895,23.457],[112.875,23.339],[112.81,23.226],[112.803,23.192],[112.819,23.152]]}},{"type":"Feature","properties":{"rank":7},"geometry":{"type":"LineString","coordinates":[[134.316,43.648],[134.279,43.606],[134.132,43.601],[133.836,43.754],[133.874,43.867],[133.943,43.921],[133.908,43.983],[133.908,44.026],[133.831,44.087],[133.849,44.134],[133.821,44.228],[133.925,44.352],[134.018,44.408],[134.056,44.394],[134.046,44.504],[134.125,44.584],[134.128,44.61],[134.101,44.636],[134.07,44.641],[134.059,44.627],[133.967,44.682],[133.925,44.655],[133.771,44.675],[133.698,44.741],[133.663,44.754],[133.651,44.795],[133.586,44.847],[133.579,44.933],[133.544,44.989],[133.545,45.03],[133.51,45.079],[133.59,45.111],[133.586,45.226],[133.545,45.251],[133.487,45.251],[133.5,45.283],[133.478,45.309],[133.484,45.326],[133.457,45.348],[133.437,45.412],[133.388,45.47],[133.414,45.498],[133.394,45.518],[133.424,45.554],[133.414,45.573]]}},{"type":"Feature","properties":{"rank":7},"geometry":{"type":"LineString","coordinates":[[128.878,37.405],[128.862,37.404],[128.825,37.483],[128.771,37.491],[128.682,37.463],[128.646,37.44],[128.688,37.41],[128.658,37.388],[128.599,37.383],[128.627,37.303],[128.595,37.267],[128.557,37.259],[128.554,37.279],[128.529,37.284],[128.53,37.243],[128.499,37.229],[128.503,37.205],[128.471,37.172],[128.529,37.113],[128.48,37.061],[128.421,37.051],[128.383,37.004],[128.351,36.999],[128.355,36.982],[128.324,36.969],[128.225,36.957],[128.162,37.014],[128.047,36.952],[127.947,37.021],[127.895,36.987],[127.874,36.997],[127.863,37.021],[127.878,37.076],[127.833,37.086],[127.761,37.165],[127.743,37.213],[127.689,37.237],[127.672,37.286],[127.553,37.361],[127.494,37.446],[127.487,37.482],[127.442,37.5],[127.398,37.494],[127.333,37.528],[127.292,37.511],[127.218,37.576],[127.183,37.58]]}},{"type":"Feature","properties":{"rank":3},"geometry":{"type":"MultiLineString","coordinates":[[[79.84,30.888],[79.813,30.819],[79.84,30.723],[79.874,30.689],[79.847,30.675],[79.715,30.508],[79.654,30.501],[79.545,30.573],[79.436,30.482],[79.388,30.422],[79.321,30.398],[79.306,30.345],[79.268,30.304],[79.205,30.277],[79.136,30.304],[79.0,30.306],[78.803,30.235],[78.696,30.244],[78.594,30.145],[78.578,30.097],[78.586,30.072],[78.463,30.072],[78.405,30.132],[78.32,30.14],[78.28,30.071],[78.154,29.925],[78.197,29.748],[78.189,29.706],[78.154,29.675],[78.018,29.619],[77.99,29.572],[77.991,29.531],[78.052,29.434],[78.052,29.373],[78.082,29.344],[78.072,29.325],[78.117,29.251],[78.12,29.192],[78.079,29.14],[78.072,28.969],[78.105,28.913],[78.092,28.835],[78.126,28.811],[78.123,28.778],[78.182,28.692],[78.176,28.62],[78.195,28.57],[78.264,28.488],[78.279,28.441],[78.264,28.421],[78.279,28.4],[78.263,28.372],[78.29,28.306],[78.382,28.221],[78.463,28.105],[78.543,28.045],[78.584,28.032],[78.625,27.989],[78.895,27.913],[78.981,27.827],[79.155,27.817],[79.203,27.691],[79.331,27.636],[79.409,27.646],[79.464,27.586],[79.554,27.541],[79.566,27.475],[79.611,27.437],[79.631,27.34],[79.697,27.241],[79.837,27.145],[79.93,27.143],[80.008,27.026],[80.009,26.97],[80.107,26.873],[80.141,26.742],[80.245,26.681],[80.296,26.548],[80.336,26.53],[80.347,26.488],[80.525,26.364],[80.558,26.238],[80.594,26.221],[80.597,26.174],[80.673,26.114],[80.75,26.106],[80.796,26.073],[80.795,26.04],[80.813,26.029],[80.853,26.058],[80.961,26.076],[81.032,26.06],[81.065,26.0],[81.204,25.939],[81.224,25.868],[81.294,25.845],[81.392,25.772],[81.402,25.758],[81.376,25.704],[81.399,25.665],[81.512,25.631],[81.553,25.584],[81.63,25.586],[81.657,25.529],[81.704,25.494],[81.745,25.495],[81.778,25.477],[81.907,25.511],[81.917,25.498],[81.903,25.412],[81.937,25.344],[81.969,25.324],[82.042,25.335],[82.075,25.316],[82.088,25.278],[82.112,25.275],[82.181,25.316],[82.214,25.302],[82.201,25.189],[82.273,25.193],[82.225,25.22],[82.266,25.27],[82.29,25.275],[82.312,25.263],[82.327,25.215],[82.348,25.214],[82.372,25.253],[82.397,25.26],[82.496,25.169],[82.551,25.157],[82.592,25.173],[82.567,25.217],[82.636,25.22],[82.778,25.124],[82.835,25.118],[82.92,25.194],[83.008,25.21],[83.025,25.246],[83.006,25.289],[83.041,25.323],[83.134,25.326],[83.171,25.351],[83.177,25.41],[83.163,25.436],[83.123,25.452],[83.185,25.529],[83.212,25.535],[83.325,25.474],[83.383,25.494],[83.409,25.487],[83.53,25.401],[83.543,25.411],[83.541,25.439],[83.49,25.517],[83.558,25.547],[83.617,25.597],[83.705,25.608],[83.735,25.586],[83.753,25.529],[83.771,25.517],[83.897,25.523],[84.143,25.736],[84.179,25.745],[84.212,25.728],[84.229,25.681],[84.253,25.679],[84.308,25.738],[84.372,25.765],[84.486,25.7],[84.595,25.693],[84.668,25.705],[84.749,25.753],[84.881,25.707],[84.973,25.734],[85.058,25.728],[85.085,25.721],[85.142,25.641],[85.237,25.618],[85.284,25.554],[85.369,25.513],[85.421,25.517],[85.515,25.584],[85.576,25.508],[85.651,25.463],[85.737,25.51],[85.83,25.504],[85.997,25.38],[86.028,25.333],[86.185,25.319],[86.241,25.33],[86.306,25.292],[86.415,25.33],[86.534,25.482],[86.564,25.485],[86.59,25.461],[86.579,25.375],[86.611,25.303],[86.693,25.256],[86.782,25.275],[86.834,25.325],[86.889,25.349],[86.996,25.278],[87.077,25.254],[87.108,25.261],[87.159,25.227],[87.19,25.23],[87.238,25.275],[87.303,25.377],[87.351,25.398],[87.478,25.403],[87.511,25.381],[87.535,25.32],[87.598,25.266],[87.77,25.237],[87.783,25.214],[87.768,25.159],[87.78,25.089],[87.86,25.03],[87.954,24.987],[87.958,24.944],[87.908,24.878],[87.911,24.844],[87.947,24.795],[87.959,24.717],[88.005,24.655],[88.056,24.634],[88.081,24.6],[88.085,24.536],[88.118,24.494],[88.19,24.46],[88.307,24.486],[88.387,24.388],[88.444,24.35],[88.516,24.367],[88.681,24.334],[88.737,24.287],[88.749,24.223],[88.731,24.19],[88.751,24.152],[88.824,24.119],[88.93,24.171],[88.959,24.167],[89.036,24.095],[89.069,24.037],[89.068,23.996],[89.088,23.977]],[[87.938,24.805],[87.92,24.782],[87.92,24.726],[87.94,24.619],[88.057,24.515],[88.05,24.504],[88.077,24.456],[88.118,24.446],[88.112,24.409],[88.15,24.405],[88.156,24.371],[88.252,24.311],[88.228,24.288],[88.253,24.271],[88.256,24.141],[88.194,24.001],[88.228,23.987],[88.198,23.973],[88.237,23.774],[88.228,23.756],[88.208,23.761],[88.159,23.699],[88.148,23.634],[88.219,23.606],[88.235,23.637],[88.264,23.576],[88.324,23.61],[88.321,23.574],[88.283,23.548],[88.365,23.524],[88.34,23.437],[88.376,23.414],[88.378,23.39],[88.367,23.345],[88.34,23.333],[88.347,23.269],[88.392,23.215],[88.457,23.212],[88.468,23.192],[88.447,23.142],[88.495,23.107],[88.468,23.062],[88.495,23.049],[88.44,23.028],[88.406,22.945]],[[88.429,24.355],[88.421,24.333],[88.453,24.283],[88.518,24.263],[88.537,24.229],[88.539,24.199],[88.509,24.199],[88.529,24.18],[88.523,24.144],[88.564,24.144],[88.57,24.117],[88.619,24.108],[88.632,24.07],[88.646,24.083],[88.632,23.987],[88.769,23.953],[88.787,23.961],[88.862,23.908],[88.845,23.878],[88.872,23.87],[88.858,23.85],[88.869,23.699],[88.855,23.678],[88.826,23.681],[88.825,23.636],[88.764,23.627],[88.769,23.596],[88.74,23.585],[88.74,23.564],[88.793,23.485],[88.828,23.486],[88.834,23.429],[88.907,23.473],[88.907,23.425],[88.889,23.412],[88.939,23.396],[88.929,23.369],[88.913,23.377],[88.905,23.362],[88.989,23.367],[88.994,23.388],[88.967,23.404],[88.974,23.417],[89.016,23.384],[89.02,23.261],[88.996,23.222],[89.036,23.212],[89.054,23.183],[89.041,23.173],[89.119,23.075],[89.078,22.998],[89.081,22.976],[89.119,22.966],[89.091,22.949],[89.093,22.934],[89.13,22.93],[89.136,22.893],[89.112,22.89],[89.134,22.825],[89.16,22.822],[89.153,22.794],[89.191,22.812],[89.174,22.767],[89.189,22.774],[89.201,22.746],[89.256,22.736],[89.311,22.692],[89.304,22.678],[89.263,22.705],[89.304,22.637],[89.293,22.6]],[[89.088,23.978],[89.088,23.977]],[[89.088,23.977],[89.159,23.933],[89.321,23.929],[89.467,23.864],[89.53,23.819],[89.708,23.856],[89.749,23.848]],[[89.088,23.977],[89.104,23.934],[89.249,23.816],[89.261,23.751],[89.352,23.671],[89.42,23.674],[89.525,23.537],[89.496,23.514],[89.502,23.486],[89.518,23.508],[89.548,23.505],[89.598,23.473],[89.626,23.37],[89.598,23.384],[89.597,23.353],[89.637,23.288],[89.667,23.288],[89.627,23.24],[89.68,23.226],[89.694,23.171],[89.736,23.185],[89.755,23.17],[89.71,23.119],[89.681,23.137],[89.684,23.109],[89.722,23.089],[89.832,22.931],[89.942,22.857],[90.006,22.75],[90.024,22.651],[90.01,22.49]],[[90.087,23.578],[90.068,23.511],[90.112,23.438],[90.093,23.427],[90.082,23.388],[90.064,23.391],[90.116,23.369],[90.133,23.298],[90.098,23.301],[90.098,23.26],[90.128,23.277],[90.145,23.236],[90.212,23.225],[90.212,23.191]],[[90.212,23.191],[90.191,23.171],[90.171,23.179],[90.177,23.199],[90.212,23.191]],[[90.212,23.191],[90.25,23.175],[90.242,23.124],[90.294,23.116],[90.332,23.089],[90.292,23.042],[90.325,23.038],[90.317,23.004],[90.384,22.933],[90.366,22.901],[90.365,22.845],[90.394,22.774]],[[88.406,22.945],[88.495,22.934],[88.555,22.985],[88.615,22.97],[88.632,22.938],[88.724,22.943],[88.773,22.855],[88.828,22.849],[88.852,22.83],[88.84,22.745],[88.813,22.739],[88.812,22.721],[88.868,22.663],[88.929,22.658],[88.941,22.637],[88.956,22.585],[88.927,22.548],[88.97,22.528],[88.997,22.451],[88.989,22.387],[89.023,22.295],[89.008,22.285],[89.075,22.175],[89.06,22.13]],[[88.406,22.945],[88.345,22.778],[88.365,22.698],[88.342,22.576],[88.317,22.555],[88.251,22.553],[88.237,22.521],[88.133,22.468],[88.139,22.398],[88.106,22.383],[88.103,22.314],[88.07,22.234]],[[88.406,22.945],[88.406,22.945]],[[89.293,22.6],[89.273,22.635],[89.257,22.633],[89.27,22.58],[89.25,22.553],[89.252,22.512],[89.29,22.465],[89.258,22.443],[89.252,22.381],[89.277,22.355],[89.265,22.337],[89.275,22.312],[89.317,22.281],[89.305,22.241],[89.342,22.13],[89.387,22.086],[89.345,22.02],[89.352,21.972]],[[89.293,22.6],[89.293,22.597]],[[89.475,22.295],[89.444,22.334],[89.425,22.533],[89.393,22.575],[89.345,22.602],[89.312,22.586],[89.293,22.6]]]}},{"type":"Feature","properties":{"rank":7},"geometry":{"type":"LineString","coordinates":[[77.572,13.406],[77.609,13.434],[77.613,13.471],[77.522,13.571],[77.487,13.663],[77.462,13.824],[77.494,13.884],[77.473,13.944],[77.418,14.004],[77.433,14.083],[77.396,14.179],[77.365,14.211],[77.338,14.35],[77.312,14.367],[77.283,14.439],[77.28,14.465],[77.312,14.495],[77.266,14.669],[77.291,14.709],[77.293,14.788],[77.328,14.866],[77.448,14.888],[77.619,14.952],[77.781,14.898],[77.796,14.921],[77.866,14.955],[77.93,14.963],[78.032,14.915],[78.076,14.866],[78.154,14.852],[78.24,14.803],[78.356,14.866],[78.377,14.823],[78.538,14.736],[78.58,14.688],[78.641,14.66],[78.689,14.612],[78.747,14.605],[78.771,14.578],[78.847,14.555],[78.878,14.506],[78.928,14.468],[78.977,14.476],[79.042,14.448],[79.105,14.473],[79.15,14.426],[79.189,14.442],[79.206,14.475],[79.224,14.483],[79.262,14.462],[79.45,14.567],[79.539,14.578],[79.582,14.55],[79.669,14.589],[79.714,14.592],[79.819,14.531],[79.848,14.492],[79.974,14.468],[80.015,14.478],[80.066,14.523],[80.149,14.565]]}},{"type":"Feature","properties":{"rank":3},"geometry":{"type":"LineString","coordinates":[[72.781,34.622],[72.802,34.576],[72.788,34.514],[72.836,34.481],[72.827,34.393],[72.852,34.287],[72.833,34.168],[72.707,34.085]]}},{"type":"Feature","properties":{"rank":3},"geometry":{"type":"MultiLineString","coordinates":[[[72.706,34.085],[72.633,34.013],[72.467,34.02],[72.348,33.961],[72.24,33.937],[72.225,33.901],[72.234,33.765],[72.087,33.789],[72.021,33.746],[71.974,33.649],[71.953,33.526],[71.901,33.488],[71.873,33.443],[71.877,33.423],[71.74,33.375],[71.723,33.355],[71.725,33.318],[71.698,33.272],[71.754,33.183],[71.712,33.11],[71.718,33.029],[71.649,32.978],[71.533,32.949],[71.506,32.914],[71.448,32.887],[71.405,32.808],[71.411,32.725],[71.354,32.688],[71.325,32.636],[71.323,32.593],[71.35,32.525],[71.34,32.415],[71.283,32.339],[71.228,32.181],[71.123,32.094],[71.112,32.039],[70.992,31.897],[70.966,31.818],[70.899,31.709],[70.903,31.663],[70.791,31.426],[70.768,31.249],[70.788,31.138],[70.818,31.078],[70.835,30.948],[70.814,30.872],[70.75,30.774],[70.771,30.677],[70.83,30.599],[70.848,30.542],[70.815,30.363],[70.774,30.315],[70.815,30.219],[70.801,30.109],[70.835,30.053],[70.844,29.899],[70.823,29.841],[70.775,29.808],[70.755,29.758],[70.663,29.668],[70.635,29.6],[70.644,29.545],[70.7,29.506],[70.701,29.438],[70.72,29.399],[70.648,29.215],[70.667,29.123],[70.66,29.058],[70.565,29.023],[70.466,28.916],[70.373,28.914],[70.35,28.895],[70.333,28.847],[70.276,28.792],[70.144,28.738],[70.095,28.682],[70.043,28.659],[70.028,28.597],[69.926,28.576],[69.882,28.542],[69.762,28.509],[69.716,28.401],[69.669,28.366],[69.645,28.32],[69.573,28.25],[69.487,28.216],[69.419,28.232],[69.378,28.152],[69.288,28.169],[69.25,28.129],[69.18,28.118],[69.131,28.056],[69.034,28.062],[69.026,28.001],[68.998,27.972],[68.922,27.984],[68.92,27.962],[68.953,27.915],[68.949,27.868],[68.882,27.849],[68.86,27.807],[68.877,27.782],[68.955,27.745],[68.932,27.71],[68.835,27.667],[68.791,27.666],[68.749,27.699],[68.717,27.766],[68.676,27.79],[68.657,27.781],[68.646,27.711],[68.565,27.709],[68.51,27.664],[68.449,27.676],[68.416,27.627],[68.352,27.617],[68.291,27.556],[68.289,27.534],[68.331,27.477],[68.296,27.418],[68.326,27.374],[68.296,27.361],[68.209,27.363],[68.146,27.279],[68.205,27.235],[68.201,27.214],[68.094,27.185],[68.12,27.12],[68.113,27.094],[68.051,27.021],[67.976,26.969],[67.913,26.965],[67.917,26.902],[67.891,26.832],[67.902,26.717],[67.878,26.643],[67.926,26.573],[67.927,26.498],[67.889,26.385],[67.927,26.343],[67.939,26.269],[68.012,26.238],[68.039,26.19],[68.11,26.166],[68.132,26.134],[68.136,26.062],[68.221,25.999],[68.271,25.903],[68.391,25.826],[68.397,25.809],[68.331,25.765],[68.322,25.732],[68.426,25.661],[68.382,25.621],[68.392,25.549],[68.314,25.498],[68.327,25.451],[68.309,25.395],[68.344,25.352],[68.349,25.279],[68.301,25.208],[68.37,25.141],[68.294,25.129],[68.266,25.053],[68.273,24.992],[68.26,24.969],[68.237,24.968],[68.197,25.006],[68.134,24.941],[68.14,24.874],[68.044,24.868],[68.047,24.79],[68.001,24.732],[67.97,24.656],[68.01,24.587],[67.957,24.524],[67.97,24.442],[67.843,24.411],[67.87,24.346],[67.854,24.333],[67.805,24.348],[67.784,24.336],[67.826,24.284],[67.824,24.255],[67.766,24.269],[67.737,24.174],[67.719,24.163],[67.676,24.175],[67.655,24.159],[67.663,24.106]],[[79.437,32.738],[79.356,32.85],[79.327,32.868],[79.308,32.928],[79.181,32.989],[79.1,33.08],[78.955,33.201],[78.915,33.21],[78.786,33.149],[78.71,33.165],[78.576,33.211],[78.548,33.245],[78.433,33.282],[78.353,33.354],[78.291,33.365],[78.195,33.432],[78.152,33.468],[78.149,33.566],[78.1,33.577],[78.079,33.628],[78.007,33.663],[77.942,33.738],[77.858,33.78],[77.66,34.029],[77.556,34.113],[77.488,34.136],[77.421,34.129],[77.339,34.16],[77.319,34.196],[77.277,34.204],[77.257,34.191],[77.164,34.237],[77.133,34.232],[77.043,34.261],[77.031,34.29],[76.99,34.307],[76.904,34.307],[76.842,34.33],[76.77,34.403],[76.684,34.447],[76.6,34.554],[76.538,34.574],[76.449,34.631],[76.316,34.667],[76.215,34.766],[76.189,34.829],[76.195,34.875],[76.222,34.917],[76.215,34.954],[76.177,34.968],[76.034,35.092],[76.003,35.096],[75.921,35.165],[75.914,35.225],[75.886,35.246],[75.843,35.341],[75.797,35.343],[75.746,35.307],[75.699,35.322],[75.667,35.307],[75.635,35.314],[75.486,35.415],[75.451,35.46],[75.362,35.485],[75.339,35.575],[75.323,35.585],[75.085,35.601],[75.048,35.634],[74.948,35.65],[74.872,35.711],[74.745,35.724],[74.747,35.777],[74.724,35.785],[74.724,35.841],[74.656,35.842],[74.63,35.82],[74.646,35.76],[74.621,35.737],[74.649,35.701],[74.609,35.66],[74.631,35.606],[74.632,35.527],[74.607,35.495],[74.474,35.466],[74.403,35.417],[74.246,35.426],[74.207,35.404],[74.159,35.405],[74.098,35.438],[74.029,35.434],[73.91,35.494],[73.836,35.497],[73.756,35.527],[73.627,35.543],[73.502,35.534],[73.439,35.562],[73.395,35.543],[73.312,35.541],[73.262,35.403],[73.249,35.318],[73.285,35.285],[73.269,35.26],[73.118,35.184],[72.927,35.034],[72.892,35.036],[72.898,34.978],[72.864,34.906],[72.872,34.892],[72.969,34.856],[72.984,34.824],[72.951,34.817],[72.919,34.78],[72.824,34.76],[72.802,34.732],[72.809,34.674],[72.781,34.622]],[[79.734,32.443],[79.429,32.744]],[[67.663,24.106],[67.661,24.108]],[[67.663,24.106],[67.639,24.07],[67.532,24.06]],[[67.713,24.066],[67.663,24.106]],[[67.713,24.066],[67.76,24.052]],[[67.925,23.982],[67.955,23.994],[67.924,24.055],[67.868,24.076],[67.811,24.062],[67.764,24.071],[67.767,24.023],[67.786,24.002],[67.925,23.982]],[[67.925,23.982],[67.926,23.984]],[[68.024,23.933],[68.013,24.009],[67.99,24.018],[67.956,23.999]],[[67.65,23.931],[67.731,23.965],[67.713,24.066]],[[67.857,23.909],[67.868,23.944],[67.915,23.96],[67.925,23.982]]]}},{"type":"Feature","properties":{"rank":7},"geometry":{"type":"LineString","coordinates":[[115.828,51.722],[115.87,51.721],[115.889,51.734],[115.897,51.786],[115.977,51.825],[116.224,51.879],[116.473,51.87],[116.558,51.905],[116.701,51.93],[116.826,51.981],[116.927,51.991],[117.107,52.078],[117.242,52.088],[117.468,52.163],[117.51,52.19],[117.653,52.219],[117.715,52.258],[117.829,52.24],[117.917,52.28],[118.045,52.303],[118.072,52.324],[118.322,52.348],[118.366,52.375],[118.424,52.383],[118.536,52.381],[118.626,52.453],[118.676,52.465],[118.65,52.538],[118.707,52.589],[118.761,52.684],[118.916,52.764],[118.959,52.828],[118.97,52.883],[119.017,52.924],[119.08,52.941],[119.155,53.031],[119.168,53.069],[119.257,53.136],[119.339,53.149],[119.387,53.191],[119.477,53.191],[119.489,53.214],[119.63,53.297],[119.669,53.351],[119.789,53.419],[120.008,53.427],[120.078,53.489],[120.124,53.492],[120.23,53.458],[120.409,53.441],[120.606,53.493],[120.711,53.479],[120.902,53.513],[120.96,53.499],[121.066,53.506],[121.094,53.439],[121.137,53.426],[121.193,53.452],[121.192,53.498],[121.215,53.515],[121.285,53.488],[121.377,53.416],[121.366,53.346],[121.424,53.35],[121.477,53.323]]}},{"type":"Feature","properties":{"rank":7},"geometry":{"type":"LineString","coordinates":[[120.587,31.128],[120.621,31.183],[120.725,31.212],[120.792,31.271],[120.771,31.278],[120.782,31.288],[120.84,31.292],[120.878,31.317],[120.934,31.326],[121.005,31.304],[121.038,31.313],[121.032,31.278],[121.152,31.278],[121.182,31.257],[121.243,31.264],[121.282,31.24],[121.384,31.218],[121.406,31.219],[121.424,31.246],[121.507,31.246],[121.56,31.281],[121.555,31.308],[121.5,31.369],[121.511,31.388]]}},{"type":"Feature","properties":{"rank":7},"geometry":{"type":"MultiLineString","coordinates":[[[90.64,22.952],[90.597,23.01],[90.588,22.962]],[[90.462,22.822],[90.544,22.781]],[[90.662,22.804],[90.652,22.825],[90.616,22.83],[90.581,22.787]],[[90.669,22.472],[90.7,22.483],[90.715,22.455],[90.683,22.391]],[[90.715,22.452],[90.73,22.448],[90.741,22.404],[90.783,22.4],[90.859,22.342]]]}},{"type":"Feature","properties":{"rank":7},"geometry":{"type":"LineString","coordinates":[[108.092,22.844],[108.118,22.842],[108.11,22.803],[108.135,22.774],[108.183,22.785],[108.176,22.83],[108.216,22.836],[108.329,22.799],[108.327,22.781],[108.399,22.782],[108.463,22.815],[108.484,22.767],[108.506,22.81],[108.512,22.794],[108.544,22.811],[108.568,22.847],[108.628,22.843],[108.852,22.884],[108.883,22.872],[108.928,22.801],[108.893,22.774],[108.873,22.779],[108.872,22.754],[108.897,22.733]]}},{"type":"Feature","properties":{"rank":7},"geometry":{"type":"LineString","coordinates":[[84.668,22.265],[84.679,22.247],[84.772,22.252],[84.796,22.238],[84.878,22.082],[84.867,22.058],[84.886,21.95],[84.862,21.888],[84.926,21.827],[84.97,21.832],[84.999,21.756],[84.995,21.741],[84.904,21.712],[84.903,21.677],[84.992,21.628],[85.01,21.603],[85.001,21.534],[84.94,21.439],[84.939,21.399],[85.057,21.231],[85.129,21.203],[85.127,21.107],[85.229,21.029],[85.246,20.979],[85.244,20.906],[85.283,20.879],[85.295,20.843],[85.331,20.808],[85.58,20.739],[85.607,20.754],[85.641,20.806],[85.764,20.875],[85.812,20.887],[85.92,20.868],[86.11,20.875],[86.197,20.847],[86.444,20.683],[86.508,20.678],[86.571,20.704],[86.626,20.681],[86.71,20.678],[86.743,20.658],[86.749,20.611],[86.81,20.64],[86.817,20.665],[86.857,20.661],[86.94,20.698]]}},{"type":"Feature","properties":{"rank":7},"geometry":{"type":"LineString","coordinates":[[107.377,13.237],[107.356,13.313],[107.306,13.31],[107.271,13.365],[107.253,13.369],[107.231,13.331],[107.202,13.315],[107.142,13.323],[107.107,13.31],[107.035,13.403],[107.011,13.481],[106.99,13.474],[106.97,13.516],[106.938,13.496],[106.921,13.502],[106.916,13.479],[106.888,13.493],[106.874,13.47],[106.879,13.442],[106.853,13.434],[106.819,13.442],[106.805,13.471],[106.778,13.481],[106.659,13.468],[106.62,13.45],[106.589,13.477],[106.557,13.555],[106.477,13.56],[106.49,13.489],[106.445,13.432],[106.436,13.468],[106.395,13.496],[106.204,13.582],[106.137,13.582],[106.054,13.55],[106.022,13.565],[105.97,13.541]]}},{"type":"Feature","properties":{"rank":7},"geometry":{"type":"LineString","coordinates":[[115.589,40.24],[115.612,40.18],[115.663,40.159],[115.666,40.135],[115.69,40.122],[115.7,40.063],[115.765,40.07],[115.79,40.032],[115.81,40.029],[115.803,40.016],[115.872,40.022],[115.981,39.971],[116.005,40.002],[116.033,39.974],[116.065,39.99],[116.111,39.906],[116.19,39.854],[116.229,39.803],[116.236,39.735],[116.204,39.659],[116.208,39.576],[116.249,39.505],[116.317,39.46],[116.41,39.44],[116.502,39.464],[116.598,39.448],[116.64,39.406],[116.763,39.378],[116.895,39.383],[117.033,39.33]]}},{"type":"Feature","properties":{"rank":7},"geometry":{"type":"LineString","coordinates":[[132.839,45.059],[132.953,45.024],[133.098,45.108],[133.126,45.155],[133.097,45.243],[133.139,45.435],[133.201,45.511],[133.374,45.573],[133.413,45.573]]}},{"type":"Feature","properties":{"rank":7},"geometry":{"type":"LineString","coordinates":[[133.413,45.573],[133.427,45.615],[133.476,45.627],[133.456,45.649],[133.491,45.673],[133.442,45.709],[133.47,45.729],[133.484,45.768],[133.51,45.778],[133.476,45.806],[133.502,45.862],[133.531,45.888],[133.585,45.876],[133.617,45.936],[133.657,45.934],[133.719,46.064],[133.687,46.142],[133.74,46.159],[133.793,46.214],[133.829,46.197],[133.86,46.223],[133.854,46.236],[133.902,46.259],[133.893,46.302],[133.915,46.313],[133.896,46.327],[133.874,46.32],[133.863,46.339],[133.925,46.371],[133.933,46.39],[133.899,46.426],[133.854,46.444],[133.845,46.47],[133.891,46.529],[133.902,46.573],[133.987,46.625],[134.014,46.665],[134.044,46.772],[134.016,46.819],[134.062,46.907],[134.068,46.981],[134.124,47.07],[134.196,47.085],[134.226,47.117],[134.189,47.173],[134.196,47.205],[134.153,47.258],[134.183,47.327],[134.244,47.355],[134.312,47.42],[134.414,47.439],[134.484,47.43],[134.556,47.471],[134.624,47.549],[134.682,47.588],[134.692,47.649],[134.772,47.711],[134.769,47.741],[134.675,47.824],[134.657,47.886],[134.587,47.926],[134.601,47.944],[134.566,47.985],[134.566,48.04],[134.682,48.135],[134.702,48.252],[134.84,48.327],[134.998,48.362],[135.07,48.406],[135.09,48.45],[135.043,48.483]]}},{"type":"Feature","properties":{"rank":7},"geometry":{"type":"LineString","coordinates":[[67.005,53.337],[67.03,53.349],[67.012,53.371],[67.043,53.421],[67.115,53.495],[67.083,53.509],[67.094,53.543],[67.196,53.599],[67.208,53.643],[67.238,53.659],[67.223,53.672],[67.362,53.741],[67.417,53.807],[67.434,53.873],[67.461,53.911],[67.546,53.962],[67.622,53.974],[67.66,54.029],[67.649,54.078],[67.689,54.108],[67.735,54.113],[67.75,54.161],[67.823,54.196],[67.908,54.182],[68.027,54.235],[68.294,54.281],[68.36,54.365],[68.417,54.344],[68.443,54.368],[68.575,54.416],[68.612,54.464],[68.645,54.472],[68.701,54.523],[68.713,54.579],[68.795,54.568],[68.841,54.644],[68.958,54.673],[69.016,54.731],[69.03,54.754],[68.992,54.789],[69.041,54.834],[69.058,54.883],[69.098,54.899],[69.102,54.92],[69.075,54.94],[69.105,54.971],[69.102,55.013],[69.124,55.05],[69.185,55.064],[69.212,55.122],[69.271,55.128],[69.394,55.189],[69.437,55.248],[69.479,55.276],[69.437,55.307],[69.407,55.355],[69.37,55.358],[69.333,55.417],[69.324,55.532],[69.363,55.563],[69.328,55.653],[69.267,55.667],[69.294,55.694],[69.253,55.744],[69.315,55.773],[69.342,55.81],[69.35,55.863],[69.465,55.914],[69.431,56.0]]}},{"type":"Feature","properties":{"rank":7},"geometry":{"type":"LineString","coordinates":[[108.897,22.733],[108.929,22.671],[108.971,22.637],[109.029,22.66],[109.135,22.623],[109.139,22.664],[109.232,22.651],[109.252,22.684],[109.273,22.671],[109.28,22.705],[109.294,22.698],[109.326,22.726],[109.397,22.734],[109.41,22.746],[109.41,22.802],[109.516,22.839],[109.561,22.884],[109.574,22.945],[109.6,22.928],[109.636,22.931],[109.594,22.952],[109.597,22.985],[109.574,22.99],[109.561,23.021],[109.584,23.086],[109.721,23.117],[109.756,23.09],[109.796,23.084],[109.855,23.107],[109.852,23.13],[109.882,23.124],[109.882,23.172],[109.962,23.213],[110.01,23.281],[110.082,23.271],[110.081,23.293],[110.049,23.291],[110.04,23.309],[110.089,23.404]]}},{"type":"Feature","properties":{"rank":7},"geometry":{"type":"LineString","coordinates":[[127.183,37.58],[127.13,37.555],[127.104,37.508],[127.024,37.541],[126.973,37.508],[126.867,37.559],[126.755,37.637]]}},{"type":"Feature","properties":{"rank":7},"geometry":{"type":"LineString","coordinates":[[117.033,39.33],[117.078,39.303],[117.078,39.241],[117.232,39.093],[117.307,39.069],[117.323,39.051],[117.352,39.056],[117.376,39.029],[117.447,39.027],[117.578,38.987],[117.598,39.014],[117.708,38.981]]}},{"type":"Feature","properties":{"rank":7},"geometry":{"type":"MultiLineString","coordinates":[[[100.14,15.706],[100.118,15.696],[100.096,15.654],[100.096,15.592],[100.077,15.573],[100.108,15.559],[100.096,15.528],[100.11,15.517],[100.11,15.463],[100.13,15.455],[100.117,15.421],[100.083,15.414],[100.096,15.38],[100.07,15.386],[100.092,15.353],[100.059,15.271],[100.083,15.27],[100.083,15.237],[100.121,15.18],[100.242,15.169],[100.288,15.072],[100.302,15.078],[100.378,14.913],[100.393,14.918],[100.409,14.866],[100.44,14.852],[100.447,14.718],[100.464,14.681],[100.447,14.544],[100.459,14.466],[100.426,14.376],[100.46,14.304],[100.488,14.297],[100.512,14.162],[100.543,14.123],[100.528,14.081],[100.552,14.055],[100.541,14.008],[100.571,13.995],[100.573,13.977],[100.542,13.837],[100.498,13.767],[100.512,13.714],[100.494,13.694],[100.548,13.681],[100.57,13.707],[100.595,13.697],[100.583,13.663],[100.549,13.657],[100.543,13.64],[100.597,13.612]],[[100.083,15.237],[100.052,15.163],[100.014,15.13],[100.029,15.092],[100.01,15.066],[100.047,15.039],[100.015,14.99],[100.07,14.938],[100.104,14.825],[100.09,14.794],[100.096,14.709],[100.147,14.65],[100.117,14.487],[100.138,14.421],[100.162,14.401],[100.117,14.174],[100.131,14.119],[100.169,14.095],[100.183,13.979],[100.199,13.975],[100.214,13.926],[100.224,13.835],[100.189,13.806],[100.193,13.79],[100.282,13.773],[100.278,13.754],[100.24,13.749],[100.229,13.721],[100.214,13.728],[100.204,13.713],[100.24,13.708],[100.243,13.689],[100.258,13.691],[100.261,13.714],[100.272,13.707],[100.261,13.66],[100.22,13.663],[100.234,13.64],[100.22,13.626],[100.274,13.516]]]}},{"type":"Feature","properties":{"rank":3},"geometry":{"type":"LineString","coordinates":[[81.639,31.449],[81.592,31.403],[81.489,31.394],[81.409,31.475],[81.314,31.505],[81.217,31.6],[81.165,31.741],[81.205,31.84],[81.251,31.894],[81.394,31.986],[81.375,32.018],[81.334,32.018],[81.281,32.048],[81.271,32.092],[81.283,32.173],[81.244,32.201],[81.212,32.321],[81.155,32.375],[81.053,32.401],[81.006,32.447],[80.865,32.475],[80.735,32.538],[80.647,32.553],[80.195,32.551],[80.024,32.486],[79.888,32.479],[79.734,32.443]]}},{"type":"Feature","properties":{"rank":8},"geometry":{"type":"LineString","coordinates":[[126.905,43.51],[126.903,43.623],[126.849,43.648],[126.791,43.65],[126.761,43.704],[126.678,43.703]]}},{"type":"Feature","properties":{"rank":8},"geometry":{"type":"MultiLineString","coordinates":[[[126.679,43.702],[126.627,43.765],[126.532,43.791],[126.535,43.811],[126.576,43.825],[126.579,43.867],[126.5,43.915],[126.473,43.915],[126.49,43.963],[126.459,44.045],[126.394,44.109],[126.493,44.23],[126.455,44.262],[126.457,44.283],[126.479,44.299],[126.455,44.349],[126.478,44.414],[126.425,44.435],[126.431,44.512],[126.397,44.559],[126.349,44.584],[126.268,44.696],[126.161,44.72],[126.165,44.751],[126.135,44.773],[126.028,44.788],[125.92,44.778],[125.901,44.817],[125.805,44.846],[125.741,44.924],[125.682,44.949],[125.658,44.949],[125.586,44.894],[125.493,44.888],[125.438,44.901],[125.393,44.882],[125.356,44.888],[125.31,44.864],[125.185,44.867],[125.14,44.939],[125.099,44.943],[125.046,45.017],[124.931,45.087],[124.863,45.152],[124.741,45.201],[124.725,45.247],[124.74,45.267],[124.732,45.326],[124.687,45.371],[124.651,45.447]],[[127.376,42.567],[127.298,42.637],[127.249,42.605],[127.194,42.605],[127.232,42.688],[127.193,42.763],[127.179,42.832],[127.227,42.887],[127.087,42.958],[126.99,43.034],[126.973,43.113],[126.932,43.113],[127.0,43.161],[126.979,43.212],[127.0,43.247],[127.097,43.242],[127.152,43.278],[127.12,43.28],[127.088,43.31],[127.125,43.38],[127.004,43.4],[126.987,43.428],[126.914,43.468],[126.905,43.51]]]}},{"type":"Feature","properties":{"rank":3},"geometry":{"type":"MultiLineString","coordinates":[[[97.762,35.088],[97.733,35.055],[97.697,34.919],[97.617,34.885],[97.545,34.876]],[[97.288,34.835],[97.234,34.907],[97.123,34.943],[97.072,34.93]]]}},{"type":"Feature","properties":{"rank":3},"geometry":{"type":"MultiLineString","coordinates":[[[96.164,35.129],[96.249,35.109],[96.483,35.105],[96.654,35.05],[96.811,35.061],[96.889,35.006],[96.974,34.991],[97.015,34.937],[97.072,34.93]],[[97.762,35.088],[97.795,35.111],[97.848,35.112],[97.991,35.08],[98.124,34.937],[98.137,34.893],[98.377,34.815],[98.396,34.773],[98.401,34.649],[98.38,34.619],[98.326,34.598],[98.329,34.574],[98.394,34.547],[98.466,34.492],[98.49,34.424],[98.514,34.401],[98.627,34.357],[98.709,34.355],[98.724,34.368],[98.723,34.454],[98.782,34.451],[98.836,34.479],[98.952,34.458],[98.986,34.43],[99.002,34.436],[99.056,34.41],[99.069,34.362],[99.034,34.27],[99.075,34.153],[99.048,34.071],[99.062,33.971],[99.096,33.95],[99.11,33.913],[99.172,33.875],[99.248,33.784],[99.306,33.746],[99.376,33.752],[99.392,33.783],[99.378,33.814],[99.395,33.827],[99.525,33.802],[99.542,33.773],[99.569,33.765],[99.645,33.765],[99.703,33.806],[99.771,33.799],[99.837,33.775],[99.905,33.718],[99.999,33.675],[100.08,33.587],[100.158,33.574],[100.288,33.691],[100.254,33.746],[100.24,33.738],[100.245,33.76],[100.316,33.746],[100.357,33.756],[100.479,33.829],[100.564,33.854],[100.663,33.925],[100.766,33.928],[100.814,33.879],[100.83,33.883],[100.869,33.807],[100.926,33.786],[100.912,33.759],[100.958,33.738],[100.995,33.751],[101.0,33.726],[101.016,33.729],[101.034,33.771],[101.014,33.84],[101.018,33.871],[101.034,33.876],[101.111,33.861],[101.182,33.786],[101.288,33.711],[101.323,33.718],[101.376,33.697],[101.389,33.676],[101.417,33.694],[101.454,33.684],[101.508,33.704],[101.606,33.67],[101.753,33.68],[101.837,33.605],[101.892,33.526],[101.889,33.488],[101.974,33.403],[102.096,33.339],[102.174,33.334],[102.266,33.419],[102.385,33.409],[102.461,33.457],[102.454,33.471],[102.481,33.464],[102.452,33.523],[102.459,33.541],[102.481,33.54],[102.355,33.609],[102.324,33.653],[102.342,33.725],[102.334,33.735],[102.29,33.725],[102.324,33.751],[102.299,33.78],[102.247,33.797],[102.263,33.826],[102.166,33.945],[102.132,33.965],[102.05,33.957],[101.943,34.01],[101.913,33.999],[101.803,34.075],[101.759,34.072],[101.728,34.108],[101.646,34.135],[101.611,34.191],[101.323,34.259],[101.265,34.297],[101.233,34.3],[101.222,34.335],[101.197,34.345],[101.194,34.396],[101.165,34.406],[101.139,34.499],[101.06,34.505],[101.001,34.546],[100.928,34.551],[100.861,34.718],[100.763,34.677],[100.674,34.675],[100.618,34.691],[100.494,34.805],[100.336,34.833],[100.288,34.917],[100.285,34.984],[100.249,35.046],[100.247,35.173],[100.22,35.24],[100.271,35.295],[100.205,35.33],[100.214,35.378],[100.193,35.37],[100.191,35.402],[100.131,35.466],[100.158,35.483],[100.166,35.532],[100.207,35.574],[100.296,35.771],[100.348,35.774],[100.39,35.8],[100.447,35.779],[100.455,35.829],[100.497,35.841],[100.543,35.888],[100.59,35.888],[100.637,35.913],[100.642,35.936],[100.72,35.989],[100.741,36.07],[100.842,36.14],[101.004,36.132],[101.064,36.146],[101.091,36.1],[101.166,36.118],[101.191,36.087],[101.262,36.091],[101.392,36.051],[101.478,36.065],[101.666,36.181],[101.697,36.184],[101.782,36.146],[101.839,36.14],[101.913,36.086],[101.912,36.068],[101.958,36.053],[101.947,36.038],[102.016,35.991],[102.073,35.855],[102.098,35.83],[102.163,35.833],[102.246,35.874],[102.441,35.887],[102.604,35.842],[102.735,35.83],[102.787,35.859],[102.837,35.86],[103.009,35.825],[103.116,35.778],[103.287,35.853],[103.359,35.911],[103.203,35.961],[103.189,35.989],[103.261,36.065],[103.392,36.131],[103.454,36.188],[103.502,36.182],[103.554,36.126],[103.646,36.146],[103.698,36.098],[103.876,36.064],[104.034,36.078],[104.047,36.136],[104.023,36.147],[104.018,36.182],[104.126,36.243],[104.157,36.299],[104.232,36.368],[104.345,36.39],[104.42,36.45],[104.493,36.459],[104.546,36.503],[104.607,36.528],[104.638,36.571],[104.71,36.606],[104.722,36.692],[104.612,36.772],[104.592,36.833],[104.466,36.89],[104.408,36.882],[104.393,36.905],[104.335,36.9],[104.337,37.006],[104.298,37.079],[104.317,37.122],[104.359,37.134],[104.305,37.157],[104.311,37.168],[104.438,37.203],[104.469,37.195],[104.603,37.339],[104.8,37.371],[104.856,37.407],[104.938,37.408],[104.992,37.442],[104.997,37.473],[105.052,37.453],[105.116,37.487],[105.229,37.48],[105.274,37.494],[105.573,37.5],[105.876,37.586],[105.94,37.688],[105.963,37.815],[105.992,37.885],[106.071,37.953],[106.169,38.007],[106.22,38.082],[106.226,38.127],[106.278,38.233],[106.407,38.362],[106.517,38.426],[106.572,38.526],[106.535,38.535],[106.518,38.573],[106.54,38.621],[106.594,38.666],[106.573,38.71],[106.604,38.72],[106.607,38.751],[106.648,38.803],[106.84,38.987],[106.866,39.043],[106.853,39.077],[106.881,39.104],[106.848,39.163],[106.808,39.198],[106.809,39.309],[106.749,39.418],[106.785,39.674],[106.751,39.704],[106.765,39.762],[106.744,39.854],[106.71,39.898],[106.738,39.919],[106.738,39.971],[106.709,40.038],[106.727,40.062],[106.858,40.179],[106.87,40.183],[106.874,40.166],[107.007,40.257],[107.057,40.332],[107.128,40.351],[107.151,40.376],[107.158,40.402],[107.141,40.453],[107.214,40.499],[107.203,40.563],[107.27,40.637],[107.395,40.66],[107.513,40.739],[107.561,40.737],[107.643,40.774],[107.706,40.771],[107.699,40.829],[107.758,40.859],[107.862,40.869],[107.916,40.85],[108.086,40.847],[108.173,40.879],[108.197,40.838],[108.24,40.813],[108.268,40.826],[108.306,40.81],[108.437,40.817],[108.484,40.758],[108.55,40.717],[108.59,40.661],[108.67,40.642],[108.697,40.612],[108.766,40.612],[108.763,40.573],[108.83,40.543],[108.879,40.563],[108.9,40.529],[108.989,40.522],[109.005,40.556],[109.025,40.545],[109.046,40.556],[109.057,40.525],[109.098,40.547],[109.207,40.511],[109.197,40.488],[109.286,40.522],[109.279,40.49],[109.396,40.468],[109.472,40.502],[109.43,40.515],[109.499,40.529],[109.505,40.516],[109.608,40.55],[109.665,40.496],[109.713,40.475],[109.749,40.497],[109.901,40.522],[109.952,40.503],[109.972,40.522],[109.988,40.511],[110.082,40.522],[110.122,40.502],[110.167,40.54],[110.202,40.539],[110.246,40.474],[110.303,40.481],[110.293,40.461],[110.306,40.453],[110.355,40.45],[110.43,40.388],[110.467,40.394],[110.479,40.372],[110.506,40.381],[110.606,40.317],[110.658,40.321],[110.879,40.255],[110.987,40.261],[111.034,40.296],[111.219,40.172],[111.302,40.156],[111.369,40.09],[111.405,40.025],[111.435,39.906],[111.359,39.75],[111.463,39.62],[111.425,39.625],[111.42,39.522],[111.316,39.429],[111.163,39.423],[111.109,39.385],[111.15,39.357],[111.166,39.364],[111.226,39.296],[111.117,39.067],[110.994,39.003],[110.972,38.974],[111.003,38.902],[110.979,38.816],[110.871,38.621],[110.9,38.58],[110.896,38.535],[110.852,38.457],[110.774,38.426],[110.746,38.377],[110.67,38.316],[110.579,38.287],[110.568,38.226],[110.51,38.202],[110.499,38.166],[110.514,37.954],[110.576,37.931],[110.653,37.813],[110.742,37.764],[110.743,37.732],[110.705,37.713],[110.794,37.658],[110.766,37.637],[110.788,37.561],[110.738,37.469],[110.636,37.418],[110.633,37.379],[110.687,37.357],[110.664,37.282],[110.536,37.155],[110.459,37.051],[110.417,37.035],[110.445,37.021],[110.427,37.01],[110.373,37.017],[110.417,36.967],[110.394,36.906],[110.369,36.891],[110.41,36.849],[110.417,36.816],[110.397,36.781],[110.376,36.775],[110.417,36.753],[110.417,36.733],[110.439,36.742],[110.441,36.726],[110.421,36.692],[110.389,36.688],[110.482,36.592],[110.498,36.524],[110.458,36.349],[110.472,36.263],[110.445,36.185],[110.446,36.141],[110.51,35.886],[110.541,35.883],[110.56,35.849],[110.575,35.712],[110.619,35.597],[110.602,35.554],[110.555,35.508],[110.547,35.438],[110.496,35.403],[110.424,35.294],[110.372,35.255],[110.335,35.197],[110.259,34.944],[110.272,34.881],[110.237,34.801],[110.251,34.663],[110.269,34.637]],[[97.288,34.835],[97.301,34.817],[97.406,34.817],[97.484,34.871],[97.546,34.876]]]}},{"type":"Feature","properties":{"rank":8},"geometry":{"type":"LineString","coordinates":[[76.2,31.886],[76.084,31.954],[75.991,31.974],[75.934,31.964]]}},{"type":"Feature","properties":{"rank":8},"geometry":{"type":"MultiLineString","coordinates":[[[77.195,32.258],[77.201,32.186],[77.156,32.116],[77.119,31.939],[77.187,31.826],[77.214,31.737],[77.2,31.722],[77.059,31.699],[77.009,31.72],[76.939,31.709],[76.93,31.772],[76.856,31.82],[76.781,31.836],[76.747,31.877],[76.682,31.898],[76.593,31.903],[76.444,31.808],[76.32,31.782],[76.292,31.79],[76.28,31.824],[76.24,31.844],[76.226,31.882],[76.2,31.886]],[[75.934,31.964],[75.898,31.962],[75.706,32.049],[75.687,32.067],[75.688,32.111],[75.588,32.079],[75.545,32.01],[75.534,31.94],[75.562,31.858],[75.548,31.82],[75.559,31.784],[75.528,31.711],[75.376,31.581],[75.319,31.509],[75.227,31.456],[75.162,31.337],[75.002,31.176]]]}},{"type":"Feature","properties":{"rank":8},"geometry":{"type":"MultiLineString","coordinates":[[[75.893,15.092],[75.903,15.131],[76.063,15.159],[76.155,15.227],[76.228,15.225],[76.319,15.272]],[[75.631,13.712],[75.555,13.676],[75.549,13.636],[75.578,13.569],[75.53,13.496]]]}},{"type":"Feature","properties":{"rank":8},"geometry":{"type":"MultiLineString","coordinates":[[[76.318,15.27],[76.355,15.332],[76.505,15.36],[76.542,15.402],[76.579,15.407],[76.606,15.441],[76.651,15.445],[76.694,15.489],[76.782,15.494],[76.844,15.651],[76.896,15.69],[77.073,15.921],[77.143,15.96],[77.226,15.976],[77.306,15.957],[77.428,15.955],[77.686,15.893],[77.849,15.893],[77.887,15.919],[78.1,15.829],[78.141,15.888],[78.213,15.927],[78.236,15.969]],[[75.631,13.712],[75.667,13.735],[75.656,13.76],[75.674,13.755],[75.7,13.788],[75.699,13.939],[75.66,14.01],[75.665,14.03],[75.72,14.073],[75.685,14.12],[75.704,14.147],[75.667,14.171],[75.66,14.208],[75.681,14.213],[75.687,14.232],[75.646,14.253],[75.618,14.364],[75.635,14.439],[75.681,14.502],[75.708,14.483],[75.807,14.572],[75.797,14.673],[75.735,14.695],[75.749,14.736],[75.704,14.722],[75.708,14.777],[75.671,14.81],[75.669,14.844],[75.695,14.879],[75.676,14.935],[75.687,14.955],[75.732,14.958],[75.809,15.032],[75.881,15.057],[75.893,15.092]],[[75.318,13.228],[75.342,13.249],[75.394,13.251],[75.481,13.289],[75.489,13.321],[75.47,13.367],[75.482,13.386],[75.507,13.386],[75.496,13.437],[75.53,13.496]]]}},{"type":"Feature","properties":{"rank":8},"geometry":{"type":"LineString","coordinates":[[81.142,8.0],[81.149,8.048],[81.176,8.082],[81.231,8.109],[81.235,8.14],[81.259,8.15],[81.279,8.231],[81.299,8.253],[81.416,8.253]]}},{"type":"Feature","properties":{"rank":8},"geometry":{"type":"LineString","coordinates":[[102.78,18.714],[102.674,18.592],[102.567,18.55]]}},{"type":"Feature","properties":{"rank":8},"geometry":{"type":"MultiLineString","coordinates":[[[103.205,19.683],[103.157,19.638],[103.08,19.611],[103.055,19.519],[102.959,19.414],[102.93,19.404],[102.819,19.438],[102.764,19.416],[102.749,19.39],[102.745,19.314],[102.818,19.251],[102.805,19.197],[102.879,19.074],[102.881,19.035],[102.865,19.005],[102.799,18.968],[102.773,18.918],[102.761,18.842],[102.779,18.799],[102.78,18.713]],[[102.567,18.55],[102.513,18.51],[102.531,18.367],[102.559,18.368],[102.559,18.352],[102.52,18.324],[102.558,18.3],[102.505,18.281],[102.533,18.27],[102.539,18.237],[102.577,18.23],[102.578,18.202],[102.637,18.189],[102.631,18.173],[102.606,18.17],[102.605,18.135],[102.657,18.149],[102.71,18.139],[102.737,18.162],[102.785,18.125],[102.899,18.193],[102.973,18.171],[102.994,18.173],[102.986,18.195],[102.997,18.197],[103.013,18.186],[102.996,18.147],[103.004,18.125],[103.035,18.126],[103.068,18.167],[103.086,18.139]]]}},{"type":"Feature","properties":{"rank":8},"geometry":{"type":"LineString","coordinates":[[92.298,35.222],[92.112,35.235],[92.067,35.219]]}},{"type":"Feature","properties":{"rank":8},"geometry":{"type":"MultiLineString","coordinates":[[[90.949,35.244],[91.158,35.244],[91.298,35.209],[91.471,35.208],[91.601,35.185],[91.722,35.18],[91.79,35.196],[91.977,35.154],[92.005,35.159],[92.067,35.219]],[[92.298,35.222],[92.367,35.209],[92.573,35.209],[92.624,35.175],[92.694,35.225],[92.785,35.216],[93.138,35.303],[93.274,35.31],[93.354,35.332],[93.392,35.36],[93.633,35.296],[93.768,35.299],[93.896,35.221],[94.129,35.211],[94.334,35.065],[94.376,35.052],[94.534,35.034],[94.609,35.002],[94.654,35.02],[94.752,35.011],[94.769,34.979],[94.929,34.905],[94.965,34.806],[94.955,34.718],[94.924,34.677]]]}},{"type":"Feature","properties":{"rank":8},"geometry":{"type":"LineString","coordinates":[[124.959,40.453],[125.034,40.462],[125.041,40.474],[125.009,40.509],[125.034,40.539],[125.24,40.613],[125.275,40.645],[125.336,40.641]]}},{"type":"Feature","properties":{"rank":8},"geometry":{"type":"MultiLineString","coordinates":[[[128.09,41.917],[128.096,41.822],[128.158,41.712],[128.25,41.66],[128.302,41.583],[128.185,41.404],[128.145,41.376],[128.103,41.379],[128.117,41.393],[128.103,41.399],[128.063,41.388],[128.046,41.398],[128.05,41.42],[128.014,41.413],[128.001,41.471],[127.973,41.45],[127.943,41.471],[127.881,41.461],[127.848,41.431],[127.662,41.447],[127.638,41.43],[127.558,41.458],[127.542,41.491],[127.304,41.494],[127.268,41.505],[127.289,41.518],[127.281,41.531],[127.244,41.528],[127.206,41.546],[127.179,41.517],[127.155,41.53],[127.134,41.522],[127.104,41.537],[127.179,41.585],[127.096,41.612],[127.104,41.626],[127.058,41.643],[127.048,41.678],[127.076,41.681],[127.042,41.732],[126.945,41.766],[126.929,41.801],[126.886,41.785],[126.864,41.747],[126.808,41.73],[126.788,41.696],[126.696,41.741],[126.679,41.736],[126.727,41.701],[126.668,41.667],[126.617,41.666],[126.566,41.614],[126.576,41.562],[126.5,41.434],[126.521,41.352],[126.487,41.344],[126.5,41.366],[126.472,41.366],[126.44,41.348],[126.274,41.152],[126.123,41.075],[126.137,41.057],[126.103,41.009],[126.075,40.997],[126.045,40.944],[125.98,40.913],[126.009,40.914],[126.007,40.899],[125.935,40.877],[125.884,40.897],[125.821,40.869],[125.76,40.885],[125.682,40.848],[125.644,40.81],[125.682,40.769],[125.609,40.761],[125.571,40.785],[125.546,40.726],[125.468,40.713],[125.452,40.673],[125.418,40.666],[125.413,40.632],[125.336,40.641]],[[124.959,40.453],[124.917,40.461],[124.895,40.483],[124.8,40.394],[124.74,40.37],[124.712,40.31],[124.642,40.294],[124.57,40.252],[124.548,40.221],[124.37,40.098]]]}},{"type":"Feature","properties":{"rank":8},"geometry":{"type":"LineString","coordinates":[[123.835,45.724],[123.882,45.706],[123.967,45.727],[124.038,45.709]]}},{"type":"Feature","properties":{"rank":8},"geometry":{"type":"MultiLineString","coordinates":[[[120.165,46.995],[120.232,46.947],[120.263,46.797],[120.304,46.781],[120.428,46.781],[120.514,46.732],[120.655,46.756],[120.747,46.714],[120.95,46.698],[121.105,46.655],[121.285,46.638]],[[121.285,46.631],[121.347,46.604],[121.354,46.542],[121.447,46.474],[121.679,46.409],[121.71,46.368],[121.779,46.324],[121.92,46.313],[121.997,46.279],[122.101,46.135],[122.141,46.03],[122.237,45.964],[122.31,45.868],[122.377,45.847],[122.529,45.551],[122.784,45.377],[122.947,45.361],[123.068,45.393],[123.145,45.448],[123.16,45.519],[123.254,45.608],[123.273,45.608],[123.337,45.681],[123.474,45.728],[123.835,45.724]],[[124.038,45.709],[124.087,45.717]]]}},{"type":"Feature","properties":{"rank":8},"geometry":{"type":"LineString","coordinates":[[101.87,56.0],[101.832,55.878],[101.827,55.765],[101.842,55.696],[101.926,55.63],[102.002,55.6],[102.35,55.556],[102.367,55.495],[102.282,55.443],[102.281,55.397],[102.318,55.346],[102.269,55.295],[102.289,55.282],[102.362,55.303],[102.424,55.294],[102.39,55.259],[102.271,55.248],[102.317,55.192],[102.31,55.174],[102.273,55.149],[102.219,55.142],[102.205,55.131],[102.216,55.092],[102.112,55.059],[102.1,55.041]]}},{"type":"Feature","properties":{"rank":8},"geometry":{"type":"LineString","coordinates":[[100.522,51.973],[100.367,52.059],[100.363,52.13],[100.339,52.192],[100.227,52.318],[100.182,52.33],[100.07,52.316],[99.987,52.33],[99.964,52.343],[99.96,52.364],[99.922,52.367],[99.919,52.391],[99.874,52.411],[99.871,52.456],[99.823,52.525],[99.718,52.563],[99.72,52.597],[99.684,52.615],[99.699,52.645],[99.699,52.721],[99.736,52.758],[99.782,52.776],[100.021,52.818],[100.124,52.85],[100.14,52.865],[100.136,52.926],[100.186,52.96],[100.184,52.986],[100.204,53.012],[100.279,53.06],[100.33,53.063],[100.359,53.084],[100.344,53.104],[100.362,53.112],[100.371,53.151],[100.35,53.159],[100.412,53.2],[100.398,53.207],[100.436,53.255],[100.539,53.248],[100.539,53.28],[100.553,53.282],[100.638,53.261],[100.624,53.286],[100.689,53.275],[100.743,53.304],[100.761,53.282],[100.85,53.293],[100.93,53.269],[101.005,53.322],[101.05,53.301],[101.069,53.335],[101.176,53.32],[101.355,53.465],[101.433,53.488],[101.587,53.493],[101.724,53.567],[101.781,53.572],[101.987,53.681],[102.075,53.81],[102.064,53.851],[102.073,53.876],[102.16,54.002],[102.137,54.038],[102.104,54.05],[102.104,54.071],[102.064,54.111],[102.121,54.129],[102.078,54.159],[102.125,54.187],[102.072,54.249],[102.078,54.303],[102.03,54.338],[102.1,54.358],[102.076,54.441],[101.985,54.527],[101.885,54.525],[101.738,54.556],[101.701,54.646],[101.718,54.653],[101.779,54.626],[101.809,54.63],[101.864,54.687],[101.999,54.657],[102.118,54.689],[102.141,54.647],[102.179,54.638],[102.187,54.659],[102.174,54.693],[102.218,54.711],[102.224,54.727],[102.129,54.734],[102.173,54.78],[102.166,54.797],[102.078,54.789],[102.056,54.802],[102.096,54.864],[102.057,54.899],[102.166,54.954],[102.078,54.958],[102.057,54.981],[102.1,55.041]]}},{"type":"Feature","properties":{"rank":8},"geometry":{"type":"LineString","coordinates":[[94.464,51.733],[94.488,51.814],[94.457,51.864],[94.434,51.868],[94.436,51.905],[94.412,51.925],[94.425,51.948],[94.484,51.975],[94.502,52.015],[94.416,52.021],[94.405,52.051],[94.371,52.07],[94.389,52.097],[94.368,52.13],[94.405,52.159],[94.465,52.175],[94.597,52.278],[94.608,52.3],[94.546,52.33],[94.603,52.333],[94.659,52.316],[94.698,52.333],[94.727,52.386],[94.76,52.405],[94.78,52.455],[94.896,52.494],[94.978,52.496],[95.065,52.53],[95.257,52.513],[95.287,52.529],[95.358,52.531],[95.475,52.644],[95.673,52.7],[95.852,52.695],[96.0,52.625],[96.01,52.589],[96.068,52.555],[96.15,52.405],[96.122,52.377],[96.13,52.354],[96.104,52.308],[96.037,52.277],[96.106,52.25],[96.273,52.268],[96.34,52.254],[96.382,52.273],[96.479,52.275],[96.526,52.259],[96.527,52.24],[96.555,52.22],[96.541,52.212],[96.606,52.168],[96.705,52.158],[97.068,52.179],[97.224,52.138],[97.473,52.172],[97.801,52.117],[97.889,52.121],[97.982,52.219],[98.171,52.251],[98.333,52.307],[98.584,52.334],[98.605,52.36],[98.603,52.419],[98.625,52.452],[98.703,52.486],[98.733,52.515]]}},{"type":"Feature","properties":{"rank":3},"geometry":{"type":"MultiLineString","coordinates":[[[140.114,51.763],[139.919,51.602],[139.857,51.578]],[[137.069,50.454],[137.111,50.246],[137.004,50.159],[136.891,50.124],[136.814,50.018],[136.756,49.88],[136.765,49.8],[136.81,49.759]]]}},{"type":"Feature","properties":{"rank":3},"geometry":{"type":"MultiLineString","coordinates":[[[140.706,53.111],[140.583,53.084],[140.501,53.11],[140.338,53.2],[140.263,53.221],[139.915,53.212],[139.869,53.188],[139.819,53.065],[139.703,52.971],[139.706,52.953],[139.752,52.925],[140.0,52.837],[140.093,52.772],[140.11,52.747],[140.087,52.692],[140.135,52.618],[140.166,52.601],[140.304,52.582],[140.437,52.429],[140.454,52.347],[140.404,52.278],[140.367,52.158],[140.251,52.092],[140.163,52.009],[140.241,51.859],[140.236,51.83],[140.114,51.763]],[[139.857,51.578],[139.651,51.537],[139.517,51.532],[139.481,51.507],[139.458,51.45],[139.426,51.421],[139.234,51.357],[139.178,51.353],[139.011,51.389],[138.932,51.38],[138.875,51.261],[138.655,51.201],[138.573,51.126],[138.44,51.097],[138.361,51.021],[138.276,50.971],[138.194,50.947],[138.138,50.876],[138.038,50.854],[137.917,50.762],[137.688,50.689],[137.367,50.67],[137.233,50.64],[137.048,50.506],[137.069,50.454]],[[136.81,49.759],[136.841,49.744],[136.853,49.719],[136.852,49.604],[136.836,49.575],[136.737,49.502],[136.531,49.465],[136.435,49.418],[136.416,49.343],[136.343,49.254],[136.269,49.213],[136.302,49.107],[136.276,49.043],[136.149,48.964],[135.994,48.934],[135.94,48.847],[135.802,48.809],[135.754,48.753],[135.647,48.745],[135.513,48.779],[135.373,48.735],[135.29,48.747],[135.238,48.734],[135.023,48.614],[134.997,48.548],[135.042,48.485],[135.049,48.459],[135.035,48.437],[134.883,48.424],[134.751,48.371],[134.598,48.416],[134.505,48.413],[134.056,48.327],[133.966,48.278],[133.72,48.244],[133.67,48.19],[133.593,48.164],[133.559,48.113],[133.524,48.095],[133.301,48.101],[133.223,48.126],[133.091,48.107],[133.032,48.057],[132.94,48.026],[132.805,47.936],[132.774,47.933],[132.722,47.959],[132.674,47.95],[132.66,47.931],[132.667,47.881],[132.576,47.794],[132.573,47.739],[132.524,47.707],[132.332,47.736],[132.25,47.725],[132.161,47.69],[132.024,47.698],[131.913,47.667],[131.702,47.696],[131.602,47.661],[131.507,47.721],[131.418,47.742],[131.084,47.675],[131.023,47.682],[130.941,47.718],[130.941,47.82],[130.906,47.884],[130.674,48.064],[130.663,48.116],[130.674,48.136],[130.752,48.189],[130.773,48.244],[130.819,48.282],[130.824,48.318],[130.742,48.411],[130.758,48.485],[130.715,48.499],[130.625,48.482],[130.619,48.56],[130.529,48.616],[130.674,48.871],[130.54,48.853],[130.486,48.863],[130.465,48.891],[130.439,48.896],[130.249,48.864],[130.201,48.882],[129.974,49.015],[129.926,49.025],[129.913,49.039],[129.92,49.082],[129.841,49.109],[129.841,49.167],[129.741,49.195],[129.71,49.274],[129.551,49.29],[129.531,49.321],[129.527,49.385],[129.48,49.421],[129.378,49.425],[129.372,49.37],[129.34,49.341],[129.217,49.391],[129.115,49.348],[129.066,49.361],[128.997,49.441],[128.878,49.48],[128.759,49.471],[128.753,49.502],[128.799,49.532],[128.801,49.565],[128.671,49.611],[128.628,49.575],[128.55,49.588],[128.383,49.579],[128.344,49.548],[128.267,49.559],[128.198,49.539],[128.066,49.546],[127.967,49.603],[127.92,49.581],[127.83,49.594],[127.703,49.66],[127.679,49.739],[127.644,49.767],[127.538,49.79],[127.507,49.822],[127.533,49.922],[127.494,49.973],[127.486,50.025],[127.569,50.13],[127.59,50.209]]]}},{"type":"Feature","properties":{"rank":8},"geometry":{"type":"LineString","coordinates":[[102.002,14.276],[102.067,14.355],[102.064,14.4],[102.086,14.413],[102.098,14.455],[102.112,14.448],[102.138,14.471],[102.177,14.542],[102.16,14.65],[102.201,14.702],[102.213,14.878],[102.243,14.913],[102.265,15.009],[102.351,15.099],[102.366,15.092],[102.358,15.113],[102.39,15.208],[102.433,15.237],[102.509,15.245],[102.585,15.319],[102.596,15.313],[102.6,15.331],[102.619,15.332],[102.639,15.373],[102.673,15.366],[102.729,15.394],[102.752,15.38],[102.837,15.388],[102.853,15.404],[102.899,15.373],[102.951,15.38],[102.975,15.429],[102.995,15.421],[103.057,15.463],[103.071,15.435],[103.105,15.448],[103.102,15.428],[103.119,15.414],[103.146,15.421],[103.167,15.366],[103.19,15.371],[103.256,15.311],[103.303,15.315],[103.366,15.352],[103.406,15.345],[103.412,15.321],[103.429,15.322],[103.434,15.345],[103.453,15.339],[103.502,15.298],[103.557,15.284],[103.626,15.319],[103.66,15.373],[103.679,15.334],[103.71,15.365],[103.747,15.364],[103.811,15.407],[103.826,15.453],[103.887,15.47],[103.909,15.443],[103.942,15.441],[103.945,15.421],[103.976,15.429],[103.985,15.41],[104.06,15.402],[104.076,15.363],[104.153,15.345],[104.213,15.281],[104.243,15.27],[104.257,15.229],[104.277,15.246],[104.302,15.236],[104.386,15.196],[104.384,15.168],[104.46,15.137],[104.524,15.154],[104.709,15.133],[104.736,15.171],[104.702,15.181],[104.79,15.24],[104.826,15.24],[104.804,15.215],[104.831,15.212],[105.126,15.308],[105.217,15.304],[105.227,15.271],[105.266,15.237],[105.312,15.278],[105.38,15.306],[105.459,15.27],[105.475,15.307],[105.503,15.32]]}},{"type":"Feature","properties":{"rank":8},"geometry":{"type":"LineString","coordinates":[[101.405,16.373],[101.407,16.35],[101.463,16.346],[101.506,16.311],[101.488,16.271],[101.502,16.224],[101.588,16.216],[101.585,16.164],[101.605,16.143],[101.646,16.134],[101.694,16.086],[101.677,16.017],[101.687,15.962],[101.751,15.808],[101.81,15.784],[101.824,15.736],[101.847,15.733],[101.926,15.661],[102.002,15.695],[102.084,15.619],[102.146,15.682],[102.16,15.736],[102.203,15.744],[102.214,15.764],[102.24,15.752],[102.331,15.805],[102.334,15.863],[102.371,15.922],[102.381,15.976],[102.427,16.005],[102.502,16.093],[102.543,16.072],[102.536,16.079],[102.577,16.093],[102.585,16.127],[102.598,16.12],[102.653,16.167],[102.673,16.195],[102.669,16.22],[102.695,16.23],[102.687,16.243],[102.737,16.246],[102.761,16.273],[102.794,16.35],[102.817,16.368],[102.893,16.373],[102.886,16.387],[102.954,16.373],[102.947,16.36],[102.979,16.34],[102.995,16.305],[103.047,16.293],[103.08,16.248],[103.119,16.236],[103.112,16.222],[103.126,16.216],[103.112,16.202],[103.143,16.195],[103.282,16.227],[103.354,16.224],[103.387,16.243],[103.421,16.243],[103.458,16.189],[103.476,16.209],[103.557,16.222],[103.566,16.205],[103.605,16.205],[103.606,16.222],[103.634,16.195],[103.667,16.195],[103.66,16.222],[103.695,16.216],[103.701,16.23],[103.798,16.175],[103.784,16.154],[103.808,16.149],[103.827,16.121],[103.865,16.115],[103.893,16.076],[103.908,16.003],[103.925,16.007],[103.914,15.959],[103.894,15.942],[103.906,15.913],[103.936,15.948],[103.99,15.908],[104.009,15.914],[104.037,15.867],[104.013,15.846],[104.009,15.798],[104.073,15.82],[104.071,15.846],[104.111,15.823],[104.131,15.787],[104.126,15.702],[104.155,15.701],[104.239,15.551],[104.284,15.521],[104.307,15.456],[104.352,15.442],[104.373,15.463],[104.387,15.401],[104.423,15.374],[104.435,15.386],[104.428,15.325],[104.5,15.311],[104.528,15.328],[104.572,15.325],[104.613,15.304],[104.65,15.265],[104.654,15.24],[104.674,15.253],[104.716,15.188]]}},{"type":"Feature","properties":{"rank":8},"geometry":{"type":"LineString","coordinates":[[115.995,41.509],[115.978,41.588],[115.928,41.625],[115.779,41.669],[115.751,41.728],[115.76,41.775],[115.8,41.793],[115.823,41.845],[115.831,41.928],[115.891,42.127],[115.872,42.167],[115.945,42.251],[116.192,42.359],[116.344,42.359],[116.486,42.31],[116.559,42.24],[116.616,42.235],[116.663,42.146],[116.674,42.088],[116.715,42.065],[116.7,42.021],[116.614,41.907]]}},{"type":"Feature","properties":{"rank":8},"geometry":{"type":"LineString","coordinates":[[100.612,24.748],[100.775,24.617],[100.84,24.46],[100.896,24.406],[100.934,24.32],[100.952,24.31],[100.954,24.275],[101.009,24.215],[101.009,24.155],[101.06,24.132],[101.084,24.055],[101.125,24.007],[101.157,23.919],[101.149,23.755],[101.186,23.664],[101.166,23.596],[101.225,23.574],[101.251,23.545],[101.28,23.425],[101.244,23.264],[101.349,23.226],[101.33,23.124],[101.367,23.088],[101.39,23.088],[101.427,23.124],[101.497,23.075],[101.515,23.017],[101.467,22.986],[101.55,22.87],[101.628,22.849],[101.673,22.897],[101.731,22.919],[101.796,22.884],[101.871,22.805],[101.933,22.818],[101.98,22.802],[102.072,22.673],[102.104,22.651],[102.163,22.626],[102.263,22.616],[102.307,22.561],[102.379,22.575],[102.523,22.561],[102.644,22.436],[102.776,22.36],[102.817,22.297],[102.828,22.228],[102.845,22.205],[102.908,22.202],[102.934,22.137],[103.04,22.147],[103.14,22.085],[103.177,22.087],[103.264,22.048],[103.284,22.054],[103.263,22.075],[103.323,22.149],[103.383,22.149],[103.416,22.081],[103.452,22.048],[103.461,21.99],[103.497,21.967],[103.543,21.893],[103.585,21.743],[103.642,21.672],[103.749,21.652],[103.815,21.558],[103.958,21.517],[103.983,21.493],[104.003,21.496],[104.046,21.451],[104.105,21.431],[104.16,21.364],[104.167,21.321],[104.223,21.272],[104.277,21.252],[104.297,21.225],[104.364,21.213],[104.514,21.073],[104.553,21.083],[104.573,21.048],[104.592,21.054],[104.618,21.035],[104.653,21.035],[104.709,21.068],[104.797,21.037],[104.866,21.033],[104.996,20.877],[105.086,20.813],[105.082,20.766],[105.196,20.774],[105.34,20.828],[105.346,20.845],[105.326,20.865],[105.329,20.981],[105.284,21.054],[105.305,21.126],[105.281,21.17],[105.284,21.191],[105.342,21.238],[105.339,21.273]]}},{"type":"Feature","properties":{"rank":8},"geometry":{"type":"LineString","coordinates":[[108.906,48.877],[108.941,48.891],[109.036,48.978],[109.122,49.004],[109.194,48.997],[109.342,49.073],[109.424,49.096],[109.509,49.209],[109.715,49.23],[109.841,49.182],[109.917,49.058],[109.989,49.017],[110.085,48.913],[110.123,48.9],[110.192,48.781],[110.232,48.754],[110.342,48.702],[110.573,48.67],[110.672,48.607],[110.882,48.606],[110.911,48.601],[110.933,48.573],[110.977,48.566],[111.051,48.62],[111.193,48.685],[111.342,48.702],[111.483,48.757],[111.514,48.75],[111.587,48.815],[111.651,48.828],[111.685,48.888],[111.775,48.957],[111.818,49.025],[111.849,49.035],[111.864,49.074],[111.842,49.093],[111.852,49.119],[111.928,49.117],[112.033,49.222],[112.031,49.264],[112.341,49.453],[112.423,49.486],[112.504,49.495],[112.584,49.544],[112.589,49.564],[112.569,49.59],[112.583,49.63],[112.61,49.661],[112.702,49.71],[112.764,49.798],[112.78,49.868],[112.837,49.922],[112.881,49.994],[113.014,50.081],[113.051,50.162],[113.134,50.199],[113.274,50.304],[113.287,50.344],[113.277,50.366],[113.316,50.423],[113.812,50.436],[113.909,50.491],[114.529,50.49],[114.686,50.546],[114.813,50.525],[115.019,50.531],[115.098,50.566],[115.452,50.609],[115.572,50.578],[115.658,50.629],[115.68,50.676],[115.687,50.799],[115.601,50.974],[115.606,51.011],[115.671,51.07],[115.813,51.131],[115.837,51.169],[115.886,51.198],[115.961,51.32],[116.071,51.388],[116.085,51.43],[116.045,51.485],[115.975,51.505],[116.005,51.547],[115.93,51.539],[115.839,51.556],[115.841,51.604],[115.792,51.635],[115.789,51.656],[115.831,51.725]]}},{"type":"Feature","properties":{"rank":8},"geometry":{"type":"LineString","coordinates":[[139.067,36.906],[139.064,36.853],[138.968,36.779],[138.968,36.739],[139.041,36.609],[139.02,36.483],[139.072,36.359],[139.181,36.263],[139.232,36.242],[139.378,36.222],[139.472,36.178],[139.513,36.192],[139.609,36.179],[139.769,36.109],[139.969,35.913],[140.127,35.854],[140.189,35.842],[140.319,35.85],[140.392,35.884],[140.551,35.888],[140.692,35.832],[140.798,35.743],[140.856,35.732]]}},{"type":"Feature","properties":{"rank":8},"geometry":{"type":"MultiLineString","coordinates":[[[95.732,55.749],[95.814,55.796],[95.883,55.859],[95.893,55.892],[95.867,55.925],[95.876,55.948],[95.852,56.0]],[[95.507,54.346],[95.541,54.417],[95.548,54.496],[95.574,54.539],[95.569,54.576],[95.589,54.576],[95.603,54.634],[95.505,54.717],[95.45,54.736],[95.414,54.77],[95.296,54.799],[95.129,54.892],[95.116,54.952],[95.168,54.999],[95.133,55.043],[95.164,55.116],[95.129,55.161],[95.173,55.362],[95.245,55.393],[95.276,55.455],[95.437,55.489],[95.462,55.519],[95.465,55.536],[95.411,55.558],[95.39,55.606],[95.433,55.616],[95.456,55.646],[95.527,55.666],[95.58,55.659],[95.657,55.674],[95.687,55.693],[95.691,55.737],[95.732,55.756]]]}},{"type":"Feature","properties":{"rank":3},"geometry":{"type":"LineString","coordinates":[[117.873,49.513],[117.873,49.468],[117.924,49.4],[117.964,49.363],[118.1,49.292],[118.188,49.308],[118.253,49.36],[118.264,49.389],[118.372,49.447],[118.49,49.424],[118.565,49.389],[118.597,49.347],[118.599,49.28],[118.64,49.26],[118.613,49.26],[118.633,49.219],[118.815,49.219],[118.836,49.239],[118.861,49.224],[118.908,49.232],[118.965,49.192],[119.058,49.189],[119.192,49.212],[119.255,49.197],[119.291,49.205],[119.368,49.26],[119.415,49.26],[119.506,49.299],[119.557,49.299],[119.754,49.273],[119.896,49.284],[120.145,49.232],[120.175,49.198],[120.224,49.212],[120.259,49.19],[120.344,49.207],[120.426,49.251],[120.559,49.28],[120.659,49.329],[120.737,49.322],[120.783,49.349],[120.888,49.364],[120.984,49.414],[121.073,49.43],[121.107,49.423],[121.152,49.452],[121.357,49.512],[121.408,49.555],[121.542,49.621],[121.624,49.642],[121.811,49.644],[121.868,49.676],[121.978,49.691],[122.287,49.849]]}},{"type":"Feature","properties":{"rank":8},"geometry":{"type":"LineString","coordinates":[[103.832,19.899],[103.838,19.87],[103.964,19.775],[103.979,19.732],[104.006,19.711],[104.157,19.687],[104.327,19.718],[104.341,19.673],[104.316,19.628],[104.328,19.598],[104.483,19.567],[104.604,19.503],[104.592,19.457],[104.516,19.405],[104.478,19.345],[104.407,19.313],[104.429,19.275],[104.551,19.225],[104.657,19.204],[104.677,19.156],[104.78,19.115],[104.872,19.05],[104.977,19.021],[105.003,18.977],[105.024,18.989],[105.046,18.976],[105.073,18.93],[105.098,18.954],[105.127,18.93],[105.147,18.95],[105.286,18.915],[105.298,18.902],[105.264,18.889],[105.289,18.875],[105.284,18.807],[105.319,18.793],[105.326,18.758],[105.421,18.683],[105.489,18.703],[105.531,18.642],[105.607,18.613],[105.639,18.576],[105.68,18.577],[105.695,18.601],[105.688,18.621],[105.75,18.662]]}},{"type":"Feature","properties":{"rank":8},"geometry":{"type":"LineString","coordinates":[[129.056,37.042],[129.098,36.979],[129.089,36.962],[129.067,36.938],[129.02,36.928],[129.011,36.884],[128.907,36.842],[128.906,36.767],[128.887,36.748],[128.899,36.733],[128.847,36.722],[128.858,36.692],[128.832,36.69],[128.87,36.576],[128.58,36.594],[128.539,36.562],[128.464,36.557],[128.402,36.504],[128.321,36.553],[128.289,36.555],[128.253,36.466],[128.262,36.449],[128.241,36.432],[128.313,36.394],[128.296,36.315],[128.33,36.301],[128.381,36.175],[128.406,36.047],[128.404,35.853],[128.466,35.837],[128.487,35.814],[128.436,35.801],[128.404,35.758],[128.451,35.698],[128.364,35.695],[128.405,35.643],[128.404,35.625],[128.364,35.595],[128.367,35.53],[128.43,35.48],[128.39,35.452],[128.387,35.431],[128.465,35.377],[128.697,35.388],[128.77,35.354],[128.862,35.403],[128.926,35.376],[128.997,35.315],[129.025,35.263],[128.976,35.165],[128.981,35.136]]}},{"type":"Feature","properties":{"rank":8},"geometry":{"type":"LineString","coordinates":[[88.249,52.439],[88.222,52.427],[88.173,52.455],[88.159,52.48],[88.18,52.515],[88.117,52.548],[88.105,52.581],[88.118,52.611],[88.094,52.634],[88.094,52.687],[87.954,52.789],[87.796,52.765],[87.714,52.721],[87.653,52.727],[87.584,52.706],[87.6,52.689],[87.512,52.667],[87.456,52.68],[87.415,52.671],[87.419,52.693],[87.364,52.7],[87.378,52.734],[87.357,52.731],[87.344,52.748],[87.357,52.748],[87.353,52.761],[87.304,52.776],[87.282,52.837],[87.259,52.847],[87.292,52.883],[87.289,52.899],[87.221,52.937],[87.166,52.94],[87.193,52.953],[87.081,52.973],[87.118,53.07],[87.152,53.056],[87.172,53.07],[87.152,53.083],[87.181,53.108],[87.152,53.138],[87.208,53.166],[87.187,53.179],[87.264,53.217],[87.268,53.286],[87.174,53.292],[87.166,53.323],[87.245,53.351],[87.275,53.43],[87.316,53.449],[87.247,53.47],[87.234,53.488],[87.268,53.516],[87.258,53.561],[87.311,53.599],[87.298,53.622],[87.18,53.68],[87.242,53.717],[87.201,53.751],[87.214,53.762]]}},{"type":"Feature","properties":{"rank":8},"geometry":{"type":"LineString","coordinates":[[118.978,41.134],[119.033,41.149],[119.2,41.149],[119.234,41.191],[119.369,41.234],[119.413,41.225],[119.435,41.186],[119.529,41.174],[119.557,41.15],[119.61,41.138],[119.672,41.163],[119.703,41.134],[119.779,41.115],[119.871,41.204],[119.913,41.225],[119.912,41.249],[119.947,41.266],[119.951,41.304],[120.091,41.407],[120.298,41.431],[120.296,41.451],[120.461,41.551],[120.474,41.602],[120.571,41.627],[120.664,41.61],[120.722,41.661],[120.854,41.736],[120.946,41.749],[120.975,41.744],[120.998,41.681],[121.064,41.605],[121.098,41.595],[121.094,41.564],[121.11,41.544],[121.142,41.56],[121.204,41.559],[121.247,41.54],[121.366,41.528],[121.422,41.489],[121.426,41.426],[121.403,41.393],[121.388,41.324],[121.339,41.29],[121.335,41.24],[121.402,41.135],[121.505,41.098],[121.635,40.961],[121.616,40.9],[121.565,40.848]]}},{"type":"Feature","properties":{"rank":8},"geometry":{"type":"LineString","coordinates":[[105.902,22.933],[106.013,22.758],[106.156,22.716],[106.187,22.684],[106.229,22.681],[106.409,22.552],[106.447,22.568],[106.725,22.38],[106.938,22.32],[106.961,22.324],[107.015,22.377],[107.036,22.373],[107.102,22.414],[107.138,22.407],[107.155,22.365],[107.246,22.355],[107.258,22.381],[107.337,22.424],[107.434,22.527],[107.512,22.487],[107.639,22.659],[107.671,22.667],[107.803,22.634],[107.883,22.641],[107.939,22.712],[107.957,22.712],[107.975,22.756],[108.01,22.767],[108.042,22.855],[108.073,22.838],[108.092,22.844]]}},{"type":"Feature","properties":{"rank":8},"geometry":{"type":"LineString","coordinates":[[109.459,25.65],[109.401,25.706],[109.332,25.717],[109.163,25.706],[109.149,25.763],[109.055,25.784],[109.011,25.771],[108.952,25.714],[108.924,25.709],[108.898,25.721],[108.879,25.773],[108.851,25.8],[108.71,25.744],[108.691,25.752],[108.666,25.802],[108.561,25.847],[108.517,25.902],[108.396,25.866],[108.313,25.876],[108.204,25.84],[108.117,25.85],[108.093,25.867],[108.068,25.974],[107.991,25.995],[107.874,25.986],[107.784,25.945],[107.764,25.829],[107.699,25.76],[107.662,25.753],[107.597,25.806]]}},{"type":"Feature","properties":{"rank":8},"geometry":{"type":"LineString","coordinates":[[140.038,37.766],[140.055,37.875],[140.125,38.01],[140.06,38.064],[140.049,38.102],[140.06,38.145],[140.094,38.188],[140.113,38.256],[140.203,38.35],[140.218,38.358],[140.281,38.333],[140.314,38.36],[140.348,38.448],[140.34,38.504],[140.378,38.555],[140.352,38.593],[140.342,38.647],[140.279,38.655],[140.217,38.707],[139.998,38.783],[139.815,38.913]]}},{"type":"Feature","properties":{"rank":8},"geometry":{"type":"LineString","coordinates":[[128.111,42.17],[128.055,42.318],[128.098,42.386],[128.124,42.491],[128.179,42.532],[128.173,42.579],[128.144,42.592],[128.063,42.571],[128.08,42.643],[128.011,42.62],[127.919,42.667],[127.878,42.667],[127.892,42.688],[127.857,42.7],[127.837,42.729],[127.871,42.716],[127.859,42.744],[127.783,42.812],[127.716,42.815],[127.713,42.79],[127.645,42.749],[127.535,42.64],[127.474,42.624],[127.48,42.606],[127.422,42.561],[127.376,42.567]]}},{"type":"Feature","properties":{"rank":8},"geometry":{"type":"LineString","coordinates":[[124.639,51.31],[124.862,51.309],[125.02,51.272],[125.136,51.305],[125.215,51.3],[125.241,51.294],[125.273,51.244],[125.351,51.24],[125.391,51.202],[125.505,51.179],[125.517,51.149],[125.557,51.133],[125.569,51.169],[125.588,51.178],[125.74,51.186],[125.818,51.213],[125.843,51.206],[125.87,51.144],[125.928,51.126],[125.925,51.109],[125.984,51.104],[125.988,51.07],[126.026,51.051],[126.04,51.018]]}},{"type":"Feature","properties":{"rank":8},"geometry":{"type":"LineString","coordinates":[[97.013,53.833],[97.171,53.758],[97.37,53.717],[97.534,53.654],[97.626,53.641],[97.668,53.661],[97.759,53.639],[97.788,53.648],[97.899,53.615],[98.134,53.585],[98.22,53.653],[98.205,53.682],[98.247,53.717],[98.221,53.731],[98.254,53.751],[98.273,53.789],[98.289,53.796],[98.329,53.778],[98.323,53.819],[98.35,53.863],[98.493,53.861],[98.521,53.867],[98.528,53.887],[98.582,53.885],[98.63,53.922],[98.692,53.915],[98.745,53.936],[98.796,53.925],[98.809,53.935],[98.816,53.969],[98.86,54.005],[98.864,54.025],[98.903,54.021],[98.912,54.066],[98.952,54.094],[98.899,54.095],[98.874,54.112],[98.891,54.141],[98.885,54.204],[98.965,54.206],[98.982,54.225],[98.912,54.28],[98.871,54.354],[98.829,54.374],[98.891,54.388],[98.829,54.408],[98.889,54.425],[98.873,54.444],[98.905,54.491],[98.895,54.508],[98.939,54.524],[98.96,54.511],[99.029,54.522],[99.041,54.518],[99.017,54.481],[99.034,54.477],[99.117,54.511],[99.255,54.499],[99.295,54.511],[99.274,54.532],[99.274,54.59],[99.309,54.634],[99.308,54.662],[99.26,54.709],[99.226,54.702],[99.19,54.725],[99.165,54.754],[99.165,54.785],[99.128,54.798],[99.11,54.89],[98.98,55.032],[99.185,55.053],[99.244,55.097],[99.363,55.106],[99.336,55.162],[99.419,55.183],[99.405,55.196],[99.438,55.22],[99.357,55.286],[99.398,55.335],[99.431,55.344],[99.425,55.375],[99.398,55.399],[99.422,55.406],[99.453,55.444],[99.398,55.484],[99.438,55.536],[99.412,55.553],[99.489,55.591],[99.506,55.631],[99.549,55.66],[99.497,55.698],[99.435,55.703],[99.446,55.738],[99.531,55.786],[99.527,55.805],[99.586,55.854],[99.563,55.902],[99.617,55.921],[99.623,55.937],[99.565,56.0]]}},{"type":"Feature","properties":{"rank":8},"geometry":{"type":"LineString","coordinates":[[134.331,51.207],[134.345,51.151],[134.306,51.099],[134.232,51.084],[134.173,51.023],[134.077,50.974],[134.03,50.932],[133.941,50.9],[133.901,50.815],[133.869,50.795],[133.691,50.738],[133.649,50.709],[133.625,50.649],[133.691,50.57],[133.861,50.635],[134.119,50.828],[134.404,50.956],[134.462,51.021],[134.675,51.109],[134.7,51.137],[134.707,51.203],[134.734,51.252],[134.826,51.314],[135.113,51.427],[135.402,51.441],[135.45,51.459],[135.497,51.555],[135.611,51.642],[135.916,51.7],[136.011,51.733],[136.091,51.806],[136.168,51.954],[136.165,52.015],[136.218,52.069],[136.202,52.084],[136.218,52.117],[136.209,52.161],[136.225,52.224],[136.31,52.241],[136.45,52.24],[136.519,52.281],[136.574,52.344],[136.498,52.405],[136.581,52.412],[136.638,52.462],[136.742,52.439],[136.801,52.446],[136.793,52.46],[136.811,52.464],[136.875,52.439],[136.949,52.435],[137.026,52.461],[137.095,52.531],[137.135,52.55],[137.122,52.564],[137.204,52.577],[137.285,52.553],[137.293,52.577],[137.342,52.599],[137.335,52.622],[137.417,52.66],[137.413,52.684],[137.498,52.659],[137.512,52.677],[137.493,52.703],[137.52,52.722],[137.598,52.694],[137.684,52.715],[137.821,52.713],[137.876,52.749],[137.959,52.753],[138.014,52.782],[138.068,52.783],[138.138,52.757],[138.239,52.803],[138.294,52.796],[138.581,52.917],[138.682,52.942],[139.03,52.91],[139.105,52.92],[139.15,52.953],[139.215,52.959],[139.232,52.947],[139.28,52.96],[139.418,52.919],[139.493,52.919],[139.565,52.946],[139.66,52.909],[139.706,52.953]]}},{"type":"Feature","properties":{"rank":8},"geometry":{"type":"LineString","coordinates":[[121.826,48.784],[121.877,48.762],[121.955,48.697],[122.037,48.677],[122.135,48.526],[122.159,48.454],[122.211,48.39],[122.259,48.376],[122.298,48.321],[122.278,48.249],[122.297,48.181],[122.42,48.101],[122.603,48.118],[122.691,48.063],[122.718,48.026],[122.723,47.942],[122.775,47.918],[122.773,47.776],[122.845,47.66],[122.838,47.516],[123.108,47.231],[123.105,47.156],[123.163,47.101],[123.393,46.973],[123.519,46.95]]}},{"type":"Feature","properties":{"rank":8},"geometry":{"type":"LineString","coordinates":[[136.999,47.067],[137.04,47.125],[137.162,47.194],[137.206,47.199],[137.276,47.175],[137.318,47.148],[137.341,47.094],[137.314,47.05],[137.363,47.012],[137.363,46.902],[137.271,46.817],[137.203,46.776],[137.211,46.721],[137.24,46.69],[137.235,46.668],[137.061,46.607],[137.004,46.61],[136.991,46.597],[137.007,46.564],[136.922,46.52],[136.747,46.57],[136.683,46.619],[136.525,46.624],[136.34,46.656],[136.245,46.704],[136.144,46.705],[136.062,46.743],[135.982,46.755],[135.79,46.708],[135.742,46.704],[135.676,46.734],[135.649,46.732],[135.615,46.7],[135.509,46.706],[135.454,46.661],[135.44,46.608],[135.382,46.547],[135.31,46.517],[135.048,46.57],[135.026,46.549],[134.984,46.553],[134.905,46.519],[134.709,46.549],[134.579,46.523],[134.456,46.474],[134.389,46.532],[134.381,46.566],[134.327,46.579],[134.362,46.649],[134.361,46.745],[134.312,46.745],[134.21,46.818],[134.093,46.8],[134.052,46.82],[134.039,46.854]]}},{"type":"Feature","properties":{"rank":3},"geometry":{"type":"LineString","coordinates":[[121.405,53.317],[121.34,53.323],[121.203,53.276],[121.054,53.29],[120.845,53.273],[120.825,53.262],[120.823,53.235],[120.713,53.185],[120.614,53.097],[120.45,53.008],[120.279,52.866],[120.032,52.76],[120.052,52.693],[120.032,52.659],[120.033,52.625],[120.079,52.59],[120.175,52.584],[120.26,52.611],[120.453,52.639],[120.723,52.542],[120.69,52.439],[120.625,52.347],[120.654,52.299],[120.757,52.237],[120.75,52.203],[120.782,52.162],[120.77,52.141],[120.778,52.117],[120.696,52.049],[120.71,51.988],[120.647,51.911],[120.566,51.905],[120.54,51.883],[120.492,51.875],[120.464,51.84],[120.319,51.776],[120.165,51.668],[120.1,51.66],[120.056,51.596],[120.052,51.552],[119.977,51.487],[119.982,51.442],[119.952,51.397],[119.895,51.384],[119.915,51.331],[119.819,51.275],[119.805,51.244],[119.814,51.216],[119.761,51.215],[119.757,51.199],[119.785,51.171],[119.757,51.158],[119.765,51.142],[119.74,51.071],[119.709,51.062],[119.709,51.038],[119.682,51.016],[119.603,50.978],[119.517,50.905],[119.527,50.867],[119.497,50.836],[119.514,50.792],[119.496,50.737],[119.442,50.685],[119.391,50.672],[119.373,50.643],[119.293,50.599],[119.25,50.504],[119.264,50.483],[119.243,50.445],[119.206,50.415],[119.154,50.411],[119.137,50.392],[119.14,50.376],[119.18,50.37],[119.174,50.356],[119.356,50.341],[119.365,50.311],[119.333,50.276],[119.343,50.142],[119.315,50.092],[119.208,50.015],[119.091,49.986],[118.99,49.979],[118.923,49.991],[118.741,49.953],[118.644,49.954],[118.52,49.894],[118.476,49.836],[118.393,49.82],[118.372,49.786],[118.229,49.729],[118.188,49.681],[117.893,49.546],[117.873,49.513]]}},{"type":"Feature","properties":{"rank":8},"geometry":{"type":"LineString","coordinates":[[104.064,34.986],[104.071,35.027],[104.197,35.127],[104.234,35.139],[104.352,35.109],[104.438,35.109],[104.503,35.068],[104.592,35.057],[104.72,34.979],[104.736,34.927],[104.729,34.883],[104.756,34.828],[104.784,34.807],[104.815,34.815],[104.886,34.757],[104.987,34.754],[105.066,34.794],[105.239,34.752],[105.387,34.753],[105.491,34.725],[105.509,34.699],[105.563,34.72],[105.627,34.714],[105.742,34.656],[105.761,34.626],[105.833,34.615],[105.884,34.56],[105.987,34.546],[106.021,34.568],[106.069,34.536],[106.088,34.556],[106.161,34.531],[106.21,34.546],[106.307,34.521],[106.486,34.524],[106.534,34.49],[106.595,34.472],[106.626,34.419],[106.676,34.382],[106.809,34.373],[106.98,34.403],[107.163,34.356],[107.454,34.34],[107.553,34.3],[107.671,34.31],[107.786,34.28],[107.816,34.246],[108.087,34.238],[108.158,34.216],[108.231,34.225],[108.276,34.204],[108.448,34.208],[108.497,34.233],[108.611,34.245],[108.69,34.307],[108.842,34.382],[109.054,34.451],[109.074,34.472],[109.172,34.431],[109.211,34.432],[109.286,34.499],[109.266,34.527],[109.328,34.548],[109.382,34.532],[109.403,34.554],[109.45,34.55],[109.466,34.565],[109.553,34.519],[109.598,34.514],[109.661,34.582],[109.735,34.574],[109.755,34.614],[109.777,34.608],[109.793,34.622],[109.815,34.604],[109.848,34.616],[109.869,34.602],[109.917,34.622],[109.925,34.641],[109.967,34.645],[109.976,34.671],[110.006,34.636],[110.071,34.643],[110.112,34.67],[110.223,34.62],[110.293,34.623]]}},{"type":"Feature","properties":{"rank":8},"geometry":{"type":"LineString","coordinates":[[91.147,33.07],[91.207,32.953],[91.174,32.867],[91.213,32.805],[91.132,32.657],[91.102,32.626],[90.901,32.525],[90.804,32.513],[90.743,32.47],[90.722,32.443],[90.73,32.409],[90.7,32.334],[90.644,32.262],[90.551,32.224],[90.479,32.237],[90.093,32.197],[89.998,32.204],[89.895,32.161],[89.78,32.153],[89.694,32.108],[89.677,32.077],[89.613,32.073],[89.583,32.039],[89.473,31.983],[89.393,31.998],[89.386,32.039],[89.358,32.064],[89.28,32.022],[89.167,32.025],[89.074,32.06],[88.996,32.038],[88.939,32.002],[88.932,31.989],[88.954,31.977],[89.002,31.98],[89.002,31.936]]}},{"type":"Feature","properties":{"rank":8},"geometry":{"type":"LineString","coordinates":[[86.011,34.39],[86.09,34.363],[86.167,34.371],[86.207,34.397],[86.433,34.363],[86.55,34.378],[86.654,34.416],[86.837,34.41],[86.872,34.431],[86.934,34.426],[86.953,34.469],[87.005,34.499],[87.006,34.535],[87.169,34.534],[87.188,34.541],[87.193,34.569]]}},{"type":"Feature","properties":{"rank":8},"geometry":{"type":"LineString","coordinates":[[90.661,36.406],[90.58,36.404],[90.542,36.388],[90.446,36.415],[90.284,36.413],[89.853,36.559],[89.725,36.572],[89.661,36.764],[89.674,36.808],[89.746,36.854],[89.756,36.925],[89.741,37.072],[89.797,37.141],[89.823,37.203],[89.942,37.304],[90.05,37.358],[90.061,37.389],[90.047,37.418],[90.01,37.439],[89.825,37.487],[89.78,37.512],[89.736,37.512],[89.656,37.564]]}},{"type":"Feature","properties":{"rank":8},"geometry":{"type":"LineString","coordinates":[[66.611,34.629],[66.498,34.615],[66.408,34.632],[66.37,34.67],[66.232,34.664],[66.056,34.602],[65.926,34.599],[65.785,34.554],[65.74,34.56],[65.658,34.54],[65.628,34.568],[65.583,34.575],[65.45,34.533],[65.322,34.549],[65.077,34.518],[65.052,34.505],[65.058,34.488],[65.045,34.48],[64.858,34.463],[64.737,34.43],[64.566,34.43],[64.521,34.408],[63.954,34.353],[63.922,34.363],[63.802,34.341],[63.613,34.348],[63.403,34.389],[63.277,34.383],[63.204,34.402],[62.978,34.285],[62.866,34.251],[62.626,34.299],[62.417,34.291],[62.307,34.27],[62.209,34.285],[62.167,34.307],[62.083,34.294],[62.003,34.314],[61.931,34.362],[61.729,34.378],[61.535,34.417],[61.431,34.462],[61.33,34.568],[61.271,34.589],[61.254,34.625],[61.119,34.685],[61.064,34.815],[61.074,34.933],[61.115,35.06],[61.146,35.102],[61.139,35.139],[61.095,35.193],[61.111,35.202],[61.107,35.278],[61.186,35.3],[61.194,35.39],[61.289,35.548],[61.276,35.609],[61.231,35.672],[61.255,35.769],[61.24,35.894],[61.187,35.953],[61.129,35.97],[61.173,36.006],[61.173,36.048],[61.197,36.06],[61.224,36.123],[61.185,36.284],[61.153,36.315],[61.146,36.357],[61.173,36.487],[61.165,36.514],[61.187,36.565],[61.16,36.65],[61.139,36.671],[61.153,36.692],[61.118,36.706],[61.124,36.726],[61.084,36.808],[60.997,36.863],[60.975,36.849],[60.955,36.857],[60.893,36.911],[60.865,36.973],[60.772,37.052],[60.766,37.113],[60.694,37.206],[60.628,37.241],[60.587,37.333],[60.491,37.455],[60.515,37.514],[60.512,37.555],[60.42,37.723],[60.337,37.826],[60.311,37.932],[60.254,38.005],[60.132,38.11]]}},{"type":"Feature","properties":{"rank":8},"geometry":{"type":"LineString","coordinates":[[81.506,35.469],[81.485,35.601],[81.436,35.612],[81.247,35.575],[81.179,35.596],[81.115,35.647],[81.014,35.668],[80.915,35.831],[80.85,35.863],[80.692,35.872],[80.502,35.951],[80.401,35.969],[80.344,35.954],[80.261,35.962],[80.217,35.982],[80.155,35.966],[80.037,35.99],[80.004,36.01],[80.003,36.046],[79.977,36.059],[79.949,36.113],[79.836,36.178],[79.77,36.251],[79.733,36.405],[79.816,36.523],[79.88,36.534],[79.92,36.559],[79.922,36.586],[79.886,36.628],[79.873,36.683],[79.909,36.705],[79.942,36.788],[79.901,36.853],[79.893,36.896],[79.949,37.048],[79.971,37.155],[79.928,37.247],[79.929,37.286],[79.979,37.385],[79.99,37.456],[80.015,37.485],[80.371,37.685],[80.422,37.758],[80.435,37.833]]}},{"type":"Feature","properties":{"rank":8},"geometry":{"type":"LineString","coordinates":[[70.471,39.471],[70.329,39.447],[70.114,39.484],[69.961,39.446],[69.765,39.477],[69.381,39.429],[68.928,39.423],[68.833,39.388],[68.685,39.411],[68.566,39.409],[68.504,39.471],[68.312,39.457],[68.161,39.48],[68.127,39.457],[68.03,39.493],[67.905,39.485],[67.78,39.532],[67.544,39.518],[67.124,39.645],[66.895,39.81],[66.872,39.854],[66.8,39.892],[66.785,39.926],[66.656,39.967],[66.234,40.043],[66.104,40.052],[65.878,40.015],[65.692,40.068],[65.553,40.167],[65.447,40.19],[65.336,40.165],[65.024,40.19],[64.915,40.161],[64.845,40.159],[64.75,40.047],[64.576,39.972],[64.445,39.971],[64.333,39.892],[64.316,39.826],[64.254,39.771],[63.969,39.638],[63.928,39.584],[63.832,39.535],[63.853,39.474],[63.915,39.407],[63.907,39.355],[63.927,39.317],[63.887,39.268],[63.697,39.201],[63.668,39.104]]}},{"type":"Feature","properties":{"rank":8},"geometry":{"type":"LineString","coordinates":[[108.115,37.22],[108.206,37.318],[108.306,37.346],[108.397,37.421],[108.445,37.518],[108.45,37.607],[108.492,37.693],[108.535,37.719],[108.647,37.879],[108.788,37.981],[108.927,37.987],[108.961,38.015],[109.098,38.042],[109.184,38.035],[109.324,38.056],[109.368,38.035],[109.461,38.083],[109.612,38.039],[109.75,38.029],[109.848,37.966],[109.937,37.955]]}},{"type":"Feature","properties":{"rank":8},"geometry":{"type":"LineString","coordinates":[[106.418,35.434],[106.518,35.534],[106.643,35.562],[107.323,35.35],[107.553,35.39],[107.717,35.358],[107.747,35.318],[107.937,35.261],[107.964,35.225],[107.936,35.211],[107.938,35.116],[107.973,35.09],[108.018,35.096],[108.117,35.03],[108.176,35.013],[108.162,34.986],[108.182,34.985],[108.207,34.934],[108.43,34.8],[108.482,34.783],[108.612,34.619],[108.793,34.505],[108.941,34.472],[108.951,34.486],[108.997,34.456],[109.07,34.47]]}},{"type":"Feature","properties":{"rank":8},"geometry":{"type":"LineString","coordinates":[[94.316,32.639],[94.237,32.688],[94.182,32.792],[94.175,32.838],[94.069,32.865],[94.017,32.904],[93.888,32.879],[93.852,32.89],[93.691,33.029],[93.501,33.116],[93.39,33.223],[93.363,33.271],[93.148,33.386],[93.071,33.402],[92.996,33.452],[92.954,33.46],[92.818,33.565],[92.806,33.622],[92.786,33.638],[92.792,33.687],[92.761,33.707],[92.737,33.899],[92.71,33.971],[92.76,34.018],[92.86,34.039],[92.929,34.094]]}},{"type":"Feature","properties":{"rank":8},"geometry":{"type":"LineString","coordinates":[[95.987,21.873],[96.009,21.817],[96.068,21.834],[96.092,21.812],[96.088,21.79],[96.125,21.805],[96.154,21.772],[96.203,21.828],[96.239,21.835],[96.318,21.776],[96.379,21.703],[96.477,21.684],[96.511,21.709],[96.516,21.794],[96.603,21.823],[96.643,21.872],[96.743,21.916],[96.765,22.008],[96.894,21.951],[96.959,21.971],[96.977,22.059],[96.94,22.253],[96.953,22.272],[97.149,22.252],[97.24,22.221],[97.292,22.233],[97.331,22.267],[97.34,22.32],[97.28,22.431],[97.238,22.56],[97.26,22.595],[97.388,22.663],[97.379,22.703],[97.302,22.74],[97.264,22.795],[97.372,22.949],[97.375,23.066],[97.432,23.11],[97.401,23.159],[97.41,23.179],[97.452,23.201],[97.598,23.192],[97.859,23.294],[98.146,23.334],[98.255,23.366],[98.289,23.356]]}},{"type":"Feature","properties":{"rank":8},"geometry":{"type":"LineString","coordinates":[[112.366,36.575],[112.326,36.435],[112.291,36.398],[112.264,36.308],[112.273,36.291],[112.253,36.283],[112.274,36.259],[112.251,36.251],[112.268,36.191],[112.227,36.109],[112.25,36.112],[112.265,36.096],[112.34,35.987],[112.316,35.842],[112.329,35.786],[112.363,35.777],[112.435,35.695],[112.483,35.686],[112.509,35.664],[112.536,35.533],[112.517,35.483],[112.579,35.367],[112.596,35.369],[112.619,35.296],[112.606,35.274],[112.639,35.252],[112.645,35.219],[112.662,35.224],[112.655,35.184],[112.735,35.12],[112.805,35.138],[112.891,35.123],[112.988,35.092],[113.028,35.053],[113.063,35.047],[113.169,35.048],[113.334,35.097],[113.376,35.086],[113.404,35.021],[113.451,34.967]]}},{"type":"Feature","properties":{"rank":8},"geometry":{"type":"LineString","coordinates":[[119.041,27.788],[119.0,27.794],[118.974,27.818],[118.967,27.853],[119.112,28.062],[119.174,28.079],[119.238,28.13],[119.392,28.107],[119.501,28.202],[119.533,28.213],[119.613,28.204],[119.772,28.34],[119.848,28.441],[119.891,28.437],[119.915,28.415],[119.958,28.338],[120.065,28.319],[120.133,28.266],[120.182,28.251],[120.22,28.194],[120.276,28.149],[120.333,28.14],[120.391,28.161],[120.526,28.138],[120.569,28.113]]}},{"type":"Feature","properties":{"rank":8},"geometry":{"type":"LineString","coordinates":[[79.532,22.013],[79.501,22.091],[79.47,22.094],[79.458,22.173],[79.502,22.216],[79.524,22.264],[79.513,22.289],[79.463,22.318],[79.498,22.374],[79.539,22.384],[79.589,22.348],[79.644,22.394],[79.654,22.442],[79.692,22.458],[79.757,22.405],[79.838,22.379],[79.941,22.383],[80.0,22.401],[80.061,22.393],[80.094,22.342],[80.094,22.277],[80.09,22.249],[80.046,22.205],[80.035,22.162],[80.107,22.013],[80.116,21.952],[80.169,21.904],[80.162,21.818],[80.183,21.784],[80.186,21.639],[80.088,21.591],[80.08,21.571],[80.005,21.548],[79.965,21.562],[79.927,21.551],[79.92,21.494],[79.858,21.421],[79.792,21.376],[79.748,21.257],[79.689,21.232],[79.674,21.161],[79.637,21.148],[79.598,21.104],[79.598,21.07],[79.648,20.975],[79.606,20.879],[79.647,20.802],[79.817,20.691],[79.903,20.681],[79.937,20.649],[79.923,20.549],[79.943,20.515],[79.939,20.435],[79.963,20.401],[79.943,20.308],[79.984,20.225],[79.971,20.204],[79.937,20.194],[79.92,20.161],[79.922,20.139],[79.965,20.109],[79.975,20.047],[79.941,19.984],[79.909,19.971],[79.884,19.977],[79.868,20.017],[79.82,20.04],[79.778,20.007],[79.773,19.952],[79.798,19.907],[79.778,19.848],[79.747,19.826],[79.744,19.797],[79.797,19.607],[79.863,19.513],[79.932,19.48],[79.969,19.415],[79.964,19.313],[79.929,19.231],[79.943,19.169],[79.893,19.137],[79.861,19.081],[79.864,19.048],[79.933,19.053],[79.964,18.935],[79.96,18.867],[79.916,18.826]]}},{"type":"Feature","properties":{"rank":8},"geometry":{"type":"LineString","coordinates":[[75.983,40.423],[75.962,40.595],[75.934,40.632],[75.946,40.703],[76.027,40.777],[76.115,40.811],[76.167,40.858],[76.311,40.897],[76.431,40.905],[76.518,40.934],[76.605,40.921],[76.617,40.889],[76.89,40.883],[77.023,40.85],[77.165,40.875],[77.306,40.865],[77.388,40.815],[77.429,40.765],[77.481,40.779],[77.542,40.765],[77.668,40.851],[77.863,40.902],[78.03,40.894],[78.076,40.877],[78.249,40.93],[78.345,40.931],[78.462,40.973],[78.577,40.958],[78.728,41.043],[78.949,41.122],[79.08,41.228],[79.306,41.353],[79.351,41.363],[79.397,41.36],[79.493,41.301],[79.64,41.271],[79.768,41.173],[79.853,41.134],[79.948,41.128],[80.042,41.173]]}},{"type":"Feature","properties":{"rank":8},"geometry":{"type":"LineString","coordinates":[[73.542,24.867],[73.669,24.929],[73.851,24.968],[73.918,25.013],[74.048,25.063],[74.14,25.042],[74.31,25.047],[74.411,25.112],[74.491,25.191],[74.593,25.209],[74.659,25.248],[74.721,25.232],[74.823,25.256],[74.905,25.246],[74.941,25.273],[75.039,25.253],[75.068,25.325],[75.056,25.358],[75.069,25.397],[75.062,25.456],[75.189,25.581],[75.23,25.662],[75.271,25.701],[75.283,25.747],[75.383,25.878],[75.422,25.915],[75.457,25.925],[75.481,25.895],[75.543,25.885],[75.549,25.981],[75.626,25.985],[75.658,26.016],[75.653,26.141],[75.678,26.17],[75.716,26.175],[75.782,26.215],[75.928,26.173],[75.975,26.119],[76.02,26.11],[76.17,26.176],[76.315,26.211],[76.376,26.19],[76.485,26.219],[76.581,26.216],[76.616,26.19],[76.608,26.145],[76.659,26.127],[76.671,26.102],[76.659,25.997],[76.739,25.926]]}},{"type":"Feature","properties":{"rank":8},"geometry":{"type":"LineString","coordinates":[[82.063,19.745],[82.099,19.765],[82.18,19.75],[82.257,19.764],[82.429,19.896],[82.645,19.873],[82.933,19.932],[83.007,19.978],[83.085,20.123],[83.111,20.146],[83.208,20.199],[83.262,20.263],[83.368,20.335],[83.489,20.453],[83.548,20.466],[83.675,20.551],[83.719,20.596],[83.719,20.653],[83.802,20.807],[83.894,20.817],[83.951,20.84]]}},{"type":"Feature","properties":{"rank":8},"geometry":{"type":"LineString","coordinates":[[97.148,29.438],[97.146,29.371],[97.191,29.263],[97.217,29.135],[97.242,29.109],[97.327,29.092],[97.379,29.047],[97.49,28.823],[97.469,28.752],[97.472,28.689],[97.435,28.642],[97.267,28.607],[97.199,28.609],[97.14,28.584],[97.083,28.527]]}},{"type":"Feature","properties":{"rank":8},"geometry":{"type":"LineString","coordinates":[[112.948,37.069],[112.887,36.822],[113.023,36.804],[113.045,36.739],[113.09,36.687],[113.128,36.669],[113.148,36.621],[113.214,36.582],[113.247,36.523],[113.368,36.435],[113.421,36.363],[113.488,36.355],[113.578,36.371],[113.666,36.34],[113.702,36.36],[113.808,36.339],[113.867,36.365],[113.906,36.344],[113.98,36.359],[114.059,36.308],[114.135,36.342],[114.156,36.304],[114.208,36.285],[114.237,36.253],[114.313,36.24],[114.442,36.253],[114.559,36.202],[114.673,36.191],[114.785,36.229],[115.091,36.292],[115.231,36.366],[115.263,36.411],[115.275,36.479],[115.347,36.581],[115.341,36.599],[115.399,36.671],[115.477,36.753],[115.626,36.793],[115.68,36.842]]}},{"type":"Feature","properties":{"rank":8},"geometry":{"type":"MultiLineString","coordinates":[[[106.155,50.253],[106.197,50.24],[106.181,50.213],[106.194,50.185],[106.155,50.144],[106.141,50.109],[106.155,50.096],[106.112,50.043],[106.139,49.99],[106.134,49.959],[106.158,49.895],[106.071,49.83],[105.989,49.739],[105.901,49.698],[105.744,49.569],[105.669,49.543],[105.669,49.493],[105.552,49.37],[105.525,49.298],[105.455,49.225],[105.391,49.195],[105.346,49.129],[105.233,49.123],[105.183,49.158],[105.154,49.15],[105.1,49.109],[105.07,49.039],[105.035,49.003],[104.956,48.972]],[[101.509,47.021],[101.575,46.949],[101.666,46.915],[101.704,46.839],[101.742,46.816],[101.818,46.807],[102.042,46.82],[102.485,46.955],[102.653,47.028],[102.722,47.102],[102.77,47.131],[102.789,47.165],[102.802,47.256],[102.79,47.296],[102.695,47.432],[102.69,47.52],[102.586,47.638],[102.585,47.677],[102.646,47.773],[102.611,47.801],[102.62,47.837],[102.592,47.924],[102.536,47.971],[102.573,48.031],[102.592,48.182],[102.632,48.296],[102.598,48.449],[102.621,48.504],[102.615,48.531],[102.657,48.57],[102.922,48.658],[103.021,48.669],[103.074,48.654],[103.167,48.579],[103.228,48.564],[103.261,48.574],[103.304,48.547],[103.379,48.567],[103.398,48.594],[103.537,48.597],[103.544,48.636],[103.592,48.678],[103.634,48.684],[103.626,48.678],[103.653,48.666],[103.726,48.661],[103.743,48.678],[103.708,48.704],[103.751,48.699],[103.763,48.721],[103.808,48.708],[103.831,48.663],[103.854,48.68],[103.867,48.72],[103.928,48.678],[103.962,48.681],[103.997,48.648],[104.023,48.65],[104.019,48.683],[104.095,48.657],[104.207,48.658],[104.222,48.664],[104.213,48.679],[104.282,48.669],[104.318,48.684],[104.352,48.664],[104.411,48.736],[104.493,48.723],[104.546,48.795],[104.591,48.803],[104.64,48.858],[104.686,48.868],[104.801,48.948],[104.963,48.972]]]}},{"type":"Feature","properties":{"rank":8},"geometry":{"type":"LineString","coordinates":[[121.395,16.099],[121.522,16.117],[121.649,16.236],[121.67,16.308],[121.745,16.373],[121.745,16.463],[121.764,16.503],[121.686,16.559],[121.69,16.613],[121.656,16.675],[121.715,16.694],[121.714,16.74],[121.769,16.741],[121.774,16.798],[121.816,16.833],[121.827,16.877],[121.799,16.96],[121.831,16.974],[121.83,17.031],[121.847,17.055],[121.835,17.082],[121.881,17.163],[121.864,17.199],[121.826,17.207],[121.82,17.258],[121.791,17.276],[121.765,17.347],[121.793,17.402],[121.759,17.413],[121.746,17.437],[121.779,17.518],[121.741,17.583],[121.703,17.588],[121.681,17.624],[121.707,17.662],[121.738,17.672],[121.697,17.731],[121.717,17.737],[121.71,17.758],[121.676,17.799],[121.724,17.806],[121.697,17.854],[121.642,17.841],[121.652,17.857],[121.646,17.95],[121.604,17.97],[121.614,18.042],[121.66,18.114],[121.649,18.193],[121.67,18.258],[121.642,18.313]]}},{"type":"Feature","properties":{"rank":8},"geometry":{"type":"LineString","coordinates":[[77.903,13.243],[77.954,13.255],[78.026,13.226],[78.158,13.215],[78.242,13.161],[78.323,13.019],[78.353,12.99],[78.423,12.969],[78.425,12.944],[78.394,12.914],[78.406,12.829],[78.395,12.804],[78.427,12.726],[78.495,12.676],[78.561,12.683],[78.646,12.741],[78.712,12.825],[78.878,12.913],[78.963,12.933],[79.121,12.936],[79.226,12.968],[79.402,12.873],[79.52,12.861],[79.761,12.776],[79.835,12.777],[79.912,12.751],[79.963,12.688],[79.97,12.573],[79.999,12.534],[80.149,12.462]]}},{"type":"Feature","properties":{"rank":8},"geometry":{"type":"LineString","coordinates":[[102.611,16.771],[102.681,16.751],[102.696,16.758],[102.701,16.737],[102.776,16.719],[102.79,16.73],[102.791,16.711],[102.839,16.737],[102.832,16.721],[102.845,16.709],[102.822,16.683],[102.831,16.644],[102.859,16.62],[102.862,16.592],[102.886,16.587],[102.882,16.555],[102.906,16.532],[102.909,16.498],[102.893,16.483],[102.95,16.431],[102.94,16.381]]}},{"type":"Feature","properties":{"rank":8},"geometry":{"type":"LineString","coordinates":[[116.614,41.907],[116.554,41.876],[116.516,41.804],[116.478,41.771],[116.495,41.687],[116.52,41.684],[116.561,41.64],[116.764,41.671],[116.888,41.622],[116.967,41.625],[117.227,41.536],[117.255,41.392],[117.306,41.352],[117.356,41.353],[117.345,41.344],[117.359,41.331],[117.318,41.331],[117.356,41.307],[117.354,41.228],[117.393,41.187],[117.482,41.174],[117.482,41.085],[117.514,41.072],[117.496,41.042],[117.508,41.027],[117.496,40.982],[117.528,40.991],[117.619,40.961],[117.667,41.002],[117.708,40.954],[117.777,40.934],[117.76,40.904],[117.777,40.893],[117.856,40.9],[117.853,40.858],[117.906,40.872],[117.937,40.899],[117.969,40.872],[117.972,40.848],[118.044,40.844],[118.068,40.8],[118.125,40.772],[118.126,40.728],[118.178,40.663],[118.14,40.622],[118.136,40.61],[118.16,40.612],[118.147,40.578],[118.194,40.591],[118.174,40.55],[118.216,40.57],[118.218,40.549],[118.236,40.543],[118.229,40.522],[118.27,40.512],[118.243,40.492],[118.291,40.476],[118.256,40.362],[118.277,40.317],[118.25,40.276],[118.295,40.263],[118.304,40.172],[118.334,40.147],[118.523,40.15],[118.6,40.126],[118.606,40.043],[118.63,40.002],[118.672,39.957],[118.741,39.957],[118.743,39.93],[118.777,39.909],[118.802,39.86],[118.799,39.8],[118.764,39.765],[118.751,39.71],[118.78,39.649],[118.862,39.593],[118.853,39.556],[118.973,39.543],[118.97,39.501],[119.019,39.472],[119.096,39.481],[119.165,39.466],[119.257,39.412]]}},{"type":"Feature","properties":{"rank":8},"geometry":{"type":"LineString","coordinates":[[109.528,23.796],[109.521,23.848],[109.542,23.892],[109.649,23.928],[109.673,23.952],[109.671,24.072],[109.731,24.218],[109.72,24.247],[109.661,24.28],[109.548,24.238],[109.466,24.257],[109.459,24.283],[109.501,24.402],[109.492,24.419]]}},{"type":"Feature","properties":{"rank":8},"geometry":{"type":"LineString","coordinates":[[109.492,24.419],[109.424,24.379],[109.412,24.311],[109.351,24.37],[109.306,24.388],[109.306,24.452],[109.243,24.468],[109.231,24.489],[109.269,24.556],[109.244,24.6],[109.237,24.658],[109.156,24.691],[109.175,24.731],[109.132,24.792],[109.146,24.818],[109.131,24.846],[109.138,24.866],[109.151,24.884],[109.211,24.884],[109.244,24.969],[109.229,25.0],[109.257,25.019],[109.287,25.104],[109.339,25.134],[109.377,25.205],[109.474,25.582],[109.459,25.65]]}},{"type":"Feature","properties":{"rank":3},"geometry":{"type":"LineString","coordinates":[[127.59,50.209],[127.354,50.298],[127.33,50.328],[127.358,50.381],[127.358,50.415],[127.288,50.466],[127.364,50.554],[127.366,50.578],[127.343,50.627],[127.288,50.675],[127.287,50.751],[127.22,50.788],[127.143,50.903],[127.031,50.972],[126.931,51.064],[126.904,51.208],[126.977,51.296],[126.971,51.324],[126.899,51.316],[126.884,51.303],[126.89,51.271],[126.869,51.252],[126.845,51.251],[126.808,51.289],[126.826,51.339],[126.897,51.362],[126.909,51.391],[126.889,51.407],[126.8,51.419],[126.792,51.459],[126.83,51.508],[126.807,51.534],[126.676,51.576],[126.723,51.636],[126.707,51.685],[126.725,51.709],[126.647,51.741],[126.438,51.998],[126.466,52.031],[126.514,52.042],[126.555,52.13],[126.53,52.152],[126.316,52.2],[126.311,52.228],[126.438,52.275],[126.315,52.316],[126.35,52.377],[126.275,52.463],[126.2,52.467],[126.211,52.533],[126.082,52.593],[126.027,52.566],[125.99,52.586],[125.972,52.631],[125.982,52.653],[126.068,52.68],[126.034,52.727],[126.103,52.754],[126.087,52.775],[126.017,52.782],[125.976,52.765],[125.867,52.849],[125.863,52.888],[125.837,52.906],[125.646,52.885],[125.66,52.919],[125.719,52.946],[125.733,52.981],[125.649,53.023],[125.621,53.062],[125.521,53.042],[125.476,53.083],[125.127,53.206],[125.073,53.212],[124.897,53.185],[124.878,53.154],[124.895,53.117],[124.869,53.108],[124.8,53.155],[124.719,53.149],[124.687,53.193],[124.651,53.209],[124.5,53.213],[124.383,53.246],[124.342,53.272],[124.293,53.351],[124.252,53.375],[124.182,53.378],[124.121,53.352],[124.017,53.407],[123.97,53.455],[123.849,53.495],[123.701,53.51],[123.614,53.563],[123.541,53.514],[123.519,53.52],[123.547,53.54],[123.514,53.562],[123.494,53.56],[123.481,53.518],[123.339,53.561],[123.252,53.568],[123.153,53.513],[123.002,53.507],[122.859,53.474],[122.47,53.465],[122.401,53.451],[122.316,53.496],[122.168,53.469],[122.081,53.429],[121.888,53.43],[121.64,53.385],[121.511,53.33],[121.405,53.317]]}},{"type":"Feature","properties":{"rank":8},"geometry":{"type":"LineString","coordinates":[[126.04,51.018],[126.053,50.96],[125.99,50.875],[125.951,50.892],[125.925,50.856],[125.89,50.856],[125.911,50.836],[125.823,50.766],[125.767,50.767],[125.753,50.754],[125.808,50.695],[125.782,50.675],[125.809,50.596],[125.793,50.534],[125.712,50.507],[125.646,50.452],[125.574,50.436],[125.572,50.393],[125.541,50.406],[125.506,50.314],[125.464,50.292],[125.438,50.253],[125.453,50.231],[125.434,50.2],[125.342,50.164],[125.359,50.144],[125.342,50.128],[125.301,50.137],[125.264,50.105],[125.28,50.069],[125.329,50.062],[125.243,50.05],[125.288,50.022],[125.288,50.004],[125.247,49.988],[125.225,49.959],[125.186,49.951],[125.225,49.918],[125.244,49.876],[125.225,49.863],[125.234,49.847],[125.177,49.818],[125.222,49.786],[125.219,49.668],[125.188,49.643],[125.15,49.664],[125.124,49.656],[125.147,49.619],[125.195,49.599],[125.235,49.554],[125.218,49.519],[125.267,49.438],[125.239,49.389],[125.253,49.342],[125.222,49.285],[125.232,49.273],[125.218,49.258],[125.222,49.219],[125.157,49.15],[125.112,49.135],[125.062,49.136],[125.03,49.164],[124.873,49.178],[124.856,49.167],[124.822,49.115],[124.821,49.06],[124.621,48.741],[124.606,48.638],[124.531,48.559],[124.548,48.519],[124.533,48.501],[124.543,48.466],[124.52,48.368],[124.547,48.352],[124.559,48.314],[124.561,48.236],[124.527,48.19],[124.52,48.128],[124.381,48.071],[124.318,47.961],[124.283,47.934],[124.308,47.875],[124.219,47.765],[124.246,47.752],[124.239,47.736],[124.199,47.699],[124.153,47.687],[124.089,47.615],[124.095,47.588],[123.947,47.501],[123.924,47.478],[123.921,47.447],[123.881,47.422],[123.88,47.397],[123.903,47.379],[123.889,47.358],[123.897,47.331],[123.859,47.253],[123.828,47.231],[123.809,47.25],[123.644,47.181],[123.598,47.178],[123.597,47.018],[123.574,47.026],[123.465,46.834]]}},{"type":"Feature","properties":{"rank":8},"geometry":{"type":"LineString","coordinates":[[109.937,37.955],[109.979,37.952],[110.02,37.925],[110.167,37.766],[110.206,37.684],[110.202,37.631],[110.23,37.618],[110.232,37.582],[110.287,37.469],[110.346,37.421],[110.342,37.377],[110.379,37.353],[110.397,37.309],[110.413,37.318],[110.402,37.284],[110.462,37.288],[110.445,37.247],[110.419,37.246],[110.417,37.233],[110.445,37.196],[110.421,37.167],[110.416,37.15],[110.437,37.137],[110.412,37.081],[110.437,37.042]]}},{"type":"Feature","properties":{"rank":8},"geometry":{"type":"LineString","coordinates":[[90.365,29.119],[90.335,29.131],[90.311,29.112],[90.261,29.124],[90.199,29.115],[90.168,29.142],[90.071,29.106],[89.942,29.209],[89.855,29.233],[89.79,29.317]]}},{"type":"Feature","properties":{"rank":8},"geometry":{"type":"LineString","coordinates":[[80.042,41.173],[80.066,41.187],[80.149,41.132],[80.271,41.097],[80.312,40.993],[80.285,40.941],[80.321,40.849],[80.389,40.783],[80.512,40.694],[80.533,40.694],[80.58,40.643],[80.604,40.577],[80.67,40.56],[80.698,40.525],[80.837,40.471],[80.882,40.468]]}},{"type":"Feature","properties":{"rank":8},"geometry":{"type":"LineString","coordinates":[[97.083,28.527],[97.041,28.379],[97.044,28.147],[96.993,28.047],[96.979,27.958],[96.893,27.899],[96.864,27.896],[96.807,27.94],[96.685,27.979],[96.59,28.073],[96.552,28.091],[96.513,28.089],[96.453,28.048],[96.432,28.015],[96.417,27.914],[96.396,27.893],[96.128,27.904],[95.912,27.822],[95.849,27.819],[95.752,27.766],[95.641,27.808],[95.476,27.818],[95.459,27.843]]}},{"type":"Feature","properties":{"rank":8},"geometry":{"type":"LineString","coordinates":[[130.503,54.008],[130.51,54.098],[130.594,54.165],[130.722,54.207],[130.876,54.159],[130.938,54.112],[130.992,54.142],[131.068,54.096],[131.281,54.055],[131.494,54.07],[131.751,54.059],[131.887,54.1],[131.972,54.091],[132.033,54.056],[132.172,54.056],[132.356,54.074],[132.571,54.157],[132.778,54.139],[132.887,54.112],[132.976,54.132],[133.029,54.119],[133.176,54.157],[133.192,54.18],[133.25,54.18],[133.413,54.219],[133.555,54.284],[133.671,54.315],[133.792,54.324],[133.855,54.359],[133.903,54.352],[133.997,54.397],[134.048,54.386],[134.103,54.423],[134.127,54.461],[134.22,54.485],[134.219,54.512],[134.347,54.516],[134.549,54.461],[134.59,54.463],[134.873,54.589],[134.953,54.594],[135.081,54.637],[135.114,54.667],[135.176,54.673],[135.242,54.703]]}},{"type":"Feature","properties":{"rank":8},"geometry":{"type":"LineString","coordinates":[[138.825,50.884],[138.889,50.877],[139.026,50.805],[139.241,50.659],[139.358,50.657],[139.408,50.598],[139.488,50.567],[139.623,50.591],[139.657,50.639],[139.743,50.687],[139.891,50.701],[139.935,50.684],[139.997,50.553],[140.069,50.536],[140.083,50.512],[140.086,50.485],[140.063,50.454],[139.999,50.423],[139.993,50.393],[140.086,50.25],[140.091,50.217],[140.062,50.156],[140.101,50.114],[140.015,50.098],[139.943,50.02],[139.928,49.955],[139.964,49.894],[140.136,49.799],[140.172,49.739],[140.034,49.506],[140.055,49.376],[140.088,49.342],[140.275,49.28],[140.339,49.277]]}},{"type":"Feature","properties":{"rank":8},"geometry":{"type":"LineString","coordinates":[[143.094,50.479],[142.844,50.473],[142.775,50.429],[142.793,50.355],[142.913,50.194],[142.888,50.12],[142.947,49.989],[142.933,49.948],[142.961,49.904],[142.959,49.797],[142.995,49.746],[143.023,49.645],[143.097,49.568],[143.111,49.48],[143.175,49.38],[143.176,49.309],[143.131,49.225]]}},{"type":"Feature","properties":{"rank":8},"geometry":{"type":"LineString","coordinates":[[117.955,31.497],[117.981,31.452],[118.086,31.432],[118.147,31.403],[118.253,31.393],[118.298,31.429]]}},{"type":"Feature","properties":{"rank":3},"geometry":{"type":"MultiLineString","coordinates":[[[110.269,34.637],[110.297,34.621],[110.376,34.615],[110.41,34.589],[110.482,34.615],[110.53,34.583],[110.708,34.62],[110.765,34.661],[110.883,34.666],[110.922,34.685],[110.91,34.732],[110.989,34.721],[111.025,34.747],[111.109,34.768],[111.138,34.819],[111.222,34.798],[111.256,34.827],[111.284,34.816],[111.342,34.842],[111.383,34.821],[111.557,34.863],[111.63,34.958],[111.678,34.978],[111.67,34.997],[111.682,35.007],[111.74,35.018],[111.829,35.082],[111.897,35.096],[111.957,35.094],[112.058,35.033],[112.151,35.013],[112.178,34.97],[112.24,34.944],[112.274,34.965],[112.288,34.947],[112.48,34.906],[112.779,34.797],[113.089,34.842],[113.197,34.876],[113.248,34.948],[113.353,34.972],[113.497,34.965],[113.534,34.979]]]}},{"type":"Feature","properties":{"rank":8},"geometry":{"type":"LineString","coordinates":[[123.465,46.834],[123.489,46.817],[123.541,46.815],[123.562,46.865],[123.591,46.875],[123.613,46.841],[123.598,46.806],[123.671,46.8],[123.773,46.717],[123.759,46.635],[123.81,46.555],[123.787,46.519],[123.855,46.402],[123.842,46.357],[123.853,46.312],[123.842,46.305],[123.884,46.297],[123.907,46.266],[123.956,46.29],[123.958,46.192],[123.985,46.159],[124.01,46.055],[124.038,46.034],[124.033,46.018],[124.001,46.016],[123.992,46.005],[124.006,45.996],[123.973,45.964],[123.979,45.929],[124.061,45.871],[124.041,45.83],[124.059,45.808],[124.013,45.768],[124.074,45.744],[124.054,45.731],[124.102,45.709],[124.125,45.668],[124.164,45.662],[124.14,45.632],[124.148,45.622],[124.223,45.635],[124.226,45.611],[124.261,45.589],[124.274,45.55],[124.352,45.541],[124.362,45.525],[124.35,45.498],[124.376,45.457],[124.455,45.463],[124.502,45.423],[124.549,45.414],[124.572,45.419],[124.589,45.457],[124.674,45.45]]}},{"type":"Feature","properties":{"rank":8},"geometry":{"type":"LineString","coordinates":[[78.677,10.869],[78.74,10.85],[78.864,10.844],[78.974,10.882],[79.044,10.885],[79.079,10.913],[79.194,10.941],[79.397,11.073],[79.442,11.132],[79.607,11.227],[79.614,11.248],[79.648,11.248],[79.655,11.281],[79.676,11.296]]}},{"type":"Feature","properties":{"rank":4},"geometry":{"type":"MultiLineString","coordinates":[[[111.301,23.48],[111.392,23.477],[111.467,23.449],[111.554,23.293],[111.538,23.204],[111.668,23.148],[111.8,23.132],[111.878,23.14],[112.0,23.085],[112.07,23.077],[112.124,23.091],[112.174,23.078],[112.315,23.159],[112.35,23.154],[112.4,23.073],[112.444,23.047],[112.501,23.064],[112.595,23.165],[112.664,23.176],[112.782,23.163],[112.805,23.142],[112.858,22.972],[112.927,22.835],[112.97,22.806],[113.071,22.781],[113.095,22.66],[113.165,22.575]],[[112.804,23.147],[112.845,23.159],[112.917,23.128],[112.971,23.072],[112.982,23.04]],[[112.979,23.041],[112.982,23.04]],[[112.982,23.04],[113.029,23.036],[113.075,23.056],[113.11,23.041],[113.152,23.067],[113.22,23.041],[113.313,23.055],[113.391,23.038],[113.419,23.062]],[[112.982,23.04],[113.002,22.952],[113.076,22.89],[113.213,22.911]],[[113.082,22.764],[113.151,22.739],[113.186,22.703],[113.244,22.734],[113.303,22.693],[113.371,22.676],[113.467,22.573],[113.555,22.583]]]}},{"type":"Feature","properties":{"rank":9},"geometry":{"type":"LineString","coordinates":[[111.229,33.055],[111.308,32.988],[111.469,32.929],[111.526,32.872],[111.558,32.738],[111.55,32.712],[111.508,32.676],[111.477,32.569]]}},{"type":"Feature","properties":{"rank":9},"geometry":{"type":"LineString","coordinates":[[109.873,33.882],[110.028,33.834],[110.195,33.742],[110.312,33.712],[110.4,33.604],[110.446,33.498],[110.471,33.484],[110.793,33.441],[110.896,33.325],[110.996,33.267],[111.156,33.118],[111.213,33.092],[111.229,33.055]]}},{"type":"Feature","properties":{"rank":3,"from":1855},"geometry":{"type":"MultiLineString","coordinates":[[[114.837,35.019],[114.864,35.12],[114.851,35.178],[114.941,35.218],[115.067,35.379],[115.15,35.415],[115.248,35.424],[115.306,35.475],[115.34,35.485],[115.33,35.534],[115.341,35.555],[115.383,35.557],[115.402,35.63],[115.491,35.678],[115.503,35.722],[115.617,35.731],[115.654,35.746],[115.761,35.849],[115.873,35.865],[115.883,35.887],[115.857,35.916],[115.943,35.979],[116.033,35.965],[116.064,36.04],[116.091,36.068],[116.077,36.109],[116.119,36.116],[116.139,36.15],[116.198,36.172],[116.311,36.293],[116.41,36.315],[116.575,36.414],[116.597,36.447],[116.598,36.467],[116.578,36.479],[116.601,36.494],[116.598,36.514],[116.656,36.582],[116.736,36.624],[116.78,36.702],[116.858,36.74],[116.992,36.726],[117.105,36.796],[117.189,36.934],[117.226,36.961],[117.237,37.031],[117.284,37.059],[117.388,37.073],[117.552,37.149],[117.627,37.254],[117.76,37.247],[117.827,37.272],[117.89,37.261],[118.065,37.352],[118.207,37.375],[118.229,37.396],[118.231,37.45],[118.291,37.508],[118.304,37.576],[118.328,37.596],[118.554,37.626],[118.71,37.749],[118.86,37.796],[118.917,37.83],[118.978,37.799],[119.033,37.802]],[[113.534,34.979],[113.665,34.907],[113.867,34.876],[113.953,34.896],[113.977,34.941],[113.997,34.949],[114.062,34.931],[114.179,34.935],[114.303,34.898],[114.421,34.924],[114.509,34.901],[114.577,34.917],[114.631,34.896],[114.729,34.92],[114.781,34.985],[114.83,35.019]]]}}]}