{"type":"FeatureCollection","features":[{"type":"Feature","properties":{"name":"Imperial Japan (Fujiwara)","name_zh":"日本","focus":false,"label":[139.78,37.37],"area":30.8,"color":"#7d6b5a"},"geometry":{"type":"MultiPolygon","coordinates":[[[[132.202,34.032],[132.159,33.944],[132.146,33.839],[132.09,33.855],[131.995,33.911],[131.994,33.804],[131.654,33.911],[130.899,33.903],[130.779,33.966],[130.891,34.244],[130.889,34.262],[130.904,34.3],[130.952,34.35],[131.004,34.393],[131.132,34.407],[131.262,34.393],[131.354,34.413],[131.433,34.47],[131.515,34.55],[131.608,34.615],[131.734,34.667],[131.856,34.726],[131.963,34.809],[132.065,34.9],[132.158,34.967],[132.258,35.022],[132.662,35.38],[132.672,35.382],[132.698,35.418],[132.747,35.449],[132.923,35.511],[133.157,35.559],[133.267,35.557],[133.376,35.459],[133.435,35.472],[133.495,35.497],[133.615,35.511],[133.739,35.495],[133.86,35.495],[133.981,35.507],[134.214,35.539],[134.337,35.578],[134.456,35.628],[134.882,35.663],[135.174,35.747],[135.221,35.741],[135.265,35.722],[135.269,35.66],[135.232,35.592],[135.268,35.551],[135.327,35.526],[135.602,35.518],[135.68,35.503],[135.795,35.55],[135.903,35.607],[135.931,35.626],[135.977,35.972],[136.017,36.012],[136.067,36.117],[136.156,36.223],[136.262,36.288],[136.359,36.362],[136.556,36.572],[136.666,36.704],[136.64,37.17],[136.775,37.282],[136.843,37.382],[136.962,37.414],[137.199,37.497],[137.323,37.522],[137.341,37.485],[137.338,37.437],[137.312,37.416],[137.334,37.273],[137.013,37.037],[137.007,36.993],[137.019,36.96],[137.013,36.895],[137.017,36.837],[137.124,36.774],[137.246,36.753],[137.298,36.754],[137.343,36.77],[137.483,36.925],[137.514,36.952],[137.913,37.065],[138.11,37.151],[138.182,37.166],[138.343,37.236],[138.548,37.392],[138.633,37.472],[138.709,37.561],[138.771,37.663],[138.819,37.775],[138.885,37.844],[139.247,38.009],[139.364,38.099],[139.401,38.143],[139.446,38.269],[139.477,38.4],[139.521,38.503],[139.58,38.599],[139.66,38.697],[139.749,38.788],[139.802,38.882],[139.879,39.105],[139.912,39.229],[139.939,39.273],[139.977,39.311],[139.986,39.323],[140.03,39.483],[140.011,39.693],[139.862,39.782],[139.811,39.878],[139.81,39.878],[139.742,39.921],[139.755,39.959],[139.826,39.966],[139.874,39.986],[139.908,40.022],[139.972,40.137],[139.979,40.156],[139.915,40.574],[139.923,40.579],[139.923,40.598],[139.967,40.673],[140.029,40.733],[140.085,40.747],[140.146,40.752],[140.199,40.774],[140.3,40.888],[140.326,40.948],[140.344,41.006],[140.315,41.161],[140.344,41.203],[140.386,41.23],[140.441,41.21],[140.498,41.206],[140.564,41.212],[140.628,41.195],[140.64,41.156],[140.679,40.893],[140.702,40.858],[140.749,40.83],[140.801,40.834],[140.846,40.875],[140.876,40.93],[140.936,40.941],[141.119,40.882],[141.142,40.897],[141.076,41.102],[140.936,41.114],[140.887,41.156],[140.801,41.139],[140.802,41.231],[140.774,41.255],[140.809,41.276],[140.86,41.425],[140.892,41.48],[140.937,41.506],[141.05,41.476],[141.106,41.456],[141.229,41.373],[141.269,41.354],[141.455,41.405],[141.425,41.274],[141.436,41.269],[141.463,40.611],[141.542,40.531],[141.646,40.474],[141.797,40.291],[141.878,40.067],[141.935,39.958],[141.978,39.844],[141.991,39.792],[141.992,39.74],[141.984,39.698],[141.998,39.671],[141.998,39.448],[141.907,39.186],[141.901,39.111],[141.855,39.095],[141.812,39.048],[141.807,39.04],[141.801,39.036],[141.568,38.785],[141.539,38.728],[141.519,38.632],[141.509,38.498],[141.49,38.455],[141.496,38.421],[141.47,38.409],[141.467,38.404],[141.447,38.399],[141.024,38.21],[140.929,38.026],[140.928,37.95],[140.96,37.823],[141.003,37.698],[141.036,37.467],[141.002,37.115],[140.968,37.002],[140.966,36.999],[140.963,36.956],[140.702,36.67],[140.627,36.503],[140.619,36.445],[140.619,36.386],[140.592,36.308],[140.574,36.231],[140.59,36.142],[140.622,36.059],[140.76,35.846],[140.813,35.783],[140.874,35.725],[140.806,35.706],[140.834,35.677],[140.426,35.428],[140.413,35.395],[140.417,35.267],[140.393,35.221],[140.355,35.181],[140.346,35.175],[140.316,35.033],[139.83,34.835],[139.788,34.962],[139.831,35.068],[139.83,35.072],[139.851,35.232],[139.826,35.297],[139.906,35.345],[139.944,35.423],[139.984,35.453],[140.002,35.497],[139.913,35.554],[139.731,35.468],[139.65,35.409],[139.666,35.319],[139.7,35.274],[139.744,35.252],[139.731,35.222],[139.675,35.149],[139.636,35.142],[139.564,35.243],[139.52,35.27],[139.422,35.165],[139.208,35.165],[139.116,35.082],[139.122,34.956],[139.086,34.839],[139.028,34.754],[139.022,34.688],[138.863,34.567],[138.779,34.579],[138.749,34.649],[138.751,34.922],[138.683,34.992],[138.45,34.902],[138.295,34.763],[138.149,34.527],[137.759,34.552],[137.248,34.481],[137.148,34.601],[137.062,34.583],[137.077,34.621],[137.117,34.637],[137.041,34.728],[136.939,34.777],[136.944,34.722],[136.913,34.709],[136.871,34.733],[136.884,34.802],[136.733,34.874],[136.616,34.759],[136.564,34.645],[136.616,34.589],[136.842,34.464],[136.88,34.434],[136.881,34.38],[136.854,34.324],[136.819,34.31],[136.898,34.258],[136.766,34.169],[136.393,34.111],[136.218,34.013],[136.073,33.778],[135.916,33.562],[135.899,33.556],[135.755,33.342],[135.062,33.69],[134.969,34.134],[135.113,34.25],[135.1,34.288],[135.132,34.317],[135.252,34.374],[135.317,34.471],[135.286,34.598],[135.205,34.617],[134.935,34.54],[134.427,34.628],[133.825,34.385],[133.589,34.442],[133.182,34.327],[133.142,34.302],[133.116,34.308],[132.552,34.149],[132.56,34.127],[132.578,34.115],[132.549,34.075],[132.461,34.087],[132.496,34.122],[132.505,34.136],[132.481,34.129],[132.386,34.268],[132.277,34.278],[132.238,34.227],[132.202,34.032]]],[[[134.824,34.203],[134.731,34.209],[134.683,34.247],[134.668,34.294],[134.757,34.368],[134.834,34.473],[134.904,34.519],[134.961,34.545],[135.005,34.544],[134.905,34.398],[134.933,34.288],[134.824,34.203]]],[[[134.675,33.848],[134.739,33.821],[134.549,33.729],[134.547,33.728],[134.519,33.65],[134.206,33.349],[134.206,33.347],[134.182,33.247],[134.135,33.28],[133.998,33.148],[133.726,33.376],[133.516,33.394],[133.264,33.307],[133.24,33.25],[133.146,33.083],[133.101,33.028],[133.073,33.02],[132.969,32.765],[132.9,32.669],[132.698,32.548],[132.467,32.757],[132.342,33.106],[132.121,33.347],[132.174,33.375],[132.086,33.34],[132.033,33.34],[132.114,33.395],[132.288,33.47],[132.366,33.512],[132.536,33.633],[132.557,33.644],[132.706,33.817],[132.716,33.852],[132.752,33.906],[132.784,33.992],[132.839,34.021],[132.935,34.095],[132.99,34.088],[133.051,33.997],[133.134,33.927],[133.193,33.933],[133.299,33.969],[133.35,33.977],[133.472,33.973],[133.582,34.017],[133.627,34.069],[133.643,34.135],[133.603,34.244],[133.656,34.233],[133.706,34.237],[133.826,34.307],[133.948,34.348],[134.076,34.358],[134.219,34.319],[134.357,34.256],[134.496,34.215],[134.638,34.227],[134.635,34.044],[134.655,33.983],[134.66,33.976],[134.65,33.95],[134.67,33.963],[134.695,33.928],[134.675,33.848]]],[[[134.188,34.496],[134.182,34.519],[134.326,34.534],[134.372,34.522],[134.352,34.484],[134.333,34.464],[134.315,34.469],[134.252,34.423],[134.238,34.467],[134.188,34.496]]],[[[132.267,33.871],[132.209,33.873],[132.201,33.928],[132.208,33.948],[132.266,33.945],[132.315,33.909],[132.403,33.92],[132.419,33.888],[132.411,33.88],[132.36,33.847],[132.267,33.871]]],[[[130.361,32.758],[130.361,32.756],[130.34,32.702],[130.298,32.675],[130.246,32.677],[130.193,32.706],[130.152,32.748],[130.054,32.771],[129.951,32.722],[129.938,32.709],[129.845,32.587],[129.816,32.6],[129.769,32.571],[129.79,32.611],[129.733,32.637],[129.63,32.866],[129.46,32.986],[129.343,33.151],[129.375,33.176],[129.37,33.176],[129.417,33.231],[129.423,33.257],[129.462,33.331],[129.538,33.358],[129.57,33.361],[129.508,33.284],[129.507,33.28],[129.528,33.297],[129.595,33.289],[129.61,33.344],[129.66,33.365],[129.702,33.36],[129.844,33.322],[129.858,33.375],[129.837,33.404],[129.826,33.437],[129.919,33.483],[130.072,33.522],[130.103,33.54],[130.131,33.578],[130.168,33.598],[130.275,33.598],[130.365,33.634],[130.439,33.734],[130.457,33.789],[130.484,33.835],[130.67,33.915],[130.716,33.928],[130.84,33.918],[130.953,33.872],[131.009,33.776],[131.058,33.673],[131.175,33.603],[131.309,33.573],[131.366,33.571],[131.419,33.584],[131.499,33.624],[131.583,33.652],[131.643,33.638],[131.696,33.603],[131.724,33.554],[131.711,33.502],[131.619,33.396],[131.669,33.308],[131.613,33.265],[131.717,33.252],[131.897,33.255],[131.855,33.182],[131.848,33.118],[131.903,33.088],[131.949,33.047],[131.937,33.01],[131.91,32.974],[132.009,32.919],[132.002,32.882],[131.977,32.844],[131.83,32.693],[131.824,32.687],[131.732,32.593],[131.66,32.466],[131.61,32.325],[131.565,32.223],[131.531,32.117],[131.506,32.002],[131.46,31.883],[131.475,31.778],[131.46,31.671],[131.337,31.405],[131.25,31.41],[131.21,31.352],[131.089,31.275],[131.098,31.256],[130.902,31.112],[130.744,30.887],[130.579,30.906],[130.554,30.969],[130.674,31.211],[130.732,31.476],[130.731,31.478],[130.581,31.528],[130.537,31.491],[130.528,31.46],[130.54,31.403],[130.566,31.352],[130.645,31.267],[130.621,31.218],[130.589,31.179],[130.406,31.236],[130.404,31.229],[130.232,31.026],[130.086,31.121],[130.06,31.216],[130.165,31.369],[130.147,31.408],[130.202,31.422],[130.205,31.426],[130.219,31.559],[130.058,31.972],[130.201,32.098],[130.214,32.115],[130.222,32.117],[130.4,32.275],[130.481,32.347],[130.496,32.557],[130.361,32.758]],[[130.28,32.867],[130.289,32.864],[130.257,32.912],[130.169,32.923],[130.175,32.851],[130.222,32.847],[130.28,32.867]]],[[[130.256,32.431],[130.242,32.463],[130.365,32.527],[130.461,32.516],[130.419,32.458],[130.381,32.424],[130.293,32.419],[130.256,32.431]]],[[[130.083,32.23],[130.004,32.194],[129.993,32.228],[129.96,32.244],[130.017,32.292],[130.015,32.314],[129.979,32.346],[130.021,32.469],[130.01,32.522],[130.168,32.541],[130.197,32.492],[130.2,32.341],[130.083,32.23]]]]}},{"type":"Feature","properties":{"name":"Ainu","name_zh":"","focus":false,"label":[143.26,43.52],"area":18.5,"color":"#7272a8"},"geometry":{"type":"MultiPolygon","coordinates":[[[[150.0,46.045],[150.0,45.831],[149.684,45.633],[149.442,45.589],[149.667,45.85],[149.856,45.923],[150.0,46.045]]],[[[147.762,44.938],[147.62,44.966],[147.585,44.918],[147.622,44.897],[147.548,44.812],[147.291,44.666],[147.209,44.55],[147.021,44.507],[146.948,44.408],[146.84,44.415],[146.846,44.476],[147.153,44.673],[147.111,44.793],[147.479,44.974],[147.504,45.043],[147.656,45.075],[147.763,45.189],[147.894,45.223],[147.856,45.356],[147.932,45.421],[148.0,45.273],[148.069,45.248],[148.321,45.27],[148.7,45.52],[148.856,45.474],[148.825,45.334],[148.582,45.316],[148.235,45.198],[147.877,44.974],[147.762,44.938]]],[[[146.842,43.874],[146.904,43.839],[146.682,43.707],[146.598,43.732],[146.604,43.803],[146.842,43.874]]],[[[145.94,44.128],[145.779,43.928],[145.595,43.858],[145.554,43.65],[145.437,43.716],[145.409,43.835],[145.744,44.051],[146.127,44.507],[146.344,44.421],[146.568,44.438],[146.508,44.358],[146.119,44.251],[145.94,44.128]]],[[[146.13,43.458],[146.076,43.513],[146.152,43.545],[146.226,43.525],[146.13,43.458]]],[[[141.396,42.519],[140.929,42.255],[140.86,42.39],[140.693,42.55],[140.54,42.537],[140.349,42.432],[140.324,42.376],[140.315,42.334],[140.327,42.293],[140.417,42.201],[140.528,42.132],[140.578,42.119],[140.684,42.123],[140.734,42.116],[140.912,41.978],[141.108,41.848],[141.151,41.805],[141.109,41.779],[141.155,41.749],[140.979,41.652],[140.588,41.677],[140.268,41.324],[140.112,41.273],[140.012,41.381],[139.977,41.503],[140.002,41.551],[139.995,41.576],[140.021,41.696],[140.084,41.803],[140.106,41.902],[140.1,41.937],[140.098,41.946],[139.852,42.035],[139.777,42.112],[139.711,42.477],[139.859,42.575],[139.86,42.582],[139.891,42.649],[139.951,42.671],[140.015,42.685],[140.115,42.733],[140.224,42.796],[140.329,42.867],[140.432,42.954],[140.486,43.05],[140.407,43.154],[140.373,43.185],[140.389,43.202],[140.379,43.237],[140.392,43.303],[140.487,43.338],[140.544,43.323],[140.598,43.326],[140.736,43.237],[140.781,43.215],[140.819,43.205],[140.954,43.201],[141.138,43.18],[141.245,43.185],[141.296,43.2],[141.303,43.206],[141.301,43.72],[141.511,43.82],[141.601,43.919],[141.645,44.019],[141.661,44.264],[141.716,44.371],[141.734,44.416],[141.745,44.628],[141.566,44.969],[141.522,45.182],[141.597,45.279],[141.615,45.289],[141.653,45.349],[141.654,45.377],[141.668,45.401],[141.778,45.419],[141.829,45.439],[141.879,45.483],[141.938,45.51],[141.981,45.483],[142.0,45.459],[142.0,45.329],[143.02,44.463],[143.79,44.027],[144.613,43.842],[144.75,43.881],[145.139,44.178],[145.347,44.243],[145.059,43.785],[145.448,43.169],[144.994,42.937],[144.754,42.866],[144.59,42.859],[144.37,42.949],[144.166,42.942],[144.002,42.877],[143.508,42.42],[143.33,42.196],[143.213,41.926],[143.033,41.958],[142.0,42.466],[141.928,42.501],[141.721,42.539],[141.396,42.519]]],[[[141.708,46.139],[141.622,46.558],[141.909,47.073],[141.731,47.471],[141.81,47.675],[142.0,47.914],[142.036,47.959],[142.0,48.157],[141.977,48.284],[141.739,48.807],[141.921,48.943],[142.0,49.197],[142.049,49.354],[142.152,50.89],[142.112,51.219],[142.016,51.43],[142.0,51.446],[141.643,51.813],[141.598,52.216],[141.811,52.628],[141.84,52.96],[141.689,53.165],[141.767,53.272],[141.828,53.276],[141.824,53.34],[141.852,53.389],[141.964,53.456],[142.0,53.464],[142.0,53.286],[142.214,53.299],[142.674,53.54],[142.863,53.34],[143.056,53.061],[143.138,52.856],[143.143,52.511],[143.033,52.312],[142.944,51.961],[142.943,51.617],[143.074,51.267],[143.34,50.885],[143.633,50.234],[144.038,49.508],[144.539,48.753],[143.598,49.233],[143.152,49.258],[142.853,49.127],[142.646,48.657],[142.489,47.901],[142.614,47.459],[142.993,46.953],[143.236,46.863],[143.444,46.571],[143.303,46.011],[143.004,46.577],[142.614,46.712],[142.513,46.699],[142.327,46.563],[142.0,46.068],[142.0,45.977],[141.963,46.012],[141.898,45.914],[141.708,46.139]]],[[[140.85,52.325],[140.9,52.45],[140.9,52.725],[141.2,52.7],[141.262,52.727],[141.266,52.653],[141.245,52.55],[141.166,52.47],[141.15,52.475],[141.15,52.454],[141.132,52.436],[141.15,52.404],[141.15,52.4],[141.152,52.401],[141.17,52.368],[141.33,52.271],[141.409,52.234],[141.485,52.179],[141.386,52.057],[141.381,52.024],[141.275,52.0],[141.25,52.2],[140.975,52.2],[140.85,52.325]]]]}},{"type":"Feature","properties":{"name":"Hainan","name_zh":"","focus":false,"label":[109.47,19.04],"area":3.0,"color":"#5f87a3"},"geometry":{"type":"Polygon","coordinates":[[[110.527,20.005],[110.588,20.013],[110.589,20.072],[110.598,20.098],[110.652,20.138],[110.679,20.137],[110.745,20.059],[110.809,20.014],[110.889,19.992],[110.938,19.948],[110.971,19.883],[110.998,19.765],[111.014,19.655],[110.913,19.586],[110.822,19.558],[110.641,19.291],[110.603,19.207],[110.572,19.172],[110.563,19.135],[110.566,19.099],[110.519,18.97],[110.478,18.813],[110.451,18.748],[110.4,18.698],[110.334,18.673],[110.294,18.67],[110.262,18.625],[110.189,18.599],[110.156,18.57],[110.049,18.505],[110.066,18.476],[110.067,18.448],[110.02,18.416],[109.968,18.422],[109.816,18.397],[109.76,18.348],[109.703,18.259],[109.681,18.247],[109.59,18.226],[109.521,18.219],[109.429,18.096],[108.651,18.482],[108.576,19.187],[108.649,19.246],[108.65,19.265],[108.666,19.304],[108.694,19.338],[108.791,19.418],[108.903,19.481],[109.063,19.614],[109.179,19.674],[109.277,19.761],[109.22,19.757],[109.177,19.768],[109.219,19.843],[109.263,19.883],[109.315,19.904],[109.418,19.889],[109.514,19.904],[109.584,19.97],[109.651,19.984],[109.906,19.963],[110.083,19.993],[110.172,20.054],[110.213,20.056],[110.344,20.039],[110.385,19.985],[110.391,19.986],[110.388,20.018],[110.394,20.059],[110.418,20.055],[110.527,20.005]]]}},{"type":"Feature","properties":{"name":"Xixia","name_zh":"西夏","focus":false,"label":[97.84,40.03],"area":87.7,"color":"#4f8f86"},"geometry":{"type":"Polygon","coordinates":[[[109.725,40.75],[109.725,40.525],[110.175,40.525],[110.375,40.45],[110.525,40.35],[110.5,40.0],[110.55,39.8],[110.65,39.775],[110.675,39.775],[110.675,38.9],[110.575,38.875],[110.45,38.75],[110.475,38.525],[110.35,38.25],[110.275,38.2],[110.25,38.025],[110.125,37.9],[110.0,37.975],[109.825,37.975],[109.775,38.025],[109.575,38.025],[109.55,37.85],[109.325,37.8],[109.2,37.6],[109.2,37.525],[108.875,37.5],[108.8,37.425],[108.675,37.425],[108.575,37.3],[108.05,37.325],[107.95,37.375],[107.75,37.375],[107.625,37.325],[107.475,37.4],[107.325,37.55],[107.125,37.55],[107.075,37.425],[106.925,37.475],[106.6,37.45],[106.45,37.3],[106.275,37.3],[106.275,37.175],[106.1,37.2],[106.1,37.325],[106.0,37.425],[105.8,37.5],[105.8,37.55],[105.625,37.475],[105.05,37.475],[104.8,37.375],[104.525,37.4],[104.3,37.525],[104.225,37.45],[103.85,37.425],[103.675,37.375],[103.475,37.15],[103.25,37.175],[103.175,37.225],[102.95,37.225],[102.7,37.125],[102.55,37.25],[102.4,37.3],[102.325,37.425],[102.175,37.525],[101.85,37.525],[101.55,37.625],[101.425,37.75],[101.125,37.8],[100.975,37.775],[100.9,37.775],[100.7,37.85],[100.25,37.85],[100.15,37.95],[99.875,37.95],[99.675,37.9],[99.475,38.075],[99.45,38.175],[99.175,38.2],[98.925,38.35],[98.825,38.475],[98.625,38.5],[98.55,38.55],[98.225,38.575],[97.95,38.375],[97.65,38.525],[97.55,38.45],[97.3,38.45],[97.275,38.375],[97.0,38.325],[96.55,38.325],[96.45,38.35],[96.425,38.275],[96.3,38.3],[96.125,38.425],[96.125,38.575],[95.675,38.825],[95.575,38.975],[95.45,39.075],[95.25,39.15],[94.95,39.125],[94.825,39.2],[94.625,39.25],[94.375,39.225],[93.95,39.225],[93.875,39.175],[93.625,39.225],[93.45,39.225],[93.2,39.15],[92.775,39.125],[92.65,38.975],[92.05,38.975],[91.9,38.9],[91.825,38.975],[91.325,38.975],[91.225,38.925],[90.775,38.9],[90.6,38.85],[90.525,38.9],[90.35,38.85],[89.875,38.825],[89.625,38.725],[89.35,38.725],[89.225,38.525],[89.225,38.325],[89.05,38.25],[88.675,38.2],[88.375,38.0],[88.075,37.95],[88.025,37.675],[87.925,37.675],[87.925,37.7],[87.55,37.725],[87.525,37.825],[87.425,37.875],[87.325,38.05],[87.325,38.225],[87.25,38.275],[87.175,38.5],[87.0,38.625],[86.625,39.025],[86.3,39.225],[86.075,39.475],[85.85,39.55],[85.675,39.675],[85.425,39.95],[85.35,39.975],[85.2,40.2],[85.15,40.55],[85.25,40.825],[85.25,41.0],[85.5,41.0],[85.6,41.175],[85.825,41.25],[85.925,41.35],[85.95,41.525],[85.85,41.625],[85.9,41.725],[86.15,41.75],[86.225,41.825],[86.425,41.775],[86.6,41.775],[86.75,41.825],[86.825,41.65],[87.15,41.55],[87.6,41.525],[87.65,41.475],[88.175,41.475],[88.325,41.525],[88.45,41.675],[88.75,41.75],[89.025,41.75],[89.1,41.575],[89.225,41.475],[89.475,41.425],[89.55,41.375],[89.8,41.375],[89.975,41.45],[90.1,41.7],[90.35,41.775],[90.475,41.9],[90.725,41.95],[90.85,42.05],[90.9,42.225],[91.05,42.4],[91.3,42.45],[91.6,42.45],[91.65,42.725],[91.75,42.8],[92.025,42.925],[92.15,42.95],[92.325,43.15],[92.45,43.2],[92.575,42.875],[92.875,42.575],[93.325,42.375],[93.525,42.325],[93.725,42.15],[93.825,41.95],[94.0,41.8],[94.2,41.8],[94.45,41.7],[94.8,41.675],[94.875,41.625],[95.2,41.625],[95.25,41.6],[95.375,41.75],[95.875,41.75],[95.925,41.7],[96.325,41.725],[96.525,41.575],[96.8,41.525],[96.925,41.825],[97.325,41.85],[97.675,41.975],[97.85,41.95],[98.65,41.95],[98.875,41.925],[99.05,41.725],[99.1,41.55],[99.225,41.425],[99.425,41.55],[99.775,41.55],[100.15,41.675],[100.275,41.75],[100.675,41.75],[100.925,41.925],[101.3,42.125],[101.475,42.3],[101.65,42.375],[101.775,42.25],[101.975,42.125],[102.05,42.0],[102.2,41.925],[102.5,41.9],[102.6,41.925],[102.675,41.825],[102.9,41.75],[103.05,41.65],[103.3,41.55],[103.575,41.55],[103.725,41.45],[104.325,41.45],[104.475,41.5],[104.55,41.45],[104.675,41.1],[104.95,41.075],[105.0,41.125],[105.35,41.075],[105.575,41.075],[105.7,40.975],[105.825,40.975],[105.95,41.075],[106.075,41.075],[106.275,41.0],[106.625,41.25],[106.925,41.35],[107.075,41.45],[107.2,41.45],[107.4,41.625],[107.775,41.625],[107.875,41.55],[108.075,41.525],[108.125,41.375],[108.2,41.35],[108.225,41.2],[108.45,41.175],[108.45,41.225],[108.725,41.5],[108.75,41.7],[108.95,41.725],[109.225,41.625],[109.325,41.625],[109.55,41.475],[109.7,41.475],[109.825,41.325],[109.775,41.2],[109.575,41.05],[109.575,40.8],[109.725,40.75]]]}},{"type":"Feature","properties":{"name":"Chola Empire","name_zh":"","focus":false,"label":[78.01,12.43],"area":23.6,"color":"#7d6b5a"},"geometry":{"type":"MultiPolygon","coordinates":[[[[79.854,7.061],[79.834,8.0],[81.419,8.0],[81.445,7.928],[81.804,7.313],[81.866,7.084],[81.779,6.753],[81.599,6.448],[81.202,6.079],[80.851,5.951],[80.562,5.931],[80.341,5.969],[80.222,6.058],[80.016,6.496],[79.854,7.061]]],[[[75.8,12.425],[75.825,12.8],[75.95,12.825],[76.15,12.95],[76.225,12.95],[76.625,13.25],[76.775,13.325],[77.0,13.35],[77.625,13.35],[77.75,13.4],[77.9,13.675],[77.9,13.875],[77.95,13.9],[77.95,14.15],[78.0,14.2],[78.0,14.425],[78.125,14.525],[78.65,14.525],[78.675,14.6],[78.875,14.55],[79.0,14.475],[79.225,14.475],[79.475,14.575],[79.775,14.575],[79.85,14.525],[80.172,14.525],[80.179,14.478],[80.17,14.349],[80.144,14.3],[80.161,14.015],[80.224,13.858],[80.244,13.773],[80.246,13.686],[80.307,13.485],[80.266,13.521],[80.233,13.606],[80.156,13.714],[80.094,13.643],[80.215,13.476],[80.29,13.437],[80.342,13.361],[80.316,13.203],[80.313,13.104],[80.288,13.042],[80.229,12.69],[80.143,12.452],[80.038,12.296],[79.982,12.235],[79.921,12.114],[79.822,11.864],[79.771,11.69],[79.754,11.575],[79.793,11.447],[79.749,11.371],[79.721,11.341],[79.723,11.32],[79.799,11.339],[79.835,11.269],[79.849,11.197],[79.85,10.769],[79.838,10.323],[79.812,10.317],[79.789,10.25],[79.313,10.255],[79.254,10.175],[79.258,10.035],[79.089,9.808],[79.072,9.759],[78.927,9.493],[78.926,9.491],[78.937,9.435],[79.116,9.308],[79.18,9.298],[79.175,9.275],[79.175,9.258],[79.112,9.261],[78.313,8.995],[78.181,8.811],[78.135,8.499],[78.064,8.385],[77.899,8.257],[77.8,8.21],[77.77,8.19],[77.732,8.177],[77.419,8.028],[77.341,8.053],[77.128,8.271],[77.066,8.316],[76.967,8.407],[76.845,8.561],[76.703,8.706],[76.676,8.773],[76.617,8.847],[76.553,8.903],[76.483,9.091],[76.472,9.161],[76.452,9.189],[76.419,9.208],[76.403,9.237],[76.325,9.452],[76.292,9.676],[76.242,9.927],[76.285,9.91],[76.343,9.827],[76.372,9.707],[76.376,9.54],[76.42,9.52],[76.438,9.528],[76.385,9.747],[76.3,9.968],[76.249,10.018],[76.223,10.024],[76.196,10.086],[76.193,10.164],[76.201,10.201],[76.123,10.327],[76.096,10.402],[75.923,10.784],[75.866,10.981],[75.651,11.423],[75.439,11.749],[75.292,11.976],[75.23,12.023],[75.197,12.058],[74.946,12.565],[74.943,12.575],[75.275,12.575],[75.575,12.375],[75.8,12.425]]]]}},{"type":"Feature","properties":{"name":"Tibetan tribes","name_zh":"吐蕃诸部","focus":false,"label":[91.02,32.47],"area":207.4,"color":"#a07d5a"},"geometry":{"type":"Polygon","coordinates":[[[78.975,32.275],[78.825,32.4],[78.65,32.3],[78.4,32.3],[78.3,32.425],[78.125,32.425],[78.0,32.55],[77.875,32.575],[77.8,32.675],[77.825,32.825],[78.125,33.125],[78.125,33.325],[78.275,33.4],[78.525,33.7],[78.675,33.725],[78.775,33.975],[78.975,34.1],[79.0,34.025],[79.45,34.1],[79.6,34.275],[79.625,34.5],[79.55,34.55],[79.525,34.8],[79.3,35.275],[79.1,35.45],[79.1,35.675],[79.2,35.75],[79.55,35.775],[79.85,35.6],[80.075,35.55],[80.4,35.575],[80.425,35.525],[80.625,35.5],[80.675,35.45],[81.0,35.425],[81.075,35.475],[81.575,35.475],[81.725,35.55],[81.9,35.55],[81.925,35.475],[82.075,35.475],[82.275,35.575],[82.35,35.675],[82.575,35.775],[82.7,35.925],[82.925,35.95],[83.05,36.075],[83.25,36.125],[83.875,36.15],[84.0,36.2],[84.1,36.325],[84.275,36.3],[84.35,36.35],[84.55,36.35],[84.65,36.425],[84.775,36.425],[84.95,36.55],[85.025,36.75],[85.125,36.7],[85.6,36.7],[85.75,36.75],[85.875,36.975],[86.25,37.0],[86.625,36.95],[86.75,37.05],[86.95,37.3],[87.175,37.25],[87.375,37.25],[87.575,37.4],[87.7,37.4],[87.975,37.675],[88.025,37.675],[88.075,37.95],[88.375,38.0],[88.675,38.2],[89.05,38.25],[89.225,38.325],[89.225,38.525],[89.35,38.725],[89.625,38.725],[89.875,38.825],[90.35,38.85],[90.525,38.9],[90.6,38.85],[90.775,38.9],[91.225,38.925],[91.325,38.975],[91.825,38.975],[91.9,38.9],[92.05,38.975],[92.65,38.975],[92.775,39.125],[93.2,39.15],[93.45,39.225],[93.625,39.225],[93.875,39.175],[93.95,39.225],[94.375,39.225],[94.625,39.25],[94.825,39.2],[94.95,39.125],[95.25,39.15],[95.45,39.075],[95.575,38.975],[95.675,38.825],[96.125,38.575],[96.125,38.425],[96.3,38.3],[96.425,38.275],[96.45,38.35],[96.55,38.325],[97.0,38.325],[97.275,38.375],[97.3,38.45],[97.55,38.45],[97.65,38.525],[97.95,38.375],[98.225,38.575],[98.55,38.55],[98.625,38.5],[98.825,38.475],[98.925,38.35],[99.175,38.2],[99.45,38.175],[99.475,38.075],[99.675,37.9],[99.875,37.95],[100.15,37.95],[100.25,37.85],[100.7,37.85],[100.9,37.775],[101.0,37.775],[101.025,37.475],[101.2,37.425],[101.25,37.275],[101.25,36.95],[101.3,36.8],[101.275,36.35],[101.675,36.325],[101.725,36.225],[101.65,36.1],[101.675,35.975],[101.8,35.85],[101.725,35.55],[101.55,35.5],[101.575,35.175],[101.725,35.025],[101.95,34.9],[101.95,34.65],[102.025,34.55],[102.0,34.375],[102.1,34.35],[102.2,34.45],[102.35,34.45],[102.4,34.325],[102.525,34.25],[102.775,34.275],[102.825,34.05],[103.05,33.9],[103.1,33.8],[103.1,33.55],[103.3,33.35],[103.35,33.175],[103.45,33.15],[103.475,32.975],[103.55,32.925],[103.5,32.775],[103.325,32.65],[103.125,32.7],[102.925,32.625],[102.725,32.3],[102.6,32.175],[102.575,31.975],[102.725,31.825],[102.6,31.7],[102.575,31.575],[102.475,31.575],[102.275,31.4],[102.275,31.2],[102.05,31.15],[101.95,31.075],[102.025,31.3],[101.75,31.3],[101.6,31.375],[101.4,31.25],[101.4,31.025],[101.45,30.975],[101.475,30.675],[101.575,30.625],[101.6,30.475],[101.675,30.425],[101.65,30.3],[101.55,30.225],[101.55,30.05],[101.625,29.975],[101.625,29.725],[101.525,29.55],[101.425,29.5],[101.375,29.325],[101.175,29.225],[100.975,29.225],[100.8,29.4],[100.6,29.35],[100.325,29.4],[100.325,29.25],[100.4,29.175],[100.4,28.975],[100.2,28.875],[100.0,28.425],[99.925,28.35],[99.9,27.925],[99.85,27.875],[99.825,27.675],[99.7,27.6],[99.575,27.825],[99.425,27.975],[99.25,28.05],[99.075,27.975],[99.05,27.75],[99.0,27.7],[98.925,27.75],[98.85,27.95],[98.675,27.95],[98.675,28.025],[98.5,28.05],[98.375,28.225],[98.275,28.25],[98.225,28.35],[98.05,28.4],[97.925,28.575],[97.825,28.525],[97.6,28.525],[97.5,28.475],[97.375,28.225],[97.325,28.225],[97.275,28.05],[97.1,27.95],[96.9,27.95],[96.9,27.725],[96.85,27.7],[96.9,27.45],[96.775,27.35],[96.6,27.3],[96.55,27.375],[96.3,27.375],[96.175,27.25],[96.05,27.2],[95.925,27.025],[95.825,27.025],[95.725,26.925],[95.65,26.925],[95.65,27.05],[95.275,27.4],[95.2,27.65],[95.1,27.675],[95.05,27.6],[94.85,27.55],[94.675,27.775],[94.575,27.725],[94.225,27.725],[94.025,27.65],[93.925,27.55],[93.8,27.625],[93.775,27.875],[93.525,27.925],[93.35,28.0],[93.325,28.35],[93.175,28.4],[93.0,28.4],[92.95,28.45],[92.95,28.625],[92.85,28.65],[92.675,28.6],[92.65,28.375],[92.575,28.3],[92.575,28.1],[92.525,28.05],[92.275,27.975],[92.225,27.975],[92.225,28.025],[92.05,28.175],[91.575,28.175],[91.55,28.4],[91.325,28.5],[90.925,28.475],[90.775,28.325],[90.65,28.3],[90.5,28.125],[90.425,28.125],[90.3,28.25],[90.125,28.3],[90.05,28.225],[89.9,28.2],[89.75,28.3],[89.5,28.225],[89.45,28.1],[89.275,28.025],[89.125,28.025],[88.975,27.95],[88.725,28.05],[88.7,28.1],[88.4,28.05],[88.175,27.9],[88.025,27.9],[87.925,27.95],[87.75,27.95],[87.6,28.1],[87.575,28.2],[87.45,28.2],[87.325,28.3],[87.125,28.3],[86.975,28.1],[86.8,28.125],[86.625,28.2],[86.45,28.35],[86.3,28.35],[86.275,28.45],[86.15,28.5],[85.725,28.475],[85.625,28.6],[85.45,28.675],[85.425,28.825],[85.325,28.95],[84.95,28.95],[84.825,29.025],[84.55,28.925],[84.35,28.925],[84.35,29.15],[84.3,29.2],[84.325,29.35],[84.025,29.475],[83.825,29.475],[83.8,29.4],[83.65,29.275],[83.625,29.2],[83.45,29.2],[83.2,29.55],[83.0,29.675],[82.875,29.7],[82.675,29.875],[82.5,30.1],[82.225,30.2],[82.15,30.35],[81.875,30.325],[81.825,30.225],[81.55,30.2],[81.375,30.275],[81.4,30.15],[81.35,30.05],[81.15,30.025],[81.125,30.125],[80.925,30.35],[80.65,30.425],[80.625,30.475],[80.35,30.525],[80.2,30.625],[80.15,30.8],[80.025,30.875],[79.675,31.0],[79.5,31.1],[79.4,31.1],[79.3,31.325],[79.15,31.475],[78.875,31.45],[78.8,31.575],[78.875,31.65],[78.825,31.975],[78.9,32.025],[78.975,32.275]]]}},{"type":"Feature","properties":{"name":"Dali","name_zh":"大理","focus":false,"label":[102.43,24.16],"area":39.8,"color":"#b0805f"},"geometry":{"type":"Polygon","coordinates":[[[99.425,27.975],[99.575,27.825],[99.7,27.6],[99.825,27.675],[100.175,27.675],[100.25,27.65],[100.275,27.825],[100.425,27.825],[100.55,27.35],[100.675,27.4],[100.95,27.375],[100.95,27.2],[101.0,27.1],[100.9,27.025],[100.9,26.775],[101.225,26.75],[101.45,26.7],[101.525,26.625],[101.8,26.625],[101.95,26.425],[101.95,26.275],[102.15,26.375],[102.275,26.375],[102.325,26.275],[102.625,26.35],[102.625,26.275],[102.75,26.325],[102.775,26.425],[103.0,26.375],[103.0,26.475],[103.1,26.625],[103.225,26.625],[103.25,26.45],[103.325,26.35],[103.325,26.2],[103.575,26.25],[103.675,26.15],[103.95,26.15],[104.175,26.4],[104.3,26.5],[104.2,26.675],[104.625,26.725],[104.7,26.575],[105.025,26.6],[105.15,26.525],[105.3,26.3],[105.275,26.15],[105.35,26.075],[105.275,25.675],[105.45,25.575],[105.425,25.425],[105.5,25.375],[105.55,25.05],[105.6,25.0],[105.575,24.8],[105.7,24.775],[105.575,24.575],[105.425,24.55],[105.45,24.375],[105.625,24.35],[105.775,24.275],[105.725,24.175],[105.725,23.975],[105.6,23.85],[105.6,23.75],[105.7,23.725],[105.75,23.575],[105.875,23.5],[105.975,23.375],[106.175,23.375],[106.25,23.325],[106.25,22.825],[106.175,22.725],[106.0,22.75],[105.875,22.825],[105.825,22.7],[105.675,22.65],[105.65,22.475],[105.725,22.3],[105.5,22.325],[105.3,22.275],[105.275,22.175],[105.05,22.175],[105.0,22.1],[104.7,22.05],[104.6,22.0],[104.625,21.9],[104.425,21.625],[104.3,21.625],[104.325,21.425],[104.475,21.375],[104.55,21.275],[104.575,21.05],[104.625,21.025],[104.625,20.825],[104.4,20.7],[104.275,20.55],[104.1,20.55],[104.025,20.375],[103.925,20.25],[103.525,20.25],[103.45,20.2],[103.475,19.95],[103.35,19.85],[103.3,19.65],[103.225,19.55],[102.85,19.425],[102.85,19.3],[102.675,19.25],[102.625,19.325],[102.5,19.35],[102.45,19.425],[102.1,19.4],[102.075,19.3],[101.9,19.175],[101.875,19.175],[101.85,19.3],[101.9,19.425],[101.825,19.45],[101.825,19.65],[102.075,19.875],[101.925,20.025],[101.85,19.95],[101.65,19.95],[101.675,20.075],[101.45,20.175],[101.225,20.225],[101.075,20.45],[101.175,20.525],[101.2,20.65],[101.075,20.7],[101.075,20.875],[100.85,20.85],[100.75,20.9],[100.55,20.875],[100.575,21.175],[100.45,21.2],[100.375,21.3],[100.275,21.3],[100.25,21.575],[100.375,21.725],[100.2,21.825],[100.075,21.825],[100.025,21.75],[99.775,21.75],[99.725,21.975],[99.8,22.05],[99.8,22.225],[99.75,22.35],[99.575,22.45],[99.725,22.6],[99.725,22.8],[99.575,23.05],[99.425,23.1],[99.25,23.225],[99.2,23.375],[98.95,23.375],[98.975,23.5],[98.675,23.8],[98.675,23.975],[98.9,24.15],[98.825,24.325],[98.825,24.475],[98.9,24.525],[98.925,24.8],[98.8,24.925],[98.75,25.15],[98.775,25.375],[98.775,25.7],[98.725,25.775],[98.75,25.9],[98.75,26.3],[98.775,26.4],[98.875,26.45],[98.925,26.65],[99.025,26.65],[99.05,26.825],[99.0,26.875],[99.025,27.15],[99.075,27.15],[99.1,27.35],[99.025,27.5],[99.0,27.7],[99.05,27.75],[99.075,27.975],[99.25,28.05],[99.425,27.975]]]}},{"type":"Feature","properties":{"name":"Jiaozhi (Đại Cồ Việt)","name_zh":"交趾","focus":false,"label":[104.58,19.27],"area":17.1,"color":"#7272a8"},"geometry":{"type":"MultiPolygon","coordinates":[[[[102.5,19.35],[102.625,19.325],[102.675,19.25],[102.85,19.3],[102.85,19.425],[103.225,19.55],[103.3,19.65],[103.35,19.85],[103.475,19.95],[103.45,20.2],[103.525,20.25],[103.925,20.25],[104.025,20.375],[104.1,20.55],[104.275,20.55],[104.4,20.7],[104.625,20.825],[104.625,21.025],[104.575,21.05],[104.55,21.275],[104.475,21.375],[104.325,21.425],[104.3,21.625],[104.425,21.625],[104.625,21.9],[104.6,22.0],[104.7,22.05],[105.0,22.1],[105.05,22.175],[105.275,22.175],[105.3,22.275],[105.5,22.325],[105.725,22.3],[105.65,22.475],[105.675,22.65],[105.825,22.7],[105.875,22.825],[106.0,22.75],[106.175,22.725],[106.325,22.65],[106.4,22.55],[106.65,22.4],[106.75,22.15],[106.95,22.175],[107.15,21.925],[107.3,21.825],[107.325,21.675],[107.575,21.675],[107.75,21.6],[107.867,21.459],[107.517,21.246],[107.563,21.22],[107.603,21.217],[107.459,21.092],[107.438,21.092],[107.465,20.976],[107.374,20.88],[106.815,20.905],[106.855,20.858],[106.866,20.816],[106.854,20.796],[106.803,20.844],[106.776,20.86],[106.746,20.815],[106.771,20.638],[106.532,20.315],[106.518,20.289],[106.507,20.281],[106.38,20.11],[105.964,19.88],[105.935,19.837],[105.814,19.587],[105.812,19.467],[105.785,19.379],[105.791,19.294],[105.716,19.128],[105.639,19.057],[105.622,18.966],[105.732,18.779],[105.744,18.746],[105.808,18.646],[105.839,18.574],[105.888,18.502],[106.066,18.316],[106.145,18.259],[106.24,18.221],[106.412,18.053],[106.499,17.946],[106.459,17.874],[106.479,17.72],[106.403,17.748],[106.406,17.726],[106.517,17.663],[106.736,17.367],[106.926,17.221],[107.003,17.155],[107.0,17.15],[107.0,16.55],[107.1,16.425],[107.1,16.3],[106.95,16.25],[106.825,16.0],[106.65,15.95],[106.575,16.05],[106.35,16.025],[106.25,15.925],[106.025,15.95],[105.925,15.9],[105.6,15.9],[105.425,15.775],[105.375,16.025],[105.25,16.025],[105.075,16.125],[104.975,16.475],[104.8,16.525],[104.8,16.825],[104.75,17.075],[104.8,17.125],[104.8,17.4],[104.725,17.55],[104.475,17.65],[104.4,17.775],[104.3,17.825],[104.2,18.025],[104.0,18.05],[103.95,18.1],[103.75,18.1],[103.5,18.175],[103.325,18.35],[103.05,18.125],[102.975,18.175],[102.625,18.175],[102.525,18.3],[102.525,18.425],[102.45,18.55],[102.325,18.575],[102.05,18.875],[101.975,18.9],[101.9,19.175],[102.075,19.3],[102.1,19.4],[102.45,19.425],[102.5,19.35]],[[107.44,21.199],[107.417,21.185],[107.424,21.154],[107.44,21.199]]],[[[107.479,20.952],[107.519,21.013],[107.551,21.034],[107.551,20.981],[107.521,20.927],[107.466,20.901],[107.399,20.903],[107.479,20.952]]],[[[107.031,20.747],[106.99,20.743],[106.911,20.824],[106.953,20.867],[107.044,20.837],[107.064,20.817],[107.064,20.8],[107.042,20.761],[107.031,20.747]]]]}},{"type":"Feature","properties":{"name":"Champa","name_zh":"占城","focus":false,"label":[108.56,13.29],"area":9.4,"color":"#9a8a4a"},"geometry":{"type":"Polygon","coordinates":[[[107.0,16.55],[107.0,17.15],[107.003,17.155],[107.12,17.056],[107.18,16.898],[107.355,16.794],[107.549,16.643],[107.541,16.609],[107.593,16.568],[107.724,16.488],[107.803,16.403],[107.834,16.322],[107.882,16.31],[107.936,16.329],[107.991,16.337],[108.029,16.331],[108.082,16.252],[108.095,16.251],[108.156,16.177],[108.17,16.164],[108.175,16.154],[108.223,16.095],[108.241,16.101],[108.267,16.09],[108.274,16.029],[108.286,15.989],[108.395,15.872],[108.447,15.763],[108.578,15.585],[108.674,15.484],[108.743,15.427],[108.821,15.378],[108.898,15.181],[108.94,15.001],[109.022,14.803],[109.085,14.716],[109.087,14.553],[109.137,14.384],[109.191,14.27],[109.207,14.154],[109.224,14.097],[109.245,14.053],[109.303,13.856],[109.288,13.765],[109.247,13.855],[109.252,13.591],[109.288,13.451],[109.272,13.279],[109.31,13.219],[109.377,13.025],[109.424,12.956],[109.42,12.719],[109.445,12.6],[109.381,12.671],[109.336,12.752],[109.274,12.709],[109.219,12.646],[109.305,12.391],[109.207,12.415],[109.216,12.073],[109.256,11.993],[109.259,11.955],[109.247,11.909],[109.22,11.959],[109.215,12.01],[109.199,11.999],[109.2,11.972],[109.167,11.912],[109.158,11.837],[109.193,11.773],[109.199,11.725],[109.173,11.665],[109.133,11.601],[109.048,11.593],[109.037,11.574],[109.018,11.468],[108.987,11.336],[108.877,11.323],[108.695,11.145],[108.439,11.059],[108.419,11.041],[108.272,10.934],[108.176,10.92],[108.095,10.897],[108.001,10.72],[107.845,10.7],[107.83,10.692],[107.672,10.526],[107.412,10.367],[107.265,10.347],[107.156,10.389],[107.084,10.337],[107.078,10.388],[107.116,10.405],[107.035,10.436],[106.971,10.486],[106.97,10.484],[106.825,10.775],[106.825,11.1],[106.875,11.2],[106.875,11.375],[106.95,11.55],[107.1,11.65],[107.1,11.85],[107.2,12.0],[107.475,12.25],[107.575,12.3],[107.775,12.225],[107.85,12.3],[107.925,12.7],[107.775,12.875],[107.5,13.05],[107.425,13.05],[107.4,13.225],[107.45,13.225],[107.45,13.45],[107.5,13.5],[107.5,13.7],[107.625,13.875],[107.85,13.975],[107.975,13.975],[108.0,14.1],[107.85,14.15],[107.825,14.325],[107.775,14.35],[107.8,14.675],[107.9,14.775],[107.875,15.0],[107.65,15.025],[107.575,15.075],[107.55,15.25],[107.375,15.3],[107.2,15.4],[107.15,15.475],[107.125,15.675],[107.05,15.675],[106.95,15.825],[106.875,15.85],[106.825,16.0],[106.95,16.25],[107.1,16.3],[107.1,16.425],[107.0,16.55]]]}},{"type":"Feature","properties":{"name":"Goryeo","name_zh":"高丽","focus":false,"label":[126.67,38.04],"area":19.9,"color":"#7d6b5a"},"geometry":{"type":"MultiPolygon","coordinates":[[[[124.275,40.275],[124.475,40.3],[124.625,40.425],[124.8,40.4],[124.85,40.475],[125.0,40.475],[125.125,40.575],[125.325,40.6],[125.325,40.5],[125.575,40.475],[125.55,40.65],[125.7,40.8],[125.95,40.8],[126.125,40.6],[126.2,40.6],[126.275,40.75],[126.5,40.925],[126.65,40.875],[126.85,40.875],[127.1,40.775],[127.175,40.65],[127.4,40.725],[127.825,40.725],[127.85,40.775],[128.375,40.825],[128.45,40.925],[128.725,41.025],[128.825,41.15],[129.0,41.15],[129.05,41.225],[129.2,41.175],[129.3,41.05],[129.575,40.975],[129.718,40.879],[129.709,40.857],[129.503,40.784],[129.477,40.682],[129.227,40.639],[129.11,40.491],[128.945,40.428],[128.843,40.358],[128.815,40.351],[128.446,40.065],[128.236,39.969],[127.931,39.956],[127.925,39.954],[127.867,39.896],[127.604,39.796],[127.546,39.734],[127.527,39.696],[127.547,39.563],[127.549,39.461],[127.523,39.377],[127.457,39.401],[127.422,39.374],[127.383,39.296],[127.395,39.208],[127.497,39.179],[127.581,39.143],[127.699,39.125],[127.786,39.084],[127.972,38.898],[128.123,38.816],[128.163,38.786],[128.249,38.745],[128.329,38.681],[128.375,38.623],[128.619,38.176],[128.852,37.887],[129.052,37.678],[129.335,37.275],[129.418,37.059],[129.426,36.926],[129.473,36.742],[129.433,36.637],[129.445,36.471],[129.427,36.385],[129.393,36.323],[129.391,36.202],[129.402,36.138],[129.404,36.052],[129.426,36.019],[129.458,36.006],[129.51,36.038],[129.573,36.051],[129.562,35.948],[129.485,35.687],[129.419,35.498],[129.329,35.333],[129.214,35.182],[129.077,35.123],[128.994,35.105],[128.917,35.029],[128.808,35.01],[128.552,35.105],[128.457,35.067],[128.419,35.016],[128.448,34.932],[128.444,34.87],[128.388,34.875],[128.28,34.91],[128.164,34.799],[128.061,34.819],[128.066,34.806],[128.055,34.708],[127.984,34.703],[127.942,34.766],[127.897,34.735],[127.873,34.735],[127.838,34.813],[127.832,34.875],[127.884,34.904],[127.84,34.938],[127.646,34.902],[127.639,34.89],[127.663,34.843],[127.742,34.783],[127.715,34.721],[127.632,34.69],[127.565,34.766],[127.524,34.84],[127.477,34.844],[127.429,34.83],[127.404,34.821],[127.39,34.743],[127.423,34.688],[127.479,34.625],[127.401,34.553],[127.381,34.501],[127.325,34.463],[127.173,34.546],[127.195,34.605],[127.261,34.662],[127.269,34.72],[127.26,34.734],[126.971,34.531],[126.897,34.439],[126.851,34.447],[126.824,34.428],[126.618,34.409],[126.611,34.404],[126.584,34.318],[126.531,34.314],[126.515,34.341],[126.409,34.269],[126.373,34.564],[126.333,34.59],[126.264,34.673],[126.301,34.72],[126.348,34.71],[126.225,35.163],[126.3,35.367],[126.524,35.577],[126.524,35.598],[126.487,35.606],[126.488,35.647],[126.524,35.662],[126.524,35.737],[126.626,35.928],[126.436,36.131],[126.39,36.437],[126.338,36.471],[126.319,36.613],[126.368,36.583],[126.361,36.627],[125.96,36.722],[126.211,36.86],[126.217,36.871],[126.352,36.958],[126.429,36.969],[126.487,37.007],[126.578,37.02],[126.687,36.96],[126.784,36.948],[126.79,36.938],[126.799,36.946],[126.786,37.073],[126.442,37.474],[126.391,37.614],[126.209,37.754],[125.909,37.511],[125.741,37.784],[125.592,37.826],[125.582,37.815],[125.502,37.764],[125.269,37.484],[125.076,37.77],[124.769,37.935],[124.697,38.127],[124.691,38.129],[124.696,38.132],[124.693,38.139],[124.736,38.279],[124.929,38.464],[124.972,38.477],[124.974,38.48],[125.067,38.557],[125.286,38.655],[125.293,38.688],[125.027,38.815],[125.296,39.364],[125.206,39.485],[124.922,39.618],[124.688,39.605],[124.548,39.541],[124.442,39.573],[124.208,39.738],[124.127,39.852],[124.106,39.841],[123.997,39.835],[123.925,39.81],[123.925,39.825],[124.025,39.975],[124.075,40.175],[124.275,40.275]]],[[[128.489,34.865],[128.586,34.932],[128.668,35.009],[128.722,35.014],[128.741,34.799],[128.647,34.737],[128.52,34.82],[128.489,34.865]]],[[[127.799,34.615],[127.788,34.584],[127.737,34.631],[127.787,34.682],[127.799,34.615]]],[[[126.652,34.39],[126.7,34.396],[126.753,34.344],[126.77,34.296],[126.689,34.305],[126.646,34.351],[126.652,34.39]]],[[[126.109,34.399],[126.123,34.444],[126.227,34.533],[126.247,34.563],[126.344,34.545],[126.38,34.498],[126.335,34.426],[126.234,34.371],[126.17,34.355],[126.134,34.39],[126.109,34.399]]],[[[126.078,34.915],[126.169,34.83],[126.172,34.731],[126.159,34.707],[126.115,34.714],[126.071,34.783],[126.052,34.838],[126.008,34.867],[126.078,34.915]]],[[[124.89,39.602],[124.935,39.608],[124.905,39.536],[124.849,39.508],[124.846,39.559],[124.89,39.602]]],[[[124.755,37.97],[124.754,37.955],[124.74,37.947],[124.717,37.933],[124.697,37.92],[124.656,37.925],[124.625,37.945],[124.636,37.981],[124.661,37.973],[124.717,37.989],[124.745,37.981],[124.755,37.97]]]]}},{"type":"Feature","properties":{"name":"Liao","name_zh":"辽","focus":false,"label":[120.66,42.31],"area":86.7,"color":"#7d6b5a"},"geometry":{"type":"Polygon","coordinates":[[[110.525,40.35],[110.375,40.45],[110.175,40.525],[109.725,40.525],[109.725,40.75],[109.575,40.8],[109.575,41.05],[109.775,41.2],[109.825,41.325],[110.275,41.225],[110.3,41.375],[110.5,41.575],[110.7,41.7],[110.85,41.7],[111.1,41.625],[111.225,41.775],[111.475,41.85],[111.625,41.85],[111.75,41.925],[111.9,41.925],[112.025,42.1],[112.15,42.45],[112.3,42.45],[112.4,42.525],[112.65,42.625],[112.8,42.625],[112.95,42.7],[113.325,42.7],[113.475,42.875],[113.675,42.975],[113.9,43.225],[114.025,43.3],[114.325,43.3],[114.425,43.25],[114.625,43.025],[114.775,43.0],[114.95,42.9],[115.175,42.85],[115.325,42.75],[115.5,42.775],[115.725,42.65],[116.225,42.65],[116.325,42.725],[117.125,42.725],[117.225,42.675],[117.2,42.95],[117.325,43.125],[117.3,43.325],[117.45,43.55],[117.625,43.675],[117.975,43.675],[118.025,43.775],[118.175,43.775],[118.35,43.95],[118.5,43.95],[118.625,44.05],[118.725,44.2],[118.725,44.35],[118.925,44.375],[119.025,44.525],[119.15,44.525],[119.4,44.325],[119.5,44.325],[119.6,44.15],[119.8,44.175],[119.95,44.075],[120.175,44.05],[120.25,43.95],[120.575,43.95],[120.725,43.825],[120.875,43.825],[121.125,43.725],[121.25,43.575],[121.6,43.6],[121.725,43.55],[121.975,43.675],[122.325,43.675],[122.375,43.75],[122.625,43.825],[123.025,43.825],[123.175,43.95],[123.45,43.95],[123.75,44.1],[124.125,44.15],[124.525,44.15],[124.65,44.275],[124.825,44.325],[125.0,44.325],[125.125,44.525],[125.4,44.575],[125.575,44.65],[125.85,44.7],[126.2,44.55],[126.35,44.575],[126.475,44.425],[126.475,44.15],[126.7,44.125],[126.925,44.25],[127.1,44.45],[127.2,44.5],[127.475,44.5],[127.6,44.375],[127.75,44.525],[127.95,44.575],[128.075,44.5],[128.325,44.45],[128.525,44.525],[128.575,44.6],[128.75,44.7],[129.175,45.025],[129.225,45.275],[129.275,45.325],[129.275,45.5],[129.425,45.525],[129.55,45.375],[129.8,45.35],[129.85,45.275],[129.95,45.3],[129.95,45.475],[130.175,45.6],[130.35,45.65],[130.35,45.825],[130.45,45.975],[130.5,46.15],[130.7,46.2],[130.85,46.3],[131.05,46.275],[131.05,46.375],[131.3,46.4],[131.475,46.475],[131.5,46.55],[131.65,46.525],[131.75,46.75],[131.9,46.875],[132.05,46.85],[132.6,46.85],[132.725,46.875],[132.95,46.65],[133.05,46.625],[133.1,46.525],[133.375,46.575],[133.575,46.4],[133.675,46.225],[133.675,45.975],[133.525,45.875],[133.475,45.625],[133.525,45.6],[133.525,45.275],[133.6,45.275],[133.625,45.125],[133.7,45.125],[133.6,44.975],[133.6,44.825],[133.775,44.65],[133.975,44.65],[134.05,44.55],[134.05,44.325],[134.2,44.05],[134.25,44.025],[134.325,43.825],[134.45,43.725],[134.425,43.5],[134.525,43.325],[134.525,43.213],[134.156,43.042],[134.01,42.947],[133.709,42.83],[133.587,42.828],[133.329,42.764],[133.16,42.697],[133.059,42.723],[132.997,42.808],[132.924,42.805],[132.864,42.794],[132.709,42.876],[132.576,42.872],[132.481,42.91],[132.304,42.883],[132.334,43.239],[132.31,43.314],[132.233,43.245],[132.029,43.119],[131.947,43.095],[131.867,43.095],[131.898,43.171],[132.013,43.28],[131.976,43.296],[131.939,43.302],[131.795,43.255],[131.722,43.203],[131.516,42.996],[131.393,42.822],[131.292,42.772],[131.245,42.697],[131.158,42.626],[131.025,42.645],[130.946,42.634],[130.913,42.641],[130.8,42.56],[130.834,42.523],[130.73,42.326],[130.687,42.303],[130.637,42.275],[130.569,42.292],[130.458,42.302],[130.331,42.224],[130.203,42.132],[130.18,42.097],[130.106,42.063],[130.014,41.997],[130.007,41.991],[129.928,41.897],[129.876,41.806],[129.756,41.712],[129.686,41.595],[129.682,41.494],[129.759,41.392],[129.766,41.304],[129.712,41.124],[129.742,40.932],[129.718,40.879],[129.575,40.975],[129.3,41.05],[129.2,41.175],[129.05,41.225],[129.0,41.15],[128.825,41.15],[128.725,41.025],[128.45,40.925],[128.375,40.825],[127.85,40.775],[127.825,40.725],[127.4,40.725],[127.175,40.65],[127.1,40.775],[126.85,40.875],[126.65,40.875],[126.5,40.925],[126.275,40.75],[126.2,40.6],[126.125,40.6],[125.95,40.8],[125.7,40.8],[125.55,40.65],[125.575,40.475],[125.325,40.5],[125.325,40.6],[125.125,40.575],[125.0,40.475],[124.85,40.475],[124.8,40.4],[124.625,40.425],[124.475,40.3],[124.275,40.275],[124.075,40.175],[124.025,39.975],[123.925,39.825],[123.925,39.81],[123.916,39.807],[123.244,39.704],[123.227,39.687],[123.062,39.676],[123.039,39.672],[123.02,39.664],[122.961,39.62],[122.883,39.608],[122.634,39.505],[122.335,39.366],[122.225,39.267],[122.121,39.152],[122.048,39.094],[121.982,39.053],[121.923,39.037],[121.864,38.996],[121.805,38.991],[121.745,39.01],[121.677,39.003],[121.633,38.955],[121.67,38.892],[121.65,38.865],[121.517,38.831],[121.337,38.81],[121.231,38.763],[121.207,38.744],[121.164,38.732],[121.152,38.753],[121.065,38.75],[121.116,38.852],[121.107,38.921],[121.188,38.947],[121.225,38.953],[121.66,39.331],[121.476,39.375],[121.418,39.376],[121.282,39.349],[121.213,39.483],[121.239,39.553],[121.478,39.749],[121.474,39.755],[121.517,39.845],[121.659,39.898],[121.668,39.905],[121.788,40.078],[122.107,40.353],[122.082,40.488],[121.753,40.736],[121.426,40.864],[121.103,40.853],[121.086,40.842],[121.003,40.749],[120.922,40.683],[120.841,40.649],[120.771,40.589],[120.479,40.231],[120.369,40.204],[120.292,40.172],[120.272,40.151],[120.112,40.081],[120.057,40.074],[119.85,39.987],[119.591,39.903],[119.391,39.752],[119.322,39.662],[119.261,39.561],[119.225,39.408],[119.131,39.314],[119.075,39.3],[119.081,39.264],[119.04,39.222],[118.977,39.183],[118.912,39.166],[118.826,39.172],[118.752,39.16],[118.691,39.168],[118.61,39.171],[118.472,39.118],[118.468,39.117],[118.274,38.999],[118.107,39.207],[118.041,39.227],[117.866,39.191],[117.785,39.134],[117.629,38.873],[117.65,39.0],[117.375,39.025],[117.225,39.075],[117.1,39.2],[116.85,39.225],[116.75,39.35],[116.55,39.35],[116.475,39.425],[116.325,39.425],[116.2,39.525],[115.975,39.8],[115.675,39.8],[115.575,40.05],[115.175,40.05],[114.975,39.9],[114.825,39.725],[114.675,39.65],[114.375,39.675],[114.275,39.8],[114.15,39.7],[113.925,39.7],[113.725,39.5],[113.125,39.35],[113.05,39.525],[112.4,39.275],[112.1,39.3],[112.125,39.625],[112.0,39.675],[111.95,39.625],[111.75,39.625],[111.7,39.575],[111.475,39.575],[111.15,39.75],[111.05,39.925],[110.95,39.925],[110.725,39.775],[110.65,39.775],[110.55,39.8],[110.5,40.0],[110.525,40.35]]]}},{"type":"Feature","properties":{"name":"Chalukya Empire","name_zh":"","focus":false,"label":[75.74,17.2],"area":47.6,"color":"#8a6f9e"},"geometry":{"type":"Polygon","coordinates":[[[73.2,19.95],[73.425,19.95],[73.45,20.25],[73.3,20.25],[73.2,20.375],[73.2,21.05],[73.225,21.2],[73.375,21.25],[73.7,21.25],[73.775,21.375],[73.775,21.625],[73.925,21.65],[74.0,21.725],[74.2,21.725],[74.45,21.875],[74.925,21.75],[74.975,21.675],[75.1,21.725],[75.45,21.625],[75.65,21.475],[75.775,21.525],[75.975,21.525],[76.1,21.575],[76.375,21.575],[76.45,21.475],[76.675,21.475],[76.8,21.6],[76.9,21.6],[77.025,21.7],[77.225,21.7],[77.3,21.575],[77.475,21.6],[77.625,21.775],[78.075,21.75],[78.425,21.9],[78.6,22.15],[78.8,22.15],[78.85,22.2],[79.1,22.175],[79.475,22.075],[79.675,21.9],[79.8,21.9],[79.825,21.8],[79.925,21.725],[80.15,21.65],[80.025,21.55],[80.05,21.425],[80.15,21.325],[80.225,21.075],[80.45,20.85],[80.475,20.75],[80.85,20.4],[80.95,20.15],[81.175,20.025],[81.25,19.925],[81.45,19.925],[81.525,19.825],[81.5,19.825],[81.425,19.65],[81.275,19.575],[81.15,19.575],[81.1,19.425],[80.7,19.35],[80.55,19.2],[80.45,19.175],[80.375,19.05],[80.2,18.975],[80.15,18.7],[80.05,18.775],[79.875,18.825],[79.825,18.7],[79.65,18.675],[79.525,18.75],[79.475,18.675],[79.3,18.65],[79.2,18.525],[78.95,18.425],[78.85,18.275],[78.775,18.0],[78.675,17.8],[78.55,17.675],[78.45,17.65],[78.425,17.55],[78.25,17.375],[78.175,17.25],[78.175,17.075],[78.075,16.975],[78.15,16.8],[78.175,16.425],[78.025,16.35],[77.95,16.2],[77.775,16.275],[77.7,16.175],[77.675,15.925],[77.525,15.925],[77.525,15.625],[77.6,15.55],[77.625,15.35],[77.8,15.275],[77.85,15.125],[77.8,15.075],[77.8,14.85],[77.95,14.45],[78.0,14.425],[78.0,14.2],[77.95,14.15],[77.95,13.9],[77.9,13.875],[77.9,13.675],[77.75,13.4],[77.625,13.35],[77.0,13.35],[76.775,13.325],[76.625,13.25],[76.225,12.95],[76.15,12.95],[75.95,12.825],[75.825,12.8],[75.8,12.425],[75.575,12.375],[75.275,12.575],[74.943,12.575],[74.868,12.845],[74.803,12.977],[74.771,13.077],[74.682,13.507],[74.682,13.584],[74.671,13.668],[74.608,13.85],[74.499,14.046],[74.467,14.169],[74.467,14.217],[74.397,14.407],[74.393,14.433],[74.25,14.681],[74.223,14.709],[74.089,14.902],[74.041,14.949],[73.949,15.075],[73.884,15.306],[73.801,15.397],[73.838,15.397],[73.774,15.571],[73.772,15.573],[73.773,15.574],[73.742,15.657],[73.733,15.657],[73.68,15.709],[73.608,15.871],[73.476,16.054],[73.454,16.152],[73.338,16.46],[73.239,17.199],[73.149,17.527],[73.156,17.622],[73.047,17.907],[72.994,18.098],[72.972,18.259],[72.943,18.366],[72.917,18.576],[72.875,18.643],[72.871,18.683],[72.899,18.779],[72.94,18.857],[72.912,19.037],[72.901,19.015],[72.835,18.976],[72.803,19.079],[72.803,19.219],[72.795,19.252],[72.812,19.299],[72.874,19.291],[72.869,19.328],[72.788,19.363],[72.764,19.413],[72.756,19.451],[72.799,19.52],[72.738,19.569],[72.75,19.6],[72.875,19.65],[73.075,19.875],[73.2,19.95]]]}},{"type":"Feature","properties":{"name":"Buyid Emirate","name_zh":"","focus":false,"label":[67.51,28.2],"area":33.2,"color":"#a07d5a"},"geometry":{"type":"Polygon","coordinates":[[[70.925,32.05],[71.1,32.15],[71.1,32.3],[71.275,32.275],[71.25,32.175],[71.125,32.1],[71.125,32.025],[71.0,31.9],[70.975,31.725],[71.1,31.625],[71.15,31.4],[71.25,31.225],[71.25,30.9],[71.225,30.775],[71.125,30.6],[71.075,30.375],[70.975,30.325],[70.875,30.075],[70.875,29.8],[71.0,29.575],[71.0,29.3],[70.925,29.275],[70.975,29.075],[71.05,28.975],[71.025,28.8],[70.95,28.7],[70.9,28.525],[70.775,28.425],[70.7,28.275],[70.575,27.9],[70.525,27.9],[70.325,27.675],[70.225,27.625],[70.0,27.4],[70.0,26.949],[68.864,24.48],[68.072,23.675],[68.046,23.764],[67.692,23.814],[67.486,23.928],[67.315,24.092],[67.204,24.588],[67.153,24.651],[66.654,24.783],[66.7,25.114],[66.62,25.317],[66.432,25.488],[66.3,25.494],[65.768,25.309],[64.424,25.173],[64.238,25.21],[64.12,25.312],[64.059,25.401],[64.157,26.772],[63.6,28.073],[65.024,28.32],[67.378,30.116],[70.0,31.69],[70.0,31.95],[70.175,32.025],[70.55,32.025],[70.55,32.05],[70.925,32.05]]]}},{"type":"Feature","properties":{"name":"Ghaznavid Emirate","name_zh":"","focus":false,"label":[65.02,35.11],"area":89.4,"color":"#7272a8"},"geometry":{"type":"Polygon","coordinates":[[[72.3,33.2],[72.1,33.1],[71.725,33.1],[71.675,32.975],[71.6,32.975],[71.425,32.825],[71.4,32.575],[71.275,32.275],[71.1,32.3],[71.1,32.15],[70.925,32.05],[70.55,32.05],[70.55,32.025],[70.175,32.025],[70.0,31.95],[70.0,31.69],[67.378,30.116],[65.024,28.32],[63.6,28.073],[62.856,28.444],[61.927,29.745],[60.0,31.961],[60.0,39.619],[63.121,39.808],[63.729,39.471],[64.632,38.838],[66.529,38.116],[66.709,37.212],[67.342,37.212],[67.884,36.851],[70.0,35.149],[70.0,34.15],[70.075,34.15],[70.175,34.025],[70.625,33.925],[70.7,33.85],[70.875,33.825],[70.875,33.9],[71.025,33.95],[71.075,34.025],[71.25,34.075],[71.325,34.175],[71.5,34.25],[71.65,34.25],[71.875,34.325],[72.325,34.3],[72.35,34.2],[72.5,34.075],[72.425,34.0],[72.475,33.625],[72.475,33.35],[72.4,33.2],[72.3,33.2]]]}},{"type":"Feature","properties":{"name":"Buwayhid Emirates","name_zh":"","focus":false,"label":[61.2,29.09],"area":18.0,"color":"#7272a8"},"geometry":{"type":"Polygon","coordinates":[[[61.927,29.745],[62.856,28.444],[63.6,28.073],[64.157,26.772],[64.059,25.401],[63.65,25.336],[63.403,25.164],[62.449,25.162],[61.813,25.053],[61.343,25.026],[60.858,25.095],[60.479,25.298],[60.0,25.322],[60.0,31.961],[61.927,29.745]]]}},{"type":"Feature","properties":{"name":"Paleo-Siberian hunter-gatherers","name_zh":"","focus":false,"label":[80.62,56.52],"area":79.8,"color":"#7d6b5a","nolabel":true},"geometry":{"type":"MultiPolygon","coordinates":[[[[114.867,58.0],[115.637,58.0],[115.205,57.386],[114.867,58.0]]],[[[99.95,55.825],[99.85,55.675],[99.725,55.65],[99.55,55.5],[99.425,55.5],[99.375,55.275],[99.125,55.3],[99.025,55.2],[98.95,55.025],[98.9,55.025],[98.675,54.75],[98.575,54.775],[98.425,54.975],[98.2,55.1],[98.2,55.2],[98.1,55.375],[97.75,55.325],[97.65,55.575],[97.45,55.65],[97.275,55.65],[97.125,55.75],[96.875,55.725],[96.75,55.775],[96.6,56.0],[96.048,56.0],[93.7,56.484],[78.362,56.41],[74.439,56.0],[72.7,56.0],[72.6,55.8],[71.975,55.65],[71.775,55.575],[71.575,55.55],[71.0,55.55],[70.725,55.525],[70.375,55.45],[70.0,55.425],[70.0,55.536],[65.311,55.046],[60.0,56.229],[60.0,56.559],[62.805,56.955],[65.855,58.0],[104.256,58.0],[100.182,56.0],[100.4,56.0],[100.25,55.875],[99.95,55.825]]]]}},{"type":"Feature","properties":{"name":"Finno-Ugric taiga hunter-gatherers","name_zh":"","focus":false,"label":[62.17,57.48],"area":5.1,"color":"#5f87a3","nolabel":true},"geometry":{"type":"Polygon","coordinates":[[[62.805,56.955],[60.0,56.559],[60.0,58.0],[65.855,58.0],[62.805,56.955]]]}},{"type":"Feature","properties":{"name":"Kimek-Kipchak khaganate","name_zh":"基马克 · 钦察","focus":false,"label":[79.54,52.31],"area":364.2,"color":"#4f8f86"},"geometry":{"type":"Polygon","coordinates":[[[71.575,55.55],[71.775,55.575],[71.975,55.65],[72.6,55.8],[72.7,56.0],[74.439,56.0],[78.362,56.41],[93.7,56.484],[96.047,56.0],[96.048,56.0],[96.6,56.0],[96.75,55.775],[96.875,55.725],[97.125,55.75],[97.275,55.65],[97.45,55.65],[97.65,55.575],[97.75,55.325],[98.1,55.375],[98.2,55.2],[98.2,55.1],[98.425,54.975],[98.575,54.775],[98.675,54.75],[98.75,54.525],[98.825,54.5],[98.875,54.325],[98.85,54.025],[98.8,53.95],[98.65,53.9],[98.35,53.875],[98.25,53.75],[98.15,53.475],[98.4,53.575],[98.65,53.45],[98.775,53.3],[98.875,53.275],[99.075,53.1],[99.175,52.875],[99.4,52.725],[99.45,52.475],[99.4,52.4],[99.4,52.225],[99.325,52.175],[99.275,51.975],[99.1,51.825],[98.975,51.8],[98.975,51.625],[98.875,51.6],[98.95,51.475],[99.3,51.425],[99.475,51.325],[99.425,51.175],[99.55,51.1],[99.65,50.975],[99.65,50.825],[99.75,50.75],[99.625,50.6],[99.65,50.125],[99.625,49.9],[99.8,49.7],[99.75,49.45],[99.575,49.225],[99.5,49.2],[99.5,48.875],[99.35,48.75],[99.2,48.75],[99.2,48.625],[99.075,48.625],[98.85,48.725],[98.475,48.725],[98.2,48.7],[98.2,48.575],[98.1,48.525],[98.1,48.325],[98.2,48.25],[98.225,47.975],[97.8,47.975],[97.7,47.825],[97.55,47.825],[97.5,47.9],[97.375,47.925],[97.175,48.1],[97.0,48.15],[96.825,48.35],[96.625,48.35],[96.4,48.25],[96.15,48.25],[96.0,48.3],[95.875,48.175],[95.6,48.175],[95.425,48.075],[95.375,48.0],[95.125,47.975],[94.925,48.075],[94.625,48.075],[94.525,48.025],[94.45,48.1],[94.3,47.975],[94.1,47.725],[93.85,47.55],[93.65,47.3],[93.45,47.125],[93.225,47.075],[93.2,47.225],[93.125,47.225],[93.075,46.85],[92.625,46.95],[92.475,46.725],[92.35,46.725],[92.15,46.85],[91.975,46.775],[91.825,46.775],[91.65,46.9],[91.575,47.0],[91.575,47.15],[91.35,47.375],[90.85,47.475],[90.825,47.425],[90.625,47.425],[90.55,47.375],[90.375,47.675],[90.25,47.725],[90.125,47.9],[89.75,47.875],[89.65,47.9],[89.525,47.85],[89.35,48.025],[89.3,48.125],[89.15,48.225],[89.125,48.3],[88.7,48.175],[88.6,48.275],[88.3,48.275],[88.175,48.55],[88.05,48.575],[87.875,49.0],[87.525,48.95],[87.4,48.8],[87.225,48.75],[87.225,48.65],[87.025,48.55],[87.025,48.425],[86.85,48.35],[86.625,48.325],[86.425,48.475],[86.15,48.575],[86.075,48.325],[86.025,48.275],[86.025,48.1],[85.95,47.975],[85.5,48.0],[85.5,47.625],[85.425,47.5],[85.425,47.325],[85.55,47.2],[85.575,47.1],[85.175,47.075],[85.075,47.1],[84.95,46.875],[84.675,46.85],[84.65,46.95],[84.4,47.1],[84.225,47.1],[84.125,47.025],[83.875,47.025],[83.7,47.075],[83.5,47.075],[83.25,47.2],[82.975,47.225],[82.35,47.225],[82.2,47.25],[81.95,47.375],[81.75,47.375],[81.675,47.45],[81.325,47.425],[81.2,47.45],[81.175,47.175],[80.925,46.9],[80.825,46.875],[80.525,46.55],[80.3,46.35],[80.175,46.325],[80.0,46.225],[79.8,46.225],[79.775,46.325],[79.6,46.325],[79.425,46.275],[79.175,46.475],[78.975,46.55],[78.9,46.65],[78.8,46.675],[78.675,46.8],[78.675,46.925],[78.475,47.05],[78.475,47.125],[78.225,47.225],[78.075,47.325],[77.875,47.275],[77.6,47.275],[77.425,47.125],[77.225,47.025],[76.95,47.05],[76.55,47.05],[76.4,46.925],[76.225,46.85],[75.625,46.85],[75.45,46.9],[75.175,46.6],[74.875,46.5],[74.825,46.45],[74.575,46.375],[74.45,46.3],[73.85,46.3],[73.65,46.075],[73.6,46.075],[73.4,45.85],[73.075,45.55],[72.925,45.525],[72.8,45.375],[72.675,45.375],[72.425,45.175],[72.25,45.0],[72.125,44.95],[71.9,44.625],[71.825,44.575],[71.725,44.275],[71.475,44.05],[71.225,43.775],[71.1,43.7],[71.0,43.575],[70.95,43.425],[70.725,43.225],[70.5,42.975],[70.5,42.9],[70.25,42.9],[70.225,42.85],[70.075,42.875],[70.0,42.825],[70.0,43.06],[69.657,42.791],[61.634,47.209],[61.959,48.881],[60.0,49.576],[60.0,56.229],[65.311,55.046],[70.0,55.536],[70.0,55.425],[70.375,55.45],[70.725,55.525],[71.0,55.55],[71.575,55.55]]]}},{"type":"Feature","properties":{"name":"Peshemegs","name_zh":"","focus":false,"label":[60.88,47.85],"area":5.9,"color":"#7d6b5a"},"geometry":{"type":"MultiPolygon","coordinates":[[[[60.943,44.441],[61.152,44.731],[60.847,43.165],[60.0,42.948],[60.0,43.621],[60.076,43.608],[60.943,44.441]]],[[[60.017,45.658],[60.0,45.706],[60.114,45.689],[60.017,45.658]]],[[[61.02,45.487],[60.998,46.077],[61.119,46.103],[61.5,46.52],[61.239,45.177],[61.174,45.187],[61.02,45.487]]],[[[60.211,46.287],[60.824,46.213],[60.785,46.151],[60.605,46.126],[60.478,46.204],[60.3,46.163],[60.0,46.21],[60.0,46.497],[60.211,46.287]]],[[[61.465,46.766],[61.249,46.611],[60.938,46.489],[60.799,46.568],[60.783,46.632],[60.858,46.697],[60.842,46.773],[60.657,46.821],[60.503,46.805],[60.523,46.727],[60.728,46.676],[60.725,46.625],[60.604,46.578],[60.501,46.611],[60.429,46.528],[60.27,46.699],[60.073,46.618],[60.0,46.514],[60.0,49.576],[61.959,48.881],[61.548,46.767],[61.465,46.766]]]]}},{"type":"Feature","properties":{"name":"Kalinga","name_zh":"","focus":false,"label":[80.63,17.4],"area":17.6,"color":"#4f8f86"},"geometry":{"type":"Polygon","coordinates":[[[82.125,19.9],[82.325,19.825],[82.375,19.875],[82.5,19.875],[82.55,19.75],[82.675,19.725],[82.875,19.475],[83.125,19.425],[83.125,19.1],[83.0,18.825],[82.95,18.575],[83.05,18.375],[83.05,18.075],[83.3,17.775],[83.375,17.725],[83.38,17.709],[83.017,17.488],[82.977,17.462],[82.958,17.453],[82.354,17.085],[82.301,16.892],[82.307,16.879],[82.35,16.825],[82.36,16.783],[82.339,16.707],[82.327,16.664],[82.259,16.56],[82.142,16.485],[82.049,16.447],[81.788,16.328],[81.596,16.302],[81.369,16.346],[81.253,16.225],[81.087,15.826],[80.963,15.723],[80.854,15.778],[80.826,15.766],[80.812,15.799],[80.735,15.837],[80.459,15.773],[80.3,15.645],[80.089,15.175],[80.116,14.741],[80.165,14.578],[80.172,14.525],[79.85,14.525],[79.775,14.575],[79.475,14.575],[79.225,14.475],[79.0,14.475],[78.875,14.55],[78.675,14.6],[78.65,14.525],[78.125,14.525],[78.0,14.425],[77.95,14.45],[77.8,14.85],[77.8,15.075],[77.85,15.125],[77.8,15.275],[77.625,15.35],[77.6,15.55],[77.525,15.625],[77.525,15.925],[77.675,15.925],[77.7,16.175],[77.775,16.275],[77.95,16.2],[78.025,16.35],[78.175,16.425],[78.15,16.8],[78.075,16.975],[78.175,17.075],[78.175,17.25],[78.25,17.375],[78.425,17.55],[78.45,17.65],[78.55,17.675],[78.675,17.8],[78.775,18.0],[78.85,18.275],[78.95,18.425],[79.2,18.525],[79.3,18.65],[79.475,18.675],[79.525,18.75],[79.65,18.675],[79.825,18.7],[79.875,18.825],[80.05,18.775],[80.15,18.7],[80.2,18.975],[80.375,19.05],[80.45,19.175],[80.55,19.2],[80.7,19.35],[81.1,19.425],[81.15,19.575],[81.275,19.575],[81.425,19.65],[81.5,19.825],[81.6,19.825],[81.7,19.875],[82.075,19.85],[82.125,19.9]]]}},{"type":"Feature","properties":{"name":"Rajput kingdoms","name_zh":"","focus":false,"label":[81.47,26.78],"area":123.9,"color":"#a07d5a"},"geometry":{"type":"Polygon","coordinates":[[[70.575,27.9],[70.7,28.275],[70.775,28.425],[70.9,28.525],[70.95,28.7],[71.025,28.8],[71.05,28.975],[70.975,29.075],[70.925,29.275],[71.0,29.3],[71.0,29.575],[70.875,29.8],[70.875,30.075],[70.975,30.325],[71.075,30.375],[71.125,30.6],[71.225,30.775],[71.25,30.9],[71.25,31.225],[71.15,31.4],[71.1,31.625],[70.975,31.725],[71.0,31.9],[71.125,32.025],[71.125,32.1],[71.25,32.175],[71.275,32.275],[71.4,32.575],[71.425,32.825],[71.6,32.975],[71.675,32.975],[71.725,33.1],[72.1,33.1],[72.3,33.2],[72.4,33.2],[72.475,33.35],[72.475,33.625],[72.425,34.0],[72.65,34.0],[72.725,34.1],[72.85,34.15],[72.875,34.3],[73.05,34.175],[73.4,34.075],[73.475,34.3],[73.7,34.25],[74.125,34.25],[74.175,34.175],[74.525,34.3],[74.55,34.375],[74.725,34.25],[74.875,34.425],[75.175,34.325],[75.375,34.325],[75.375,34.225],[75.675,34.125],[75.675,34.0],[75.85,33.9],[76.175,33.875],[76.175,33.775],[76.5,33.575],[76.675,33.3],[77.025,33.0],[77.375,33.0],[77.55,32.85],[77.6,32.725],[77.8,32.675],[77.875,32.575],[78.0,32.55],[78.125,32.425],[78.3,32.425],[78.4,32.3],[78.65,32.3],[78.825,32.4],[78.975,32.275],[78.9,32.025],[78.825,31.975],[78.875,31.65],[78.8,31.575],[78.575,31.55],[78.525,31.45],[78.425,31.45],[78.4,31.325],[78.275,31.4],[78.0,31.425],[77.95,31.55],[77.7,31.5],[77.65,31.375],[77.55,31.35],[77.5,31.2],[77.475,30.875],[77.55,30.725],[77.7,30.625],[77.7,30.475],[77.575,30.45],[77.5,30.175],[77.375,30.125],[77.225,30.0],[77.175,29.775],[77.1,29.7],[77.075,29.525],[76.85,29.425],[76.6,29.375],[76.4,29.275],[76.3,29.275],[75.95,29.125],[75.675,29.075],[75.525,29.0],[75.35,29.0],[75.125,28.9],[74.85,28.825],[74.4,28.825],[74.275,28.875],[73.975,28.9],[73.8,28.8],[73.75,28.725],[73.2,28.5],[73.1,28.35],[72.975,28.25],[72.975,27.9],[73.125,27.575],[73.3,27.425],[73.325,27.325],[73.525,27.125],[73.6,27.0],[73.85,26.775],[73.925,26.775],[74.1,26.6],[74.4,26.45],[74.825,26.45],[74.95,26.425],[75.175,26.5],[75.325,26.65],[75.375,26.825],[75.575,27.0],[75.65,27.125],[75.975,27.1],[76.05,27.0],[76.175,26.975],[76.425,26.725],[76.525,26.775],[77.25,26.775],[77.325,26.8],[77.475,27.0],[77.575,27.075],[77.925,27.2],[77.925,27.275],[78.225,27.125],[78.375,27.125],[78.6,27.35],[78.775,27.4],[79.15,27.75],[79.2,27.75],[79.225,27.675],[79.425,27.65],[79.625,27.45],[79.7,27.25],[79.85,27.15],[79.975,27.15],[80.025,27.05],[80.225,27.05],[80.45,26.95],[80.525,26.85],[80.9,26.85],[80.95,26.8],[81.325,26.8],[81.55,26.775],[81.6,26.675],[81.75,26.55],[81.775,26.45],[81.9,26.375],[82.025,26.375],[82.175,26.275],[82.425,26.2],[82.8,26.0],[83.075,26.025],[83.15,26.0],[83.425,25.725],[83.55,25.7],[83.6,25.625],[83.75,25.625],[83.8,25.525],[83.9,25.525],[84.1,25.725],[84.3,25.7],[84.4,25.75],[84.5,25.675],[84.55,25.475],[84.725,25.3],[85.1,25.1],[85.0,24.825],[84.9,24.65],[84.9,24.375],[85.0,24.15],[84.85,24.075],[84.825,23.975],[84.725,23.9],[84.65,23.55],[84.45,23.275],[84.35,23.2],[84.45,23.05],[84.525,23.025],[84.65,22.85],[84.65,22.675],[84.475,22.55],[84.475,22.4],[84.6,22.35],[84.675,22.25],[84.8,22.25],[84.875,22.05],[84.875,21.9],[84.975,21.8],[85.0,21.625],[84.95,21.45],[84.75,21.45],[84.625,21.375],[84.475,21.375],[84.425,21.25],[84.225,21.25],[84.1,21.2],[83.925,21.2],[83.825,21.125],[83.575,21.05],[83.375,20.825],[83.325,20.825],[83.1,20.6],[83.075,20.45],[82.9,20.325],[82.9,20.25],[82.775,20.125],[82.75,19.975],[82.675,19.875],[82.375,19.875],[82.325,19.825],[82.125,19.9],[82.075,19.85],[81.7,19.875],[81.6,19.825],[81.525,19.825],[81.45,19.925],[81.25,19.925],[81.175,20.025],[80.95,20.15],[80.85,20.4],[80.475,20.75],[80.45,20.85],[80.225,21.075],[80.15,21.325],[80.05,21.425],[80.025,21.55],[80.15,21.65],[79.925,21.725],[79.825,21.8],[79.8,21.9],[79.675,21.9],[79.475,22.075],[79.1,22.175],[78.85,22.2],[78.8,22.15],[78.6,22.15],[78.425,21.9],[78.075,21.75],[77.625,21.775],[77.475,21.6],[77.3,21.575],[77.225,21.7],[77.025,21.7],[76.9,21.6],[76.8,21.6],[76.675,21.475],[76.45,21.475],[76.375,21.575],[76.1,21.575],[75.975,21.525],[75.775,21.525],[75.65,21.475],[75.45,21.625],[75.1,21.725],[74.975,21.675],[74.925,21.75],[74.45,21.875],[74.2,21.725],[74.0,21.725],[73.925,21.65],[73.775,21.625],[73.775,21.375],[73.7,21.25],[73.375,21.25],[73.225,21.2],[73.2,21.05],[73.2,20.375],[73.3,20.25],[73.45,20.25],[73.425,19.95],[73.2,19.95],[73.075,19.875],[72.875,19.65],[72.75,19.6],[72.738,19.569],[72.727,19.578],[72.697,19.757],[72.676,19.798],[72.668,19.831],[72.709,20.078],[72.881,20.563],[72.894,20.673],[72.879,20.829],[72.841,20.952],[72.825,21.079],[72.789,21.122],[72.752,21.129],[72.692,21.178],[72.624,21.372],[72.687,21.436],[72.714,21.456],[72.712,21.466],[72.668,21.456],[72.613,21.462],[72.702,21.538],[72.684,21.692],[72.543,21.697],[72.592,21.878],[72.644,21.938],[72.677,21.958],[72.678,21.969],[72.617,21.962],[72.522,21.976],[72.547,22.123],[72.319,22.115],[72.25,22.038],[72.244,22.028],[72.236,22.023],[72.232,22.019],[72.127,21.828],[72.129,21.787],[72.171,21.774],[72.21,21.728],[72.257,21.661],[72.255,21.591],[72.289,21.549],[72.256,21.352],[72.12,21.155],[71.894,20.989],[71.528,20.823],[71.024,20.657],[70.855,20.65],[70.467,20.777],[70.209,20.947],[70.0,21.144],[69.126,21.968],[68.894,22.285],[69.492,22.248],[69.769,22.287],[70.0,22.395],[70.0,22.545],[70.006,22.548],[70.084,22.554],[70.177,22.573],[70.328,22.816],[70.356,22.854],[70.045,22.777],[70.0,22.778],[69.664,22.789],[69.107,22.898],[68.79,23.028],[68.372,23.326],[68.072,23.675],[68.864,24.48],[70.0,26.949],[70.0,27.4],[70.225,27.625],[70.325,27.675],[70.525,27.9],[70.575,27.9]]]}},{"type":"Feature","properties":{"name":"Orissa","name_zh":"","focus":false,"label":[84.09,20.14],"area":6.7,"color":"#4f8f86"},"geometry":{"type":"Polygon","coordinates":[[[82.9,20.25],[82.9,20.325],[83.075,20.45],[83.1,20.6],[83.325,20.825],[83.375,20.825],[83.575,21.05],[83.825,21.125],[83.925,21.2],[84.1,21.2],[84.225,21.25],[84.425,21.25],[84.475,21.375],[84.625,21.375],[84.75,21.45],[84.95,21.45],[85.15,21.1],[85.25,21.05],[85.25,20.9],[85.475,20.7],[85.475,20.4],[85.65,20.425],[85.9,20.175],[86.0,19.9],[86.1,19.825],[86.1,19.801],[85.425,19.618],[85.226,19.508],[85.023,19.338],[84.262,18.455],[84.145,18.349],[84.104,18.293],[84.055,18.268],[83.987,18.207],[83.687,18.084],[83.381,17.71],[83.38,17.709],[83.375,17.725],[83.3,17.775],[83.05,18.075],[83.05,18.375],[82.95,18.575],[83.0,18.825],[83.125,19.1],[83.125,19.425],[82.875,19.475],[82.675,19.725],[82.55,19.75],[82.5,19.875],[82.675,19.875],[82.75,19.975],[82.775,20.125],[82.9,20.25]]]}},{"type":"Feature","properties":{"name":"Senas","name_zh":"","focus":false,"label":[92.88,25.23],"area":20.9,"color":"#9a8a4a"},"geometry":{"type":"MultiPolygon","coordinates":[[[[91.375,23.85],[91.2,24.1],[91.175,24.225],[91.05,24.35],[91.1,24.375],[91.125,24.625],[91.225,25.0],[91.3,25.125],[91.325,25.5],[91.45,25.5],[91.45,26.0],[91.375,26.175],[91.375,26.475],[91.325,26.55],[91.325,26.95],[91.45,27.025],[91.525,27.175],[91.625,27.25],[91.8,27.25],[91.975,27.325],[91.975,27.45],[92.2,27.7],[92.25,27.975],[92.275,27.975],[92.525,28.05],[92.575,28.1],[92.575,28.3],[92.65,28.375],[92.675,28.6],[92.85,28.65],[92.95,28.625],[92.95,28.45],[93.0,28.4],[93.175,28.4],[93.325,28.35],[93.35,28.0],[93.525,27.925],[93.775,27.875],[93.8,27.625],[93.925,27.55],[94.025,27.65],[94.225,27.725],[94.575,27.725],[94.675,27.775],[94.85,27.55],[95.05,27.6],[95.1,27.675],[95.2,27.65],[95.275,27.4],[95.65,27.05],[95.65,26.925],[95.5,26.8],[95.425,26.65],[95.325,26.65],[95.25,26.525],[95.125,26.45],[95.1,26.1],[95.05,26.15],[94.775,26.1],[94.65,25.85],[94.725,25.7],[94.725,25.475],[94.6,25.375],[94.575,25.225],[94.45,25.225],[94.25,25.05],[94.175,24.85],[94.15,24.5],[94.0,24.275],[93.975,24.15],[93.85,24.025],[93.8,23.9],[93.8,23.725],[93.625,23.575],[93.625,23.325],[93.55,23.275],[93.525,22.7],[93.55,22.55],[93.5,22.5],[93.55,22.025],[93.5,22.0],[93.55,21.725],[93.725,21.5],[93.75,21.3],[93.825,21.225],[93.75,21.15],[93.725,20.875],[93.825,20.7],[93.825,20.575],[93.975,20.425],[93.975,20.225],[94.05,20.075],[94.075,19.85],[94.125,19.75],[93.925,19.675],[93.875,19.55],[93.847,19.529],[93.84,19.534],[93.77,19.61],[93.761,19.648],[93.74,19.697],[93.669,19.732],[93.612,19.776],[93.66,19.854],[93.707,19.912],[93.582,19.91],[93.439,20.009],[93.41,20.038],[93.362,20.058],[93.25,20.07],[93.157,20.041],[93.199,19.898],[93.191,19.851],[93.129,19.858],[93.002,20.075],[93.04,20.13],[93.096,20.181],[93.068,20.189],[93.015,20.185],[93.067,20.378],[93.035,20.406],[93.019,20.346],[92.991,20.288],[92.882,20.152],[92.828,20.178],[92.791,20.211],[92.844,20.283],[92.872,20.302],[92.891,20.34],[92.851,20.415],[92.787,20.469],[92.736,20.563],[92.709,20.564],[92.733,20.453],[92.723,20.296],[92.608,20.47],[92.478,20.61],[92.453,20.573],[92.176,20.886],[91.946,21.362],[91.919,21.506],[91.889,21.503],[91.859,21.533],[91.873,21.574],[91.857,21.709],[91.881,21.715],[91.863,21.809],[91.838,21.75],[91.82,21.81],[91.835,21.885],[91.844,21.91],[91.571,22.543],[91.41,22.72],[91.373,22.703],[91.225,22.631],[91.225,23.05],[91.25,23.3],[91.35,23.5],[91.375,23.85]]],[[[93.644,19.495],[93.688,19.544],[93.715,19.558],[93.802,19.495],[93.775,19.475],[93.729,19.418],[93.662,19.459],[93.644,19.495]]],[[[93.579,19.401],[93.657,19.331],[93.574,19.23],[93.493,19.369],[93.531,19.398],[93.579,19.401]]],[[[93.413,19.95],[93.492,19.893],[93.513,19.755],[93.445,19.806],[93.42,19.878],[93.413,19.95]]],[[[92.96,20.046],[93.01,19.924],[93.023,19.829],[92.975,19.868],[92.913,20.0],[92.915,20.086],[92.96,20.046]]],[[[91.456,22.617],[91.484,22.577],[91.523,22.491],[91.548,22.425],[91.557,22.382],[91.51,22.353],[91.467,22.378],[91.411,22.476],[91.439,22.599],[91.456,22.617]]]]}},{"type":"Feature","properties":{"name":"Palas","name_zh":"波罗王朝","focus":false,"label":[88.1,23.3],"area":36.4,"color":"#7272a8"},"geometry":{"type":"MultiPolygon","coordinates":[[[[84.875,22.05],[84.8,22.25],[84.675,22.25],[84.6,22.35],[84.475,22.4],[84.475,22.55],[84.65,22.675],[84.65,22.85],[84.525,23.025],[84.45,23.05],[84.35,23.2],[84.45,23.275],[84.65,23.55],[84.725,23.9],[84.825,23.975],[84.85,24.075],[85.0,24.15],[84.9,24.375],[84.9,24.65],[85.0,24.825],[85.1,25.1],[85.2,25.125],[85.3,25.25],[85.5,25.3],[85.675,25.275],[85.95,25.4],[86.025,25.275],[86.225,25.075],[86.5,25.175],[86.55,25.275],[86.8,25.25],[86.825,25.3],[87.225,25.25],[87.4,25.55],[87.425,25.725],[87.5,25.85],[87.575,26.325],[87.7,26.575],[87.675,26.975],[88.025,27.15],[88.025,27.4],[88.1,27.575],[88.1,27.9],[88.175,27.9],[88.4,28.05],[88.7,28.1],[88.725,28.05],[88.975,27.95],[89.125,28.025],[89.275,28.025],[89.45,28.1],[89.5,28.225],[89.75,28.3],[89.9,28.2],[90.05,28.225],[90.125,28.3],[90.3,28.25],[90.425,28.125],[90.5,28.125],[90.65,28.3],[90.775,28.325],[90.925,28.475],[91.325,28.5],[91.55,28.4],[91.575,28.175],[92.05,28.175],[92.225,28.025],[92.225,27.975],[92.25,27.975],[92.2,27.7],[91.975,27.45],[91.975,27.325],[91.8,27.25],[91.625,27.25],[91.525,27.175],[91.45,27.025],[91.325,26.95],[91.325,26.55],[91.375,26.475],[91.375,26.175],[91.45,26.0],[91.45,25.5],[91.325,25.5],[91.3,25.125],[91.225,25.0],[91.125,24.625],[91.1,24.375],[91.05,24.35],[91.175,24.225],[91.2,24.1],[91.375,23.85],[91.35,23.5],[91.25,23.3],[91.225,23.05],[91.225,22.631],[91.081,22.561],[90.803,22.561],[90.868,22.485],[90.866,22.391],[90.83,22.16],[90.778,22.089],[90.604,22.054],[90.515,22.065],[90.68,22.327],[90.675,22.445],[90.649,22.541],[90.627,22.561],[90.513,22.56],[90.532,22.539],[90.596,22.436],[90.616,22.362],[90.589,22.258],[90.553,22.218],[90.494,22.179],[90.356,22.048],[90.288,21.899],[90.231,21.83],[90.159,21.817],[90.131,21.847],[90.071,21.887],[90.07,21.96],[90.088,22.017],[90.21,22.157],[90.143,22.138],[90.069,22.098],[90.0,22.053],[90.0,21.93],[89.869,22.133],[89.796,21.832],[89.67,21.719],[89.578,21.7],[89.485,21.884],[89.452,21.821],[89.354,21.721],[89.279,21.707],[89.275,21.708],[89.233,21.655],[89.072,21.774],[89.045,21.724],[89.052,21.654],[89.004,21.647],[88.994,21.629],[89.025,21.546],[88.723,21.539],[88.699,21.653],[88.695,21.662],[88.694,21.677],[88.656,21.857],[88.581,21.889],[88.567,21.832],[88.6,21.714],[88.585,21.66],[88.446,21.614],[88.414,21.639],[88.377,21.577],[88.299,21.551],[88.254,21.622],[88.122,21.636],[88.057,21.694],[88.099,21.794],[88.115,21.84],[88.053,21.938],[87.867,21.696],[87.64,21.563],[86.937,21.288],[86.854,21.198],[86.842,21.106],[86.896,20.966],[86.939,20.745],[86.975,20.7],[86.925,20.62],[86.836,20.534],[86.763,20.419],[86.769,20.356],[86.75,20.313],[86.634,20.248],[86.632,20.203],[86.304,19.949],[86.303,19.945],[86.279,19.919],[86.253,19.909],[86.119,19.806],[86.1,19.801],[86.1,19.825],[86.0,19.9],[85.9,20.175],[85.65,20.425],[85.475,20.4],[85.475,20.7],[85.25,20.9],[85.25,21.05],[85.15,21.1],[84.95,21.45],[85.0,21.625],[84.975,21.8],[84.875,21.9],[84.875,22.05]]],[[[91.074,22.45],[91.079,22.52],[91.115,22.45],[91.074,22.45]]]]}},{"type":"Feature","properties":{"name":"Pratiharas","name_zh":"","focus":false,"label":[80.69,28.65],"area":35.2,"color":"#7d6b5a"},"geometry":{"type":"Polygon","coordinates":[[[79.4,31.1],[79.5,31.1],[79.675,31.0],[80.025,30.875],[80.15,30.8],[80.2,30.625],[80.35,30.525],[80.625,30.475],[80.65,30.425],[80.925,30.35],[81.125,30.125],[81.15,30.025],[81.35,30.05],[81.4,30.15],[81.375,30.275],[81.55,30.2],[81.825,30.225],[81.875,30.325],[82.15,30.35],[82.225,30.2],[82.5,30.1],[82.675,29.875],[82.875,29.7],[83.0,29.675],[83.2,29.55],[83.45,29.2],[83.625,29.2],[83.65,29.275],[83.8,29.4],[83.825,29.475],[84.025,29.475],[84.325,29.35],[84.3,29.2],[84.35,29.15],[84.35,28.925],[84.55,28.925],[84.825,29.025],[84.95,28.95],[85.325,28.95],[85.425,28.825],[85.45,28.675],[85.625,28.6],[85.725,28.475],[86.15,28.5],[86.275,28.45],[86.3,28.35],[86.45,28.35],[86.625,28.2],[86.8,28.125],[86.975,28.1],[87.125,28.3],[87.325,28.3],[87.45,28.2],[87.575,28.2],[87.6,28.1],[87.75,27.95],[87.925,27.95],[88.025,27.9],[88.1,27.9],[88.1,27.575],[88.025,27.4],[88.025,27.15],[87.675,26.975],[87.7,26.575],[87.575,26.325],[87.5,25.85],[87.425,25.725],[87.4,25.55],[87.225,25.25],[86.825,25.3],[86.8,25.25],[86.55,25.275],[86.5,25.175],[86.225,25.075],[86.025,25.275],[85.95,25.4],[85.675,25.275],[85.5,25.3],[85.3,25.25],[85.2,25.125],[85.1,25.1],[84.725,25.3],[84.55,25.475],[84.5,25.675],[84.4,25.75],[84.3,25.7],[84.1,25.725],[83.9,25.525],[83.8,25.525],[83.75,25.625],[83.6,25.625],[83.55,25.7],[83.425,25.725],[83.15,26.0],[83.075,26.025],[82.8,26.0],[82.425,26.2],[82.175,26.275],[82.025,26.375],[81.9,26.375],[81.775,26.45],[81.75,26.55],[81.6,26.675],[81.55,26.775],[81.325,26.8],[80.95,26.8],[80.9,26.85],[80.525,26.85],[80.45,26.95],[80.225,27.05],[80.025,27.05],[79.975,27.15],[79.85,27.15],[79.7,27.25],[79.625,27.45],[79.425,27.65],[79.225,27.675],[79.2,27.75],[79.175,27.75],[79.15,27.825],[79.0,27.825],[78.9,27.925],[78.725,27.95],[78.45,28.15],[78.3,28.325],[78.3,28.45],[78.2,28.55],[78.2,28.7],[78.1,28.825],[78.05,28.975],[77.9,28.975],[77.575,29.125],[77.35,29.125],[77.15,29.2],[77.15,29.4],[77.075,29.525],[77.1,29.7],[77.175,29.775],[77.225,30.0],[77.375,30.125],[77.5,30.175],[77.575,30.45],[77.7,30.475],[77.7,30.625],[77.55,30.725],[77.475,30.875],[77.5,31.2],[77.55,31.35],[77.65,31.375],[77.7,31.5],[77.95,31.55],[78.0,31.425],[78.275,31.4],[78.4,31.325],[78.425,31.45],[78.525,31.45],[78.575,31.55],[78.8,31.575],[78.875,31.45],[79.15,31.475],[79.3,31.325],[79.4,31.1]]]}},{"type":"Feature","properties":{"name":"Chauhans","name_zh":"","focus":false,"label":[76.13,28.17],"area":11.6,"color":"#5f87a3"},"geometry":{"type":"Polygon","coordinates":[[[77.575,29.125],[77.9,28.975],[78.05,28.975],[78.1,28.825],[78.2,28.7],[78.2,28.55],[78.3,28.45],[78.3,28.325],[78.45,28.15],[78.725,27.95],[78.9,27.925],[79.0,27.825],[79.15,27.825],[79.175,27.75],[79.15,27.75],[78.775,27.4],[78.6,27.35],[78.375,27.125],[78.225,27.125],[77.925,27.275],[77.925,27.2],[77.575,27.075],[77.475,27.0],[77.325,26.8],[77.25,26.775],[76.525,26.775],[76.425,26.725],[76.175,26.975],[76.05,27.0],[75.975,27.1],[75.65,27.125],[75.575,27.0],[75.375,26.825],[75.325,26.65],[75.175,26.5],[74.95,26.425],[74.825,26.45],[74.4,26.45],[74.1,26.6],[73.925,26.775],[73.85,26.775],[73.6,27.0],[73.525,27.125],[73.325,27.325],[73.3,27.425],[73.125,27.575],[72.975,27.9],[72.975,28.25],[73.1,28.35],[73.2,28.5],[73.75,28.725],[73.8,28.8],[73.975,28.9],[74.275,28.875],[74.4,28.825],[74.85,28.825],[75.125,28.9],[75.35,29.0],[75.525,29.0],[75.675,29.075],[75.95,29.125],[76.3,29.275],[76.4,29.275],[76.6,29.375],[76.85,29.425],[77.075,29.525],[77.15,29.4],[77.15,29.2],[77.35,29.125],[77.575,29.125]]]}},{"type":"Feature","properties":{"name":"minor Hindu and Buddhist states","name_zh":"","focus":false,"label":[116.73,6.0],"area":3.6,"color":"#5f87a3"},"geometry":{"type":"MultiPolygon","coordinates":[[[[114.849,5.0],[114.799,5.0],[114.853,5.015],[114.849,5.0]]],[[[115.417,5.111],[115.203,5.275],[115.291,5.453],[115.717,5.467],[115.787,5.74],[115.97,5.881],[116.098,6.097],[116.337,6.358],[116.595,6.899],[116.74,6.689],[116.889,6.645],[117.031,6.836],[117.168,6.614],[117.507,6.392],[117.54,6.24],[117.353,5.877],[117.37,5.788],[117.866,5.904],[117.918,5.802],[117.761,5.58],[118.256,5.663],[118.377,5.638],[118.997,5.277],[119.042,5.169],[118.908,5.0],[115.432,5.0],[115.417,5.111]]]]}},{"type":"Feature","properties":{"name":"Haripunjaya","name_zh":"哈里奔猜","focus":false,"label":[99.85,17.15],"area":19.0,"color":"#b0805f"},"geometry":{"type":"Polygon","coordinates":[[[98.875,15.725],[98.8,15.95],[98.725,15.95],[98.675,16.075],[98.575,16.1],[98.475,16.25],[98.425,16.5],[98.325,16.575],[98.2,16.95],[98.15,17.0],[98.075,17.275],[98.0,17.35],[98.125,17.55],[98.25,17.575],[98.25,17.725],[98.05,18.0],[98.05,18.175],[98.0,18.35],[98.1,18.525],[98.125,18.875],[98.175,19.1],[98.125,19.275],[98.275,19.475],[98.275,19.65],[98.425,19.65],[98.425,19.8],[98.575,19.925],[98.7,20.15],[98.7,20.275],[98.8,20.4],[98.95,20.4],[99.2,20.525],[99.35,20.675],[99.35,20.825],[99.55,20.975],[99.525,21.175],[99.45,21.275],[99.5,21.425],[99.5,21.6],[99.625,21.625],[99.775,21.75],[100.025,21.75],[100.075,21.825],[100.2,21.825],[100.375,21.725],[100.25,21.575],[100.275,21.3],[100.375,21.3],[100.45,21.2],[100.575,21.175],[100.55,20.875],[100.75,20.9],[100.85,20.85],[101.075,20.875],[101.075,20.7],[101.2,20.65],[101.175,20.525],[101.075,20.45],[101.225,20.225],[101.45,20.175],[101.675,20.075],[101.65,19.95],[101.85,19.95],[101.925,20.025],[102.075,19.875],[101.825,19.65],[101.825,19.45],[101.9,19.425],[101.85,19.3],[101.875,19.175],[101.825,19.1],[101.825,18.575],[101.75,18.475],[101.55,18.325],[101.45,18.2],[101.45,17.925],[101.55,17.875],[101.475,17.65],[101.45,17.375],[101.525,17.175],[101.65,17.05],[101.65,16.875],[101.575,16.7],[101.575,16.4],[101.65,16.35],[101.65,16.15],[101.7,15.975],[101.55,15.95],[101.45,15.75],[101.45,15.525],[101.5,15.425],[101.5,14.975],[101.45,14.9],[101.375,15.1],[101.275,15.175],[100.725,15.225],[100.65,15.275],[100.25,15.175],[100.075,15.175],[100.025,14.975],[99.875,14.95],[99.675,14.85],[99.475,14.825],[99.4,14.925],[99.275,14.95],[99.225,15.025],[98.9,14.975],[98.8,15.15],[98.775,15.15],[98.75,15.35],[98.85,15.425],[98.875,15.725]]]}},{"type":"Feature","properties":{"name":"Khmer Empire","name_zh":"真腊 (吴哥)","focus":false,"label":[104.41,13.02],"area":40.9,"color":"#4f8f86"},"geometry":{"type":"MultiPolygon","coordinates":[[[[100.95,14.15],[100.95,14.225],[101.075,14.425],[101.25,14.425],[101.3,14.5],[101.5,14.45],[101.525,14.575],[101.425,14.7],[101.45,14.9],[101.5,14.975],[101.5,15.425],[101.45,15.525],[101.45,15.75],[101.55,15.95],[101.7,15.975],[101.65,16.15],[101.65,16.35],[101.575,16.4],[101.575,16.7],[101.65,16.875],[101.65,17.05],[101.525,17.175],[101.45,17.375],[101.475,17.65],[101.55,17.875],[101.45,17.925],[101.45,18.2],[101.55,18.325],[101.75,18.475],[101.825,18.575],[101.825,19.1],[101.875,19.175],[101.9,19.175],[101.975,18.9],[102.05,18.875],[102.325,18.575],[102.45,18.55],[102.525,18.425],[102.525,18.3],[102.625,18.175],[102.975,18.175],[103.05,18.125],[103.325,18.35],[103.5,18.175],[103.75,18.1],[103.95,18.1],[104.0,18.05],[104.2,18.025],[104.3,17.825],[104.4,17.775],[104.475,17.65],[104.725,17.55],[104.8,17.4],[104.8,17.125],[104.75,17.075],[104.8,16.825],[104.8,16.525],[104.975,16.475],[105.075,16.125],[105.25,16.025],[105.375,16.025],[105.425,15.775],[105.6,15.9],[105.925,15.9],[106.025,15.95],[106.25,15.925],[106.35,16.025],[106.575,16.05],[106.65,15.95],[106.825,16.0],[106.875,15.85],[106.95,15.825],[107.05,15.675],[107.125,15.675],[107.15,15.475],[107.2,15.4],[107.375,15.3],[107.55,15.25],[107.575,15.075],[107.65,15.025],[107.875,15.0],[107.9,14.775],[107.8,14.675],[107.775,14.35],[107.825,14.325],[107.85,14.15],[108.0,14.1],[107.975,13.975],[107.85,13.975],[107.625,13.875],[107.5,13.7],[107.5,13.5],[107.45,13.45],[107.45,13.225],[107.4,13.225],[107.425,13.05],[107.5,13.05],[107.775,12.875],[107.925,12.7],[107.85,12.3],[107.775,12.225],[107.575,12.3],[107.475,12.25],[107.2,12.0],[107.1,11.85],[107.1,11.65],[106.95,11.55],[106.875,11.375],[106.875,11.2],[106.825,11.1],[106.825,10.775],[106.97,10.484],[106.966,10.441],[106.947,10.4],[106.902,10.383],[106.813,10.433],[106.733,10.529],[106.708,10.458],[106.741,10.444],[106.778,10.376],[106.776,10.339],[106.757,10.296],[106.722,10.294],[106.734,10.19],[106.785,10.151],[106.785,10.116],[106.746,10.085],[106.748,10.067],[106.656,9.743],[106.571,9.65],[106.572,9.641],[106.539,9.604],[106.501,9.573],[106.482,9.552],[106.335,9.52],[106.229,9.551],[106.205,9.504],[106.206,9.502],[106.193,9.448],[106.168,9.397],[106.144,9.386],[106.118,9.335],[105.926,9.188],[105.503,9.029],[105.208,8.653],[105.025,8.519],[104.907,8.474],[104.742,8.493],[104.822,9.472],[104.84,9.53],[104.845,9.606],[104.903,9.816],[104.984,9.867],[104.978,9.98],[104.764,10.177],[104.722,10.19],[104.663,10.17],[104.613,10.208],[104.607,10.227],[104.427,10.284],[104.16,10.519],[104.003,10.537],[103.83,10.474],[103.606,10.473],[103.524,10.524],[103.558,10.58],[103.532,10.605],[103.54,10.669],[103.592,10.721],[103.661,10.75],[103.67,10.765],[103.652,10.88],[103.524,11.057],[103.447,11.045],[103.411,10.977],[103.354,10.922],[103.272,10.909],[103.204,10.912],[103.192,10.904],[103.039,10.897],[102.962,11.367],[102.658,12.066],[102.556,12.131],[102.54,12.109],[102.463,12.16],[102.323,12.186],[101.934,12.569],[101.894,12.59],[101.599,12.658],[101.543,12.644],[101.329,12.558],[101.055,12.66],[100.954,12.621],[100.898,12.654],[100.884,12.677],[100.871,12.678],[100.873,12.697],[100.863,12.715],[100.883,12.777],[100.9,12.908],[100.904,13.035],[100.924,13.109],[100.939,13.228],[100.926,13.303],[100.947,13.358],[100.95,13.374],[100.908,13.447],[100.789,13.464],[100.8,13.6],[100.675,13.775],[100.675,13.875],[100.95,14.15]]],[[[103.986,10.427],[104.028,10.428],[104.064,10.391],[104.083,10.341],[104.076,10.225],[104.037,10.111],[104.048,10.061],[104.018,10.029],[103.952,10.243],[103.868,10.335],[103.85,10.371],[103.898,10.369],[103.986,10.427]]],[[[103.223,10.782],[103.318,10.719],[103.281,10.68],[103.223,10.76],[103.223,10.782]]]]}},{"type":"Feature","properties":{"name":"Dvaravati","name_zh":"堕罗钵底","focus":false,"label":[99.59,13.39],"area":6.2,"color":"#8a6f9e"},"geometry":{"type":"MultiPolygon","coordinates":[[[[99.275,14.95],[99.4,14.925],[99.475,14.825],[99.675,14.85],[99.875,14.95],[100.025,14.975],[100.075,15.175],[100.25,15.175],[100.65,15.275],[100.725,15.225],[101.275,15.175],[101.375,15.1],[101.45,14.9],[101.425,14.7],[101.525,14.575],[101.5,14.45],[101.3,14.5],[101.25,14.425],[101.075,14.425],[100.95,14.225],[100.95,14.15],[100.675,13.875],[100.675,13.775],[100.8,13.6],[100.789,13.464],[100.477,13.508],[100.236,13.484],[100.19,13.466],[100.105,13.426],[100.017,13.353],[99.991,13.243],[100.051,13.171],[100.09,13.046],[99.982,12.771],[99.964,12.69],[100.006,12.355],[99.989,12.171],[99.93,12.047],[99.837,11.937],[99.799,11.749],[99.725,11.662],[99.635,11.478],[99.525,11.5],[99.55,11.725],[99.6,11.75],[99.55,12.225],[99.425,12.45],[99.4,12.625],[99.325,12.8],[99.225,12.9],[99.2,13.175],[99.125,13.275],[99.1,13.475],[98.95,13.5],[98.85,13.575],[98.85,13.825],[98.725,13.95],[98.7,14.075],[98.75,14.225],[98.675,14.275],[98.625,14.45],[98.475,14.575],[98.525,14.875],[98.75,15.075],[98.75,15.15],[98.8,15.15],[98.9,14.975],[99.225,15.025],[99.275,14.95]]],[[[98.75,9.65],[98.75,9.85],[98.925,10.025],[99.179,10.025],[99.169,9.934],[99.161,9.734],[99.191,9.627],[99.288,9.415],[99.265,9.353],[99.254,9.265],[99.335,9.225],[99.394,9.214],[99.724,9.314],[99.836,9.288],[99.878,9.195],[99.892,9.15],[99.875,9.15],[99.7,8.975],[99.7,8.875],[99.55,8.825],[99.475,8.925],[99.35,8.925],[99.05,8.775],[98.9,8.775],[98.825,8.7],[98.575,8.65],[98.4,8.4],[98.4,8.181],[98.365,8.186],[98.292,8.155],[98.192,8.373],[98.177,8.6],[98.302,9.05],[98.251,9.041],[98.258,9.095],[98.274,9.13],[98.301,9.139],[98.311,9.086],[98.395,9.388],[98.425,9.478],[98.425,9.475],[98.625,9.425],[98.675,9.6],[98.75,9.65]]],[[[98.322,8.166],[98.351,8.111],[98.4,8.096],[98.4,8.0],[98.276,8.0],[98.301,8.136],[98.322,8.166]]]]}},{"type":"Feature","properties":{"name":"Kingdom of Pagan","name_zh":"蒲甘","focus":false,"label":[98.12,16.04],"area":26.9,"color":"#7272a8"},"geometry":{"type":"MultiPolygon","coordinates":[[[[93.886,19.272],[93.962,19.329],[93.988,19.41],[93.992,19.447],[93.961,19.482],[93.888,19.504],[93.847,19.529],[93.875,19.55],[93.925,19.675],[94.125,19.75],[94.075,19.85],[94.05,20.075],[93.975,20.225],[93.975,20.425],[93.825,20.575],[93.825,20.7],[93.725,20.875],[93.75,21.15],[93.825,21.225],[93.75,21.3],[93.725,21.5],[93.55,21.725],[93.5,22.0],[93.55,22.025],[93.5,22.5],[93.55,22.55],[93.525,22.7],[93.55,23.275],[93.625,23.325],[93.7,23.175],[93.975,23.2],[94.3,23.2],[94.4,23.05],[94.4,22.95],[94.525,22.9],[94.85,22.9],[95.025,22.775],[95.2,22.775],[95.25,22.725],[95.7,22.725],[95.825,22.65],[95.95,22.65],[95.975,22.375],[96.025,22.35],[96.0,22.2],[96.075,22.225],[96.5,22.225],[96.5,22.05],[96.625,21.95],[96.7,21.825],[96.65,21.7],[96.675,21.55],[96.75,21.525],[96.675,21.2],[96.6,21.15],[96.75,20.775],[96.725,20.425],[96.8,20.325],[96.8,20.175],[96.9,19.875],[96.9,19.625],[96.975,19.425],[97.125,19.325],[97.175,19.05],[97.075,18.85],[97.125,18.55],[97.375,18.55],[97.425,18.475],[97.6,18.5],[97.75,18.575],[97.85,18.35],[98.0,18.35],[98.05,18.175],[98.05,18.0],[98.25,17.725],[98.25,17.575],[98.125,17.55],[98.0,17.35],[98.075,17.275],[98.15,17.0],[98.2,16.95],[98.325,16.575],[98.425,16.5],[98.475,16.25],[98.575,16.1],[98.675,16.075],[98.725,15.95],[98.8,15.95],[98.875,15.725],[98.85,15.425],[98.75,15.35],[98.775,15.15],[98.75,15.15],[98.75,15.075],[98.525,14.875],[98.475,14.575],[98.625,14.45],[98.675,14.275],[98.75,14.225],[98.7,14.075],[98.725,13.95],[98.85,13.825],[98.85,13.575],[98.95,13.5],[99.1,13.475],[99.125,13.275],[99.2,13.175],[99.225,12.9],[99.325,12.8],[99.4,12.625],[99.425,12.45],[99.55,12.225],[99.6,11.75],[99.55,11.725],[99.525,11.5],[99.635,11.478],[99.627,11.463],[99.561,11.215],[99.514,11.101],[99.487,10.89],[99.285,10.569],[99.237,10.388],[99.165,10.32],[99.19,10.266],[99.195,10.175],[99.179,10.025],[98.925,10.025],[98.75,9.85],[98.75,9.65],[98.675,9.6],[98.625,9.425],[98.425,9.475],[98.425,9.478],[98.632,10.1],[98.612,10.11],[98.563,10.035],[98.521,10.107],[98.503,10.165],[98.431,10.201],[98.397,10.563],[98.467,10.664],[98.465,10.676],[98.501,10.719],[98.509,10.724],[98.577,10.822],[98.599,10.864],[98.61,10.881],[98.733,11.412],[98.733,11.435],[98.746,11.521],[98.741,11.592],[98.787,11.659],[98.59,11.695],[98.588,11.822],[98.676,12.051],[98.669,12.107],[98.664,12.127],[98.666,12.134],[98.656,12.225],[98.631,12.225],[98.6,12.245],[98.619,12.3],[98.645,12.321],[98.632,12.428],[98.624,12.441],[98.629,12.452],[98.596,12.737],[98.485,13.111],[98.198,13.644],[98.163,13.735],[98.15,13.648],[98.111,13.713],[98.098,13.898],[98.094,13.913],[97.822,14.616],[97.64,15.956],[97.584,16.02],[97.609,16.144],[97.612,16.155],[97.585,16.355],[97.575,16.253],[97.537,16.24],[97.48,16.306],[97.469,16.461],[97.489,16.476],[97.351,16.527],[97.286,16.722],[97.267,16.743],[97.212,16.893],[97.199,16.957],[96.881,17.345],[96.877,17.344],[96.878,17.342],[96.91,17.305],[96.851,17.203],[96.909,17.031],[96.858,16.921],[96.811,16.778],[96.765,16.71],[96.622,16.564],[96.507,16.514],[96.462,16.509],[96.323,16.443],[96.293,16.41],[96.135,16.343],[96.118,16.346],[96.037,16.308],[96.032,16.285],[96.012,16.254],[95.763,16.169],[95.711,16.073],[95.679,15.977],[95.556,15.838],[95.39,15.723],[95.382,15.724],[95.329,15.677],[95.222,15.804],[95.221,15.872],[95.177,15.826],[95.078,15.839],[94.943,15.818],[94.937,15.837],[94.828,15.842],[94.82,15.852],[94.805,15.819],[94.784,15.794],[94.743,15.812],[94.733,15.823],[94.791,15.889],[94.753,15.937],[94.756,15.951],[94.662,15.904],[94.656,15.989],[94.651,16.065],[94.681,16.133],[94.68,16.164],[94.618,16.143],[94.619,16.141],[94.566,16.019],[94.477,15.946],[94.412,15.848],[94.388,15.994],[94.494,16.075],[94.517,16.11],[94.415,16.076],[94.304,15.948],[94.144,16.005],[94.143,16.215],[94.392,16.908],[94.464,17.264],[94.42,18.14],[94.124,18.827],[94.091,18.849],[94.07,18.893],[94.06,18.974],[93.977,19.167],[93.941,19.146],[93.968,18.995],[93.961,18.958],[93.929,18.9],[93.8,18.961],[93.705,19.027],[93.598,19.188],[93.574,19.23],[93.657,19.331],[93.728,19.267],[93.825,19.238],[93.886,19.272]]],[[[98.454,12.061],[98.466,12.084],[98.525,12.005],[98.61,11.957],[98.576,11.925],[98.516,11.905],[98.474,11.899],[98.454,12.061]]],[[[98.554,11.745],[98.528,11.539],[98.465,11.567],[98.435,11.567],[98.397,11.684],[98.4,11.715],[98.376,11.792],[98.524,11.805],[98.554,11.745]]],[[[98.527,11.087],[98.542,10.962],[98.519,10.959],[98.498,10.964],[98.477,10.98],[98.527,11.087]]],[[[98.436,12.571],[98.468,12.571],[98.459,12.474],[98.381,12.354],[98.334,12.336],[98.314,12.336],[98.331,12.511],[98.303,12.612],[98.312,12.678],[98.396,12.647],[98.414,12.598],[98.436,12.571]]],[[[93.875,19.481],[93.946,19.429],[93.947,19.408],[93.934,19.365],[93.902,19.332],[93.815,19.299],[93.756,19.326],[93.732,19.416],[93.729,19.418],[93.775,19.475],[93.802,19.495],[93.829,19.475],[93.875,19.481]]]]}},{"type":"Feature","properties":{"name":"Srivijaya Empire","name_zh":"","focus":false,"label":[100.14,6.96],"area":7.3,"color":"#b0805f"},"geometry":{"type":"MultiPolygon","coordinates":[[[[98.872,8.024],[98.789,8.06],[98.77,8.102],[98.544,8.264],[98.459,8.227],[98.421,8.178],[98.4,8.181],[98.4,8.4],[98.575,8.65],[98.825,8.7],[98.9,8.775],[99.05,8.775],[99.35,8.925],[99.475,8.925],[99.55,8.825],[99.7,8.875],[99.7,8.975],[99.875,9.15],[99.892,9.15],[99.905,9.113],[99.961,8.671],[99.99,8.589],[100.056,8.511],[100.06,8.507],[100.131,8.532],[100.154,8.444],[100.159,8.474],[100.163,8.508],[100.229,8.425],[100.279,8.269],[100.336,8.0],[100.271,8.0],[100.301,7.886],[100.344,7.44],[100.539,7.048],[100.614,6.978],[100.975,6.852],[101.217,6.802],[101.427,6.828],[101.559,6.739],[101.679,6.464],[102.089,6.143],[102.325,6.099],[102.802,5.56],[103.212,5.0],[100.393,5.0],[100.139,6.177],[100.221,6.52],[100.154,6.603],[99.969,6.507],[99.833,6.538],[99.663,6.71],[99.61,6.938],[99.639,7.065],[99.571,7.262],[99.468,7.338],[99.293,7.319],[99.024,7.871],[98.905,8.0],[98.895,8.01],[98.872,8.024]]],[[[98.599,8.0],[98.558,8.0],[98.529,8.109],[98.604,8.057],[98.599,8.0]]],[[[98.409,8.0],[98.4,8.0],[98.4,8.096],[98.435,8.086],[98.409,8.0]]],[[[95.74,5.468],[96.024,5.215],[96.187,5.145],[96.752,5.064],[97.384,5.18],[97.561,5.0],[95.293,5.0],[95.19,5.41],[95.283,5.55],[95.464,5.569],[95.74,5.468]]]]}},{"type":"Feature","properties":{"name":"Song","name_zh":"北宋","focus":true,"label":[110.37,30.04],"area":284.4},"geometry":{"type":"MultiPolygon","coordinates":[[[[100.0,28.425],[100.2,28.875],[100.4,28.975],[100.4,29.175],[100.325,29.25],[100.325,29.4],[100.6,29.35],[100.8,29.4],[100.975,29.225],[101.175,29.225],[101.375,29.325],[101.425,29.5],[101.525,29.55],[101.625,29.725],[101.625,29.975],[101.55,30.05],[101.55,30.225],[101.65,30.3],[101.675,30.425],[101.6,30.475],[101.575,30.625],[101.475,30.675],[101.45,30.975],[101.4,31.025],[101.4,31.25],[101.6,31.375],[101.75,31.3],[102.025,31.3],[101.95,31.075],[102.05,31.15],[102.275,31.2],[102.275,31.4],[102.475,31.575],[102.575,31.575],[102.6,31.7],[102.725,31.825],[102.575,31.975],[102.6,32.175],[102.725,32.3],[102.925,32.625],[103.125,32.7],[103.325,32.65],[103.5,32.775],[103.55,32.925],[103.475,32.975],[103.45,33.15],[103.35,33.175],[103.3,33.35],[103.1,33.55],[103.1,33.8],[103.05,33.9],[102.825,34.05],[102.775,34.275],[102.525,34.25],[102.4,34.325],[102.35,34.45],[102.2,34.45],[102.1,34.35],[102.0,34.375],[102.025,34.55],[101.95,34.65],[101.95,34.9],[101.725,35.025],[101.575,35.175],[101.55,35.5],[101.725,35.55],[101.8,35.85],[101.675,35.975],[101.65,36.1],[101.725,36.225],[101.675,36.325],[101.275,36.35],[101.3,36.8],[101.25,36.95],[101.25,37.275],[101.2,37.425],[101.025,37.475],[101.0,37.775],[100.975,37.775],[101.125,37.8],[101.425,37.75],[101.55,37.625],[101.85,37.525],[102.175,37.525],[102.325,37.425],[102.4,37.3],[102.55,37.25],[102.7,37.125],[102.95,37.225],[103.175,37.225],[103.25,37.175],[103.475,37.15],[103.675,37.375],[103.85,37.425],[104.225,37.45],[104.3,37.525],[104.525,37.4],[104.8,37.375],[105.05,37.475],[105.625,37.475],[105.8,37.55],[105.8,37.5],[106.0,37.425],[106.1,37.325],[106.1,37.2],[106.275,37.175],[106.275,37.3],[106.45,37.3],[106.6,37.45],[106.925,37.475],[107.075,37.425],[107.125,37.55],[107.325,37.55],[107.475,37.4],[107.625,37.325],[107.75,37.375],[107.95,37.375],[108.05,37.325],[108.575,37.3],[108.675,37.425],[108.8,37.425],[108.875,37.5],[109.2,37.525],[109.2,37.6],[109.325,37.8],[109.55,37.85],[109.575,38.025],[109.775,38.025],[109.825,37.975],[110.0,37.975],[110.125,37.9],[110.25,38.025],[110.275,38.2],[110.35,38.25],[110.475,38.525],[110.45,38.75],[110.575,38.875],[110.675,38.9],[110.675,39.775],[110.725,39.775],[110.95,39.925],[111.05,39.925],[111.15,39.75],[111.475,39.575],[111.7,39.575],[111.75,39.625],[111.95,39.625],[112.0,39.675],[112.125,39.625],[112.1,39.3],[112.4,39.275],[113.05,39.525],[113.125,39.35],[113.725,39.5],[113.925,39.7],[114.15,39.7],[114.275,39.8],[114.375,39.675],[114.675,39.65],[114.825,39.725],[114.975,39.9],[115.175,40.05],[115.575,40.05],[115.675,39.8],[115.975,39.8],[116.2,39.525],[116.325,39.425],[116.475,39.425],[116.55,39.35],[116.75,39.35],[116.85,39.225],[117.1,39.2],[117.225,39.075],[117.375,39.025],[117.65,39.0],[117.629,38.873],[117.617,38.853],[117.554,38.691],[117.558,38.625],[117.656,38.424],[117.767,38.312],[118.015,38.183],[118.543,38.095],[118.667,38.126],[118.8,38.127],[118.909,38.061],[118.95,38.0],[118.967,38.0],[119.028,37.904],[119.036,37.809],[119.038,37.777],[119.07,37.749],[119.089,37.701],[119.033,37.661],[118.991,37.641],[118.955,37.494],[118.954,37.4],[118.9,37.4],[118.95,37.225],[119.026,37.259],[119.112,37.201],[119.175,37.179],[119.175,37.125],[119.3,37.075],[119.31,37.136],[119.45,37.125],[119.637,37.143],[119.881,37.311],[119.883,37.351],[120.004,37.415],[120.169,37.576],[120.311,37.623],[120.287,37.656],[120.257,37.679],[120.285,37.692],[120.37,37.701],[120.75,37.834],[121.049,37.725],[121.22,37.6],[121.388,37.579],[121.505,37.515],[121.64,37.46],[121.816,37.457],[121.965,37.445],[122.01,37.496],[122.057,37.529],[122.11,37.522],[122.169,37.456],[122.338,37.405],[122.493,37.408],[122.602,37.426],[122.667,37.403],[122.573,37.318],[122.587,37.181],[122.516,37.138],[122.447,37.068],[122.487,37.022],[122.523,37.003],[122.52,36.947],[122.457,36.915],[122.341,36.832],[122.274,36.834],[122.266,36.838],[122.255,36.733],[121.846,36.86],[121.682,36.842],[121.67,36.836],[121.413,36.738],[121.144,36.66],[121.054,36.611],[120.99,36.598],[120.944,36.613],[120.855,36.584],[120.839,36.574],[120.883,36.539],[120.905,36.485],[120.896,36.444],[120.847,36.426],[120.776,36.456],[120.712,36.413],[120.682,36.341],[120.681,36.168],[120.638,36.13],[120.519,36.109],[120.509,36.104],[120.504,36.055],[120.281,35.989],[120.285,35.984],[120.219,35.935],[120.055,35.861],[120.027,35.799],[119.979,35.74],[119.912,35.693],[119.866,35.644],[119.811,35.618],[119.72,35.589],[119.608,35.47],[119.526,35.359],[119.43,35.301],[119.353,35.114],[119.216,35.012],[119.165,34.849],[119.201,34.748],[119.351,34.749],[119.427,34.714],[119.583,34.582],[119.725,34.517],[119.725,34.375],[119.9,34.4],[119.95,34.3],[120.075,34.35],[120.084,34.386],[120.201,34.326],[120.267,34.274],[120.291,34.229],[120.275,34.225],[120.275,34.075],[120.36,34.058],[120.426,33.866],[120.5,33.716],[120.505,33.638],[120.571,33.55],[120.55,33.525],[120.4,33.525],[120.5,33.375],[120.65,33.35],[120.669,33.376],[120.734,33.237],[120.871,33.017],[120.897,32.843],[120.853,32.764],[120.853,32.661],[120.99,32.567],[121.293,32.457],[121.342,32.425],[121.401,32.372],[121.404,32.206],[121.451,32.153],[121.491,32.121],[121.674,32.051],[121.751,31.993],[121.832,31.9],[121.856,31.816],[121.866,31.704],[121.764,31.7],[121.681,31.712],[121.612,31.743],[121.623,31.62],[121.808,31.552],[121.844,31.526],[121.863,31.492],[121.78,31.464],[121.52,31.55],[121.499,31.56],[121.347,31.489],[121.351,31.485],[121.661,31.32],[121.786,31.163],[121.834,31.062],[121.878,30.917],[121.769,30.87],[121.675,30.864],[121.635,30.858],[121.631,30.792],[121.568,30.71],[121.328,30.69],[121.185,30.643],[120.998,30.558],[120.938,30.47],[120.897,30.393],[120.821,30.355],[120.672,30.383],[120.608,30.346],[120.271,30.261],[120.353,30.247],[120.495,30.303],[120.633,30.133],[120.774,30.147],[120.862,30.187],[120.977,30.201],[121.159,30.302],[121.258,30.304],[121.341,30.282],[121.433,30.227],[121.678,29.979],[121.812,29.952],[121.944,29.894],[122.017,29.888],[122.083,29.87],[121.906,29.78],[121.677,29.584],[121.575,29.537],[121.506,29.485],[121.69,29.511],[121.822,29.605],[121.888,29.628],[121.941,29.606],[121.968,29.491],[121.918,29.135],[121.854,29.129],[121.791,29.226],[121.717,29.256],[121.656,29.236],[121.612,29.236],[121.549,29.097],[121.665,29.011],[121.68,28.953],[121.641,28.916],[121.54,28.932],[121.663,28.851],[121.63,28.768],[121.59,28.735],[121.519,28.714],[121.475,28.641],[121.538,28.521],[121.602,28.367],[121.61,28.292],[121.51,28.324],[121.355,28.23],[121.279,28.223],[121.259,28.182],[121.24,28.17],[121.251,28.145],[121.251,28.086],[121.164,28.063],[121.132,28.063],[121.134,28.135],[121.144,28.145],[121.065,28.22],[121.035,28.157],[120.959,28.037],[120.892,28.004],[120.815,28.013],[120.782,27.967],[120.833,27.938],[120.833,27.891],[120.685,27.745],[120.661,27.688],[120.665,27.639],[120.588,27.581],[120.629,27.482],[120.608,27.412],[120.54,27.318],[120.469,27.256],[120.385,27.156],[120.279,27.097],[120.139,26.886],[120.097,26.781],[120.087,26.672],[120.043,26.634],[119.968,26.586],[119.882,26.61],[119.879,26.683],[119.842,26.689],[119.836,26.705],[119.613,26.693],[119.624,26.676],[119.638,26.621],[119.726,26.609],[119.785,26.547],[119.831,26.45],[119.84,26.414],[119.876,26.371],[119.881,26.334],[119.797,26.3],[119.693,26.236],[119.567,26.127],[119.463,26.055],[119.445,26.055],[119.436,26.038],[119.444,25.972],[119.501,26.009],[119.619,26.004],[119.648,25.919],[119.617,25.823],[119.553,25.699],[119.539,25.591],[119.619,25.437],[119.622,25.391],[119.593,25.368],[119.499,25.409],[119.422,25.46],[119.344,25.446],[119.263,25.468],[119.18,25.45],[119.146,25.414],[119.169,25.356],[119.244,25.307],[119.286,25.232],[119.236,25.206],[119.025,25.223],[118.986,25.212],[118.927,25.089],[118.956,25.005],[118.909,24.929],[118.844,24.916],[118.812,24.849],[118.693,24.781],[118.719,24.746],[118.657,24.621],[118.56,24.58],[118.452,24.595],[118.361,24.486],[118.407,24.522],[118.451,24.456],[118.433,24.414],[118.295,24.436],[118.287,24.477],[118.328,24.471],[118.179,24.504],[118.183,24.496],[118.15,24.436],[118.091,24.446],[118.089,24.489],[118.077,24.501],[118.086,24.525],[118.012,24.541],[118.006,24.482],[117.935,24.474],[117.897,24.48],[117.845,24.475],[117.843,24.472],[117.848,24.432],[117.879,24.396],[118.024,24.38],[118.051,24.327],[118.056,24.246],[117.904,24.106],[117.839,24.012],[117.807,24.013],[117.647,23.884],[117.628,23.837],[117.601,23.848],[117.462,23.736],[117.417,23.621],[117.368,23.589],[117.347,23.636],[117.339,23.67],[117.19,23.625],[117.148,23.599],[117.083,23.579],[117.071,23.589],[116.962,23.556],[116.867,23.477],[116.861,23.453],[116.76,23.383],[116.745,23.376],[116.709,23.346],[116.672,23.332],[116.682,23.327],[116.699,23.278],[116.669,23.228],[116.586,23.218],[116.538,23.18],[116.52,23.007],[116.471,22.946],[116.365,22.942],[116.34,22.913],[116.012,22.86],[115.852,22.802],[115.836,22.805],[115.706,22.638],[115.464,22.719],[115.383,22.719],[115.301,22.769],[115.185,22.745],[115.043,22.599],[114.847,22.51],[114.558,22.464],[114.552,22.529],[114.496,22.527],[114.42,22.583],[114.341,22.593],[114.266,22.541],[114.291,22.499],[114.285,22.458],[114.325,22.437],[114.335,22.396],[114.291,22.374],[114.288,22.325],[114.268,22.296],[114.139,22.348],[114.033,22.376],[113.937,22.365],[113.903,22.396],[113.896,22.428],[114.007,22.484],[114.015,22.512],[113.949,22.527],[113.845,22.463],[113.716,22.482],[113.462,22.773],[113.444,22.747],[113.45,22.726],[113.485,22.692],[113.499,22.672],[113.475,22.575],[113.549,22.6],[113.553,22.594],[113.551,22.404],[113.589,22.35],[113.576,22.297],[113.548,22.223],[113.499,22.202],[113.416,22.178],[113.377,22.168],[113.377,22.163],[113.283,22.03],[113.096,21.979],[112.994,22.016],[112.984,21.938],[112.954,21.907],[112.904,21.881],[112.839,21.925],[112.815,21.826],[112.749,21.756],[112.039,21.659],[111.885,21.73],[111.873,21.717],[111.825,21.71],[111.776,21.719],[111.712,21.655],[111.682,21.608],[111.603,21.559],[111.596,21.558],[111.536,21.493],[111.434,21.461],[111.085,21.479],[111.003,21.454],[110.997,21.43],[110.878,21.396],[110.784,21.388],[110.766,21.382],[110.652,21.279],[110.567,21.214],[110.504,21.207],[110.458,21.231],[110.454,21.247],[110.399,21.256],[110.397,21.248],[110.375,21.172],[110.331,21.131],[110.194,21.038],[110.154,20.945],[110.18,20.859],[110.365,20.838],[110.388,20.791],[110.371,20.752],[110.326,20.72],[110.313,20.672],[110.512,20.518],[110.518,20.46],[110.487,20.427],[110.45,20.355],[110.345,20.295],[110.123,20.264],[110.068,20.273],[109.928,20.244],[109.711,20.568],[109.602,20.879],[109.608,21.057],[109.786,21.406],[109.779,21.482],[109.537,21.587],[109.544,21.538],[109.436,21.479],[109.347,21.454],[109.336,21.453],[109.321,21.431],[109.117,21.399],[108.813,21.493],[108.554,21.823],[108.485,21.793],[108.493,21.739],[108.526,21.671],[108.502,21.633],[108.444,21.607],[108.42,21.636],[108.387,21.53],[108.265,21.473],[107.9,21.479],[107.867,21.459],[107.75,21.6],[107.575,21.675],[107.325,21.675],[107.3,21.825],[107.15,21.925],[106.95,22.175],[106.75,22.15],[106.65,22.4],[106.4,22.55],[106.325,22.65],[106.175,22.725],[106.25,22.825],[106.25,23.325],[106.175,23.375],[105.975,23.375],[105.875,23.5],[105.75,23.575],[105.7,23.725],[105.6,23.75],[105.6,23.85],[105.725,23.975],[105.725,24.175],[105.775,24.275],[105.625,24.35],[105.45,24.375],[105.425,24.55],[105.575,24.575],[105.7,24.775],[105.575,24.8],[105.6,25.0],[105.55,25.05],[105.5,25.375],[105.425,25.425],[105.45,25.575],[105.275,25.675],[105.35,26.075],[105.275,26.15],[105.3,26.3],[105.15,26.525],[105.025,26.6],[104.7,26.575],[104.625,26.725],[104.2,26.675],[104.3,26.5],[104.175,26.4],[103.95,26.15],[103.675,26.15],[103.575,26.25],[103.325,26.2],[103.325,26.35],[103.25,26.45],[103.225,26.625],[103.1,26.625],[103.0,26.475],[103.0,26.375],[102.775,26.425],[102.75,26.325],[102.625,26.275],[102.625,26.35],[102.325,26.275],[102.275,26.375],[102.15,26.375],[101.95,26.275],[101.95,26.425],[101.8,26.625],[101.525,26.625],[101.45,26.7],[101.225,26.75],[100.9,26.775],[100.9,27.025],[101.0,27.1],[100.95,27.2],[100.95,27.375],[100.675,27.4],[100.55,27.35],[100.425,27.825],[100.275,27.825],[100.25,27.65],[100.175,27.675],[99.825,27.675],[99.85,27.875],[99.9,27.925],[99.925,28.35],[100.0,28.425]],[[120.35,33.55],[120.35,33.625],[120.275,33.6],[120.35,33.55]],[[120.15,36.176],[120.117,36.15],[120.094,36.119],[120.181,36.017],[120.254,36.009],[120.15,36.176]],[[120.229,30.25],[120.235,30.252],[120.226,30.25],[120.221,30.248],[120.229,30.25]]],[[[122.404,29.892],[122.394,29.846],[122.368,29.853],[122.332,29.935],[122.351,29.955],[122.402,29.95],[122.404,29.892]]],[[[121.969,30.143],[122.111,30.14],[122.284,30.068],[122.322,30.031],[122.296,29.963],[122.282,29.944],[122.158,30.001],[122.024,30.013],[121.978,30.064],[121.969,30.143]]],[[[119.797,25.623],[119.829,25.607],[119.838,25.591],[119.839,25.56],[119.809,25.508],[119.832,25.48],[119.821,25.457],[119.747,25.411],[119.7,25.433],[119.699,25.495],[119.723,25.551],[119.696,25.591],[119.723,25.639],[119.778,25.653],[119.797,25.623]]],[[[114.139,22.268],[114.134,22.292],[114.187,22.297],[114.247,22.264],[114.244,22.234],[114.232,22.211],[114.207,22.195],[114.139,22.268]]],[[[113.839,22.242],[113.882,22.28],[114.044,22.333],[114.003,22.278],[113.998,22.21],[113.877,22.21],[113.852,22.22],[113.839,22.242]]],[[[112.771,21.582],[112.742,21.618],[112.733,21.67],[112.713,21.698],[112.761,21.733],[112.782,21.772],[112.839,21.765],[112.863,21.753],[112.813,21.712],[112.801,21.695],[112.79,21.602],[112.771,21.582]]],[[[112.648,21.71],[112.644,21.64],[112.546,21.619],[112.525,21.623],[112.559,21.675],[112.648,21.71]]],[[[110.522,21.083],[110.54,21.039],[110.539,21.018],[110.504,20.968],[110.422,21.007],[110.34,20.998],[110.281,21.001],[110.265,21.025],[110.31,21.075],[110.385,21.093],[110.422,21.059],[110.522,21.083]]]]}}],"snapped":true}