{"type":"FeatureCollection","features":[{"type":"Feature","properties":{"focus":false,"kind":"state","approx":true,"color":"#8a6f9e","name":"Tuyuhun","name_zh":"吐谷浑","label":[98.92,35.5],"area":29.3},"geometry":{"type":"Polygon","coordinates":[[[97.6,38.35],[97.8,38.35],[97.925,38.3],[98.225,38.3],[98.45,38.35],[98.65,38.25],[99.025,38.3],[99.175,38.175],[99.4,38.175],[99.475,38.025],[99.625,37.9],[99.875,37.9],[100.1,37.95],[100.225,37.825],[100.65,37.85],[101.15,37.725],[101.425,37.725],[101.6,37.575],[101.85,37.5],[102.125,37.525],[102.225,37.4],[102.15,37.125],[102.275,36.95],[102.325,36.775],[102.325,36.45],[102.275,36.225],[102.55,36.15],[102.625,36.025],[102.5,35.875],[102.25,35.875],[102.0,35.825],[101.875,35.75],[101.8,35.475],[101.575,35.475],[101.6,35.2],[101.825,35.125],[101.925,35.0],[101.9,34.75],[101.825,34.75],[101.7,34.5],[101.7,34.375],[101.875,34.25],[101.95,34.1],[102.1,34.1],[102.175,33.95],[102.275,33.875],[102.325,33.65],[102.475,33.55],[102.475,33.425],[102.25,33.375],[102.3,33.125],[102.375,33.025],[102.375,32.8],[102.325,32.8],[102.175,32.775],[102.075,32.9],[101.9,32.95],[101.775,33.075],[101.575,33.1],[101.45,33.025],[101.3,33.225],[101.125,33.175],[100.975,33.2],[100.75,33.4],[100.525,33.375],[100.5,33.325],[100.35,33.375],[100.3,33.3],[99.95,33.3],[99.775,33.25],[99.7,33.175],[99.525,33.175],[99.5,33.225],[99.275,33.225],[99.2,33.325],[99.1,33.325],[98.925,33.2],[98.65,33.225],[98.375,33.0],[98.225,33.075],[98.075,32.975],[98.075,32.75],[97.9,32.75],[97.675,32.925],[97.675,33.175],[97.75,33.325],[97.675,33.375],[97.35,33.375],[97.3,33.475],[97.125,33.475],[97.025,33.55],[96.675,33.575],[96.625,33.65],[96.45,33.7],[96.35,33.8],[96.225,33.8],[96.1,34.0],[96.1,34.2],[96.05,34.2],[96.075,34.425],[96.175,34.55],[95.9,34.875],[95.75,35.125],[95.675,35.15],[95.725,35.425],[96.075,35.425],[96.125,35.65],[96.05,35.775],[95.775,35.85],[95.8,35.975],[95.8,36.4],[95.875,36.575],[95.875,37.125],[95.85,37.2],[95.975,37.225],[95.975,37.475],[96.125,37.55],[96.225,37.825],[96.275,37.85],[96.425,38.2],[96.825,38.275],[97.25,38.275],[97.525,38.3],[97.6,38.35]]]}},{"type":"Feature","properties":{"name":"Simhala","name_zh":"","focus":false,"color":"#6f9460","label":[80.73,7.62],"area":5.3},"geometry":{"type":"MultiPolygon","coordinates":[[[[79.708,8.066],[79.713,8.182],[79.75,8.294],[79.75,8.049],[79.783,8.018],[79.809,8.05],[79.817,8.142],[79.724,8.415],[79.805,8.645],[79.674,8.804],[79.705,8.929],[79.896,8.923],[80.05,9.112],[80.076,9.278],[80.117,9.347],[80.111,9.453],[80.086,9.578],[80.145,9.557],[80.123,9.636],[80.046,9.65],[79.979,9.699],[79.954,9.742],[79.967,9.793],[79.982,9.813],[80.078,9.807],[80.181,9.81],[80.253,9.796],[80.376,9.642],[80.711,9.366],[80.893,9.086],[80.91,9.025],[80.935,8.971],[80.979,8.957],[81.016,8.933],[81.198,8.662],[81.219,8.608],[81.216,8.549],[81.227,8.506],[81.275,8.484],[81.334,8.472],[81.373,8.431],[81.422,8.215],[81.422,8.148],[81.436,8.119],[81.517,8.0],[81.419,8.0],[81.445,7.928],[81.803,7.312],[81.865,7.083],[81.778,6.753],[81.598,6.448],[81.201,6.079],[80.85,5.951],[80.341,5.969],[80.222,6.058],[80.127,6.215],[79.854,7.061],[79.833,8.0],[79.721,8.0],[79.708,8.066]],[[80.428,9.481],[80.385,9.549],[80.258,9.611],[80.174,9.627],[80.344,9.473],[80.368,9.48],[80.428,9.481]]],[[[79.97,9.631],[79.907,9.62],[79.857,9.686],[79.846,9.715],[79.859,9.734],[79.872,9.744],[79.888,9.741],[79.912,9.679],[79.97,9.631]]],[[[79.875,9.051],[79.904,8.975],[79.821,9.027],[79.767,9.07],[79.748,9.105],[79.86,9.066],[79.875,9.051]]]]}},{"type":"Feature","properties":{"name":"Paekche","name_zh":"百济","focus":false,"color":"#7d6b5a","label":[127.3,36.03],"area":4.5},"geometry":{"type":"MultiPolygon","coordinates":[[[[127.1,37.5],[127.35,37.525],[127.475,37.5],[127.6,37.35],[127.75,37.375],[127.875,37.2],[127.95,37.2],[127.95,37.075],[128.025,36.975],[128.175,36.975],[128.2,36.85],[128.075,36.8],[127.95,36.65],[127.975,36.525],[128.075,36.45],[128.05,36.1],[127.9,36.0],[127.875,35.85],[127.925,35.8],[127.925,35.55],[127.975,35.45],[127.875,35.325],[127.75,35.25],[127.925,35.125],[127.925,35.05],[128.05,34.95],[128.225,34.95],[128.267,34.897],[128.164,34.799],[128.156,34.916],[128.155,34.916],[128.163,34.799],[128.061,34.819],[128.066,34.806],[128.055,34.708],[127.984,34.703],[127.942,34.766],[127.897,34.735],[127.873,34.735],[127.838,34.813],[127.832,34.875],[127.883,34.903],[127.838,34.936],[127.645,34.901],[127.639,34.89],[127.663,34.843],[127.742,34.783],[127.715,34.721],[127.632,34.69],[127.565,34.766],[127.524,34.84],[127.477,34.844],[127.438,34.833],[127.404,34.82],[127.39,34.743],[127.423,34.688],[127.479,34.625],[127.401,34.553],[127.381,34.501],[127.325,34.463],[127.173,34.546],[127.195,34.605],[127.261,34.662],[127.269,34.72],[127.26,34.734],[126.971,34.532],[126.897,34.439],[126.85,34.447],[126.823,34.428],[126.617,34.408],[126.611,34.404],[126.584,34.318],[126.531,34.314],[126.515,34.34],[126.409,34.269],[126.38,34.498],[126.372,34.564],[126.333,34.59],[126.264,34.673],[126.301,34.72],[126.348,34.71],[126.225,35.162],[126.3,35.366],[126.521,35.575],[126.521,35.599],[126.487,35.606],[126.488,35.647],[126.523,35.661],[126.524,35.736],[126.621,35.928],[126.436,36.131],[126.387,36.439],[126.338,36.471],[126.319,36.613],[126.363,36.585],[126.357,36.624],[125.96,36.722],[126.21,36.859],[126.217,36.871],[126.352,36.958],[126.429,36.969],[126.487,37.007],[126.578,37.02],[126.687,36.96],[126.784,36.948],[126.789,36.939],[126.796,36.945],[126.784,37.074],[126.654,37.226],[126.75,37.25],[126.875,37.35],[127.025,37.4],[127.1,37.5]]],[[[127.799,34.615],[127.788,34.584],[127.737,34.631],[127.787,34.682],[127.799,34.615]]],[[[126.652,34.39],[126.7,34.396],[126.753,34.344],[126.77,34.296],[126.689,34.305],[126.646,34.351],[126.652,34.39]]],[[[126.109,34.399],[126.123,34.444],[126.227,34.533],[126.247,34.563],[126.344,34.545],[126.38,34.498],[126.335,34.426],[126.234,34.371],[126.17,34.355],[126.134,34.39],[126.109,34.399]]],[[[126.169,34.83],[126.172,34.731],[126.159,34.707],[126.115,34.714],[126.071,34.783],[126.052,34.838],[126.008,34.867],[126.078,34.915],[126.169,34.83]]]]}},{"type":"Feature","properties":{"name":"Silla","name_zh":"新罗","focus":false,"color":"#5f87a3","label":[128.58,36.78],"area":8.7},"geometry":{"type":"MultiPolygon","coordinates":[[[[125.9,38.775],[126.225,38.775],[126.325,38.875],[126.425,38.875],[126.525,39.025],[126.775,39.15],[126.8,39.325],[126.9,39.325],[127.225,39.075],[127.3,38.9],[127.5,38.8],[127.775,38.825],[127.95,38.7],[128.1,38.675],[128.2,38.525],[128.375,38.525],[128.45,38.475],[128.453,38.479],[128.619,38.176],[128.852,37.887],[129.052,37.678],[129.335,37.275],[129.418,37.059],[129.426,36.926],[129.473,36.742],[129.433,36.637],[129.445,36.471],[129.427,36.385],[129.393,36.323],[129.391,36.202],[129.402,36.138],[129.404,36.052],[129.426,36.019],[129.458,36.006],[129.51,36.038],[129.573,36.051],[129.562,35.948],[129.485,35.687],[129.419,35.498],[129.329,35.333],[129.214,35.182],[129.077,35.123],[128.98,35.102],[128.972,35.101],[128.916,35.029],[128.808,35.01],[128.546,35.102],[128.455,35.066],[128.419,35.016],[128.448,34.932],[128.444,34.87],[128.388,34.875],[128.28,34.91],[128.267,34.897],[128.225,34.95],[128.05,34.95],[127.925,35.05],[127.925,35.125],[127.75,35.25],[127.875,35.325],[127.975,35.45],[127.925,35.55],[127.925,35.8],[127.875,35.85],[127.9,36.0],[128.05,36.1],[128.075,36.45],[127.975,36.525],[127.95,36.65],[128.075,36.8],[128.2,36.85],[128.175,36.975],[128.025,36.975],[127.95,37.075],[127.95,37.2],[127.875,37.2],[127.75,37.375],[127.6,37.35],[127.475,37.5],[127.35,37.525],[127.1,37.5],[127.025,37.4],[126.875,37.35],[126.75,37.25],[126.654,37.226],[126.442,37.474],[126.391,37.613],[126.655,37.529],[126.655,37.53],[126.391,37.614],[126.212,37.748],[125.909,37.511],[125.741,37.781],[125.591,37.825],[125.582,37.815],[125.521,37.776],[125.269,37.484],[125.074,37.77],[124.769,37.935],[124.697,38.127],[124.691,38.129],[124.696,38.132],[124.693,38.139],[124.736,38.278],[124.928,38.463],[124.971,38.476],[124.974,38.48],[125.067,38.557],[125.284,38.654],[125.293,38.687],[125.495,38.724],[125.493,38.725],[125.293,38.688],[125.066,38.797],[125.075,38.825],[125.4,38.875],[125.725,38.875],[125.9,38.775]]],[[[128.489,34.865],[128.586,34.932],[128.668,35.009],[128.722,35.014],[128.741,34.799],[128.647,34.737],[128.52,34.82],[128.489,34.865]]],[[[124.755,37.97],[124.754,37.955],[124.74,37.947],[124.717,37.933],[124.697,37.92],[124.656,37.925],[124.625,37.945],[124.636,37.981],[124.661,37.973],[124.717,37.989],[124.745,37.981],[124.755,37.97]]]]}},{"type":"Feature","properties":{"name":"Champa","name_zh":"林邑","focus":false,"color":"#9a8a4a","label":[108.42,13.32],"area":7.7},"geometry":{"type":"Polygon","coordinates":[[[107.12,17.056],[107.18,16.898],[107.355,16.794],[107.549,16.643],[107.541,16.609],[107.593,16.568],[107.724,16.488],[107.803,16.403],[107.834,16.322],[107.882,16.31],[107.936,16.329],[107.991,16.337],[108.029,16.331],[108.082,16.251],[108.095,16.25],[108.15,16.182],[108.17,16.164],[108.178,16.149],[108.222,16.095],[108.241,16.101],[108.267,16.09],[108.274,16.029],[108.286,15.989],[108.395,15.872],[108.447,15.763],[108.578,15.585],[108.674,15.484],[108.743,15.427],[108.821,15.378],[108.898,15.181],[108.94,15.001],[109.022,14.803],[109.085,14.716],[109.087,14.553],[109.137,14.384],[109.191,14.27],[109.207,14.154],[109.224,14.097],[109.245,14.053],[109.303,13.856],[109.288,13.765],[109.247,13.855],[109.252,13.591],[109.288,13.451],[109.272,13.279],[109.31,13.219],[109.377,13.025],[109.424,12.956],[109.42,12.719],[109.445,12.6],[109.381,12.671],[109.336,12.752],[109.274,12.709],[109.219,12.646],[109.305,12.391],[109.207,12.415],[109.216,12.073],[109.256,11.993],[109.259,11.955],[109.247,11.909],[109.22,11.959],[109.215,12.01],[109.199,11.999],[109.2,11.972],[109.167,11.912],[109.158,11.837],[109.193,11.773],[109.199,11.725],[109.173,11.665],[109.133,11.601],[109.047,11.593],[109.037,11.577],[109.018,11.468],[108.987,11.336],[108.876,11.322],[108.694,11.145],[108.439,11.058],[108.419,11.041],[108.354,10.994],[108.275,11.025],[108.125,11.175],[107.975,11.15],[107.85,11.3],[107.775,11.325],[107.775,11.55],[107.825,11.825],[107.875,11.875],[107.825,12.075],[107.725,12.2],[107.725,12.3],[107.825,12.375],[107.925,12.575],[107.925,12.725],[107.775,12.925],[107.575,13.0],[107.575,13.075],[107.425,13.2],[107.425,13.475],[107.475,13.525],[107.525,13.75],[107.625,13.875],[107.8,13.95],[107.975,13.95],[107.975,14.075],[107.8,14.125],[107.8,14.25],[107.725,14.325],[107.75,14.7],[107.8,14.75],[107.8,15.05],[107.6,15.075],[107.55,15.3],[107.425,15.4],[107.2,15.45],[107.15,15.625],[107.175,16.025],[107.05,16.1],[107.025,16.225],[106.9,16.325],[106.9,16.475],[106.8,16.575],[106.725,16.75],[106.875,16.8],[107.075,17.0],[107.099,17.073],[107.12,17.056]]]}},{"type":"Feature","properties":{"name":"Yamato","name_zh":"倭","focus":false,"color":"#7d6b5a","label":[134.35,34.82],"area":14.9},"geometry":{"type":"MultiPolygon","coordinates":[[[[137.1,36.05],[137.35,36.05],[137.5,35.95],[137.625,35.8],[137.775,35.775],[137.775,35.675],[137.675,35.6],[137.625,35.425],[137.45,35.225],[137.375,35.075],[137.225,34.95],[137.15,34.825],[137.15,34.766],[137.097,34.759],[137.032,34.766],[137.006,34.814],[136.963,34.835],[136.935,34.815],[136.944,34.722],[136.913,34.709],[136.871,34.733],[136.885,34.806],[136.856,34.913],[136.853,34.979],[136.897,35.036],[136.852,35.06],[136.804,35.05],[136.744,35.023],[136.69,34.984],[136.688,34.981],[136.732,34.874],[136.615,34.757],[136.566,34.642],[136.616,34.589],[136.842,34.464],[136.88,34.434],[136.881,34.38],[136.854,34.324],[136.819,34.31],[136.897,34.257],[136.765,34.169],[136.394,34.111],[136.217,34.012],[136.073,33.778],[135.916,33.562],[135.898,33.556],[135.754,33.342],[135.062,33.69],[134.969,34.133],[135.113,34.25],[135.1,34.288],[135.132,34.317],[135.252,34.374],[135.313,34.465],[135.285,34.593],[135.208,34.616],[134.934,34.54],[134.425,34.626],[133.824,34.385],[133.585,34.441],[133.183,34.327],[133.142,34.302],[133.116,34.308],[132.552,34.149],[132.56,34.127],[132.578,34.115],[132.549,34.075],[132.461,34.087],[132.496,34.122],[132.505,34.136],[132.481,34.129],[132.384,34.266],[132.276,34.276],[132.238,34.227],[132.202,34.032],[132.159,33.944],[132.146,33.839],[132.09,33.855],[131.995,33.911],[131.993,33.804],[131.652,33.91],[130.899,33.903],[130.779,33.966],[130.891,34.243],[130.889,34.262],[130.904,34.3],[130.952,34.35],[131.004,34.393],[131.132,34.407],[131.262,34.393],[131.354,34.413],[131.433,34.47],[131.515,34.55],[131.608,34.615],[131.734,34.667],[131.856,34.726],[131.963,34.809],[132.065,34.9],[132.158,34.967],[132.259,35.022],[132.662,35.379],[132.671,35.381],[132.698,35.418],[132.747,35.449],[132.923,35.511],[133.157,35.559],[133.267,35.557],[133.376,35.459],[133.435,35.472],[133.495,35.497],[133.615,35.511],[133.739,35.495],[133.86,35.495],[133.981,35.507],[134.214,35.539],[134.337,35.578],[134.456,35.628],[134.882,35.663],[135.174,35.747],[135.221,35.741],[135.265,35.722],[135.269,35.66],[135.232,35.592],[135.268,35.551],[135.327,35.526],[135.602,35.518],[135.68,35.503],[135.795,35.55],[135.903,35.607],[135.927,35.623],[135.977,35.971],[136.019,36.018],[136.067,36.117],[136.156,36.223],[136.262,36.288],[136.359,36.362],[136.458,36.467],[136.575,36.3],[136.775,36.15],[136.975,36.15],[137.1,36.05]]],[[[134.824,34.203],[134.731,34.209],[134.683,34.247],[134.668,34.294],[134.757,34.368],[134.834,34.473],[134.904,34.519],[134.961,34.545],[135.005,34.544],[134.905,34.398],[134.933,34.288],[134.824,34.203]]],[[[134.739,33.821],[134.549,33.729],[134.546,33.728],[134.518,33.65],[134.207,33.35],[134.206,33.347],[134.182,33.247],[134.134,33.28],[133.997,33.148],[133.721,33.376],[133.516,33.393],[133.263,33.306],[133.24,33.25],[133.146,33.083],[133.101,33.028],[133.074,33.02],[132.969,32.765],[132.9,32.669],[132.698,32.548],[132.467,32.757],[132.341,33.105],[132.121,33.346],[132.179,33.377],[132.086,33.34],[132.033,33.34],[132.114,33.395],[132.288,33.47],[132.366,33.512],[132.536,33.633],[132.556,33.644],[132.706,33.816],[132.716,33.852],[132.752,33.906],[132.784,33.992],[132.839,34.021],[132.935,34.095],[132.99,34.088],[133.051,33.997],[133.134,33.927],[133.193,33.933],[133.299,33.969],[133.35,33.977],[133.472,33.973],[133.582,34.017],[133.627,34.069],[133.643,34.135],[133.603,34.244],[133.656,34.233],[133.706,34.237],[133.826,34.307],[133.948,34.348],[134.076,34.358],[134.219,34.319],[134.357,34.256],[134.496,34.215],[134.638,34.227],[134.635,34.044],[134.655,33.983],[134.66,33.976],[134.65,33.95],[134.67,33.963],[134.695,33.928],[134.675,33.848],[134.739,33.821]]],[[[134.188,34.496],[134.182,34.519],[134.326,34.534],[134.372,34.522],[134.352,34.484],[134.333,34.464],[134.315,34.469],[134.252,34.423],[134.238,34.467],[134.188,34.496]]],[[[132.267,33.871],[132.209,33.873],[132.201,33.928],[132.208,33.948],[132.266,33.945],[132.315,33.909],[132.403,33.92],[132.419,33.888],[132.411,33.88],[132.36,33.847],[132.267,33.871]]],[[[131.937,33.01],[131.91,32.974],[132.009,32.919],[132.002,32.882],[131.977,32.844],[131.732,32.593],[131.66,32.466],[131.61,32.325],[131.565,32.223],[131.531,32.117],[131.506,32.002],[131.46,31.883],[131.475,31.778],[131.46,31.671],[131.337,31.405],[131.25,31.41],[131.249,31.41],[131.209,31.352],[131.089,31.275],[131.098,31.256],[130.902,31.112],[130.901,31.112],[130.743,30.887],[130.579,30.906],[130.554,30.968],[130.674,31.211],[130.716,31.482],[130.581,31.525],[130.536,31.489],[130.528,31.46],[130.54,31.403],[130.566,31.352],[130.645,31.267],[130.621,31.218],[130.589,31.179],[130.406,31.237],[130.403,31.229],[130.231,31.026],[130.086,31.121],[130.06,31.215],[130.165,31.369],[130.147,31.408],[130.202,31.422],[130.204,31.425],[130.218,31.556],[130.058,31.971],[130.195,32.082],[130.194,32.091],[130.214,32.115],[130.246,32.124],[130.441,32.282],[130.491,32.563],[130.361,32.756],[130.34,32.702],[130.298,32.675],[130.246,32.677],[130.193,32.706],[130.152,32.748],[130.054,32.771],[129.953,32.723],[129.844,32.587],[129.816,32.6],[129.769,32.571],[129.79,32.611],[129.733,32.637],[129.63,32.864],[129.46,32.986],[129.343,33.15],[129.376,33.176],[129.37,33.176],[129.417,33.231],[129.423,33.257],[129.462,33.331],[129.538,33.358],[129.57,33.361],[129.508,33.284],[129.507,33.279],[129.528,33.296],[129.595,33.289],[129.61,33.344],[129.66,33.365],[129.702,33.36],[129.844,33.322],[129.858,33.375],[129.837,33.404],[129.826,33.437],[129.919,33.483],[130.072,33.522],[130.103,33.54],[130.131,33.578],[130.168,33.598],[130.275,33.598],[130.365,33.634],[130.439,33.734],[130.457,33.789],[130.484,33.835],[130.67,33.915],[130.716,33.928],[130.84,33.918],[130.953,33.872],[131.009,33.776],[131.058,33.673],[131.175,33.603],[131.309,33.573],[131.366,33.571],[131.419,33.584],[131.499,33.624],[131.583,33.652],[131.643,33.638],[131.696,33.603],[131.724,33.554],[131.711,33.502],[131.619,33.395],[131.668,33.308],[131.616,33.264],[131.717,33.252],[131.897,33.255],[131.855,33.182],[131.848,33.118],[131.903,33.088],[131.949,33.047],[131.937,33.01]],[[130.175,32.851],[130.222,32.847],[130.28,32.867],[130.288,32.865],[130.259,32.907],[130.169,32.92],[130.175,32.851]]],[[[130.256,32.431],[130.242,32.463],[130.365,32.527],[130.461,32.516],[130.419,32.458],[130.381,32.424],[130.293,32.419],[130.256,32.431]]],[[[130.083,32.23],[130.004,32.194],[129.993,32.228],[129.96,32.244],[130.017,32.292],[130.015,32.314],[129.979,32.346],[130.021,32.469],[130.01,32.522],[130.168,32.541],[130.197,32.492],[130.2,32.341],[130.083,32.23]]]]}},{"type":"Feature","properties":{"name":"Koguryo","name_zh":"高句丽","focus":false,"color":"#a07d5a","label":[126.97,40.98],"area":16.5},"geometry":{"type":"MultiPolygon","coordinates":[[[[123.175,40.575],[123.2,40.725],[123.35,40.725],[123.5,40.825],[123.75,40.9],[123.975,41.125],[124.25,41.125],[124.4,41.275],[124.425,41.6],[124.55,41.675],[124.625,41.875],[124.925,41.9],[125.0,42.05],[125.125,42.05],[125.25,42.2],[125.425,42.175],[125.5,42.3],[125.6,42.325],[125.8,42.55],[125.875,42.575],[126.225,42.575],[126.35,42.7],[126.375,42.85],[126.45,42.975],[126.425,43.25],[126.575,43.3],[126.7,43.4],[126.725,43.35],[127.075,43.375],[127.1,43.275],[127.0,43.15],[127.125,43.1],[127.5,43.1],[127.625,42.95],[127.825,42.85],[127.875,42.7],[128.15,42.575],[128.1,42.4],[128.125,41.975],[128.4,41.95],[128.5,41.85],[128.75,41.85],[128.925,41.725],[128.95,41.625],[129.05,41.575],[129.175,41.425],[129.15,41.275],[129.325,41.1],[129.65,40.975],[129.725,40.9],[129.727,40.899],[129.709,40.857],[129.502,40.784],[129.476,40.682],[129.226,40.637],[129.11,40.491],[128.945,40.428],[128.843,40.358],[128.815,40.35],[128.446,40.065],[128.236,39.969],[127.931,39.955],[127.923,39.952],[127.867,39.896],[127.606,39.796],[127.545,39.732],[127.527,39.696],[127.547,39.563],[127.549,39.461],[127.523,39.377],[127.457,39.401],[127.422,39.374],[127.383,39.296],[127.395,39.208],[127.497,39.179],[127.581,39.143],[127.699,39.125],[127.786,39.084],[127.972,38.898],[128.123,38.816],[128.163,38.786],[128.249,38.745],[128.329,38.681],[128.375,38.623],[128.453,38.479],[128.45,38.475],[128.375,38.525],[128.2,38.525],[128.1,38.675],[127.95,38.7],[127.775,38.825],[127.5,38.8],[127.3,38.9],[127.225,39.075],[126.9,39.325],[126.8,39.325],[126.775,39.15],[126.525,39.025],[126.425,38.875],[126.325,38.875],[126.225,38.775],[125.9,38.775],[125.725,38.875],[125.4,38.875],[125.075,38.825],[125.066,38.797],[125.027,38.815],[125.292,39.356],[125.207,39.482],[124.92,39.617],[124.688,39.604],[124.547,39.541],[124.442,39.572],[124.208,39.738],[124.127,39.852],[124.106,39.841],[123.76,39.822],[123.651,39.882],[123.611,39.841],[123.581,39.786],[123.49,39.768],[123.348,39.763],[123.269,39.727],[123.227,39.687],[123.032,39.674],[122.961,39.62],[122.84,39.601],[122.375,39.385],[122.375,39.525],[122.825,40.125],[122.975,40.425],[123.175,40.575]]],[[[124.89,39.602],[124.935,39.608],[124.905,39.536],[124.849,39.508],[124.846,39.559],[124.89,39.602]]]]}},{"type":"Feature","properties":{"name":"Kushan Principalities","name_zh":"贵霜","focus":false,"color":"#a07d5a","label":[73.47,34.17],"area":19.6},"geometry":{"type":"Polygon","coordinates":[[[70.85,32.3],[70.85,32.525],[71.05,32.85],[70.975,32.975],[70.975,33.15],[70.9,33.35],[70.95,33.35],[70.975,33.575],[70.925,33.6],[70.9,33.775],[71.025,33.8],[71.1,33.95],[71.3,34.075],[71.325,34.2],[71.45,34.475],[71.425,34.9],[71.525,35.0],[71.75,35.325],[72.1,35.7],[72.3,35.85],[72.475,35.85],[72.575,35.925],[72.575,36.175],[72.75,36.275],[72.9,36.45],[72.9,36.575],[72.825,36.65],[72.875,36.875],[72.75,36.925],[72.775,37.025],[73.175,37.1],[73.55,37.275],[73.825,37.25],[74.0,37.35],[74.2,37.35],[74.325,37.425],[74.55,37.45],[74.55,37.275],[74.975,37.3],[75.075,37.325],[75.2,37.075],[75.425,36.9],[75.475,36.75],[75.725,36.725],[75.8,36.525],[75.9,36.475],[75.975,36.3],[76.325,36.175],[76.45,36.25],[76.55,36.15],[76.675,36.15],[76.6,36.05],[76.65,35.875],[76.65,35.7],[76.375,35.7],[76.175,35.575],[76.25,35.375],[76.225,35.05],[76.325,35.0],[76.325,34.8],[76.4,34.775],[76.45,34.625],[76.625,34.525],[76.625,34.375],[76.525,34.225],[76.475,33.975],[76.4,33.875],[76.25,33.8],[76.225,33.925],[76.15,33.975],[75.875,33.95],[75.775,34.025],[75.525,34.025],[75.35,33.85],[75.125,33.75],[75.075,33.85],[74.975,33.85],[74.7,33.55],[74.425,33.575],[74.325,33.475],[74.25,33.3],[74.25,33.175],[74.175,33.05],[73.9,32.825],[73.85,32.625],[73.475,32.625],[73.3,32.6],[73.225,32.425],[73.075,32.425],[73.0,32.525],[72.525,32.4],[72.375,32.275],[72.325,32.1],[72.25,32.025],[72.25,31.825],[72.15,31.65],[72.025,31.65],[71.85,31.55],[71.725,31.55],[71.55,31.65],[71.025,31.65],[70.9,31.775],[70.95,31.9],[70.975,31.9],[71.0,32.175],[70.975,32.3],[70.85,32.3]]]}},{"type":"Feature","properties":{"name":"Sasanian Empire","name_zh":"萨珊","focus":false,"color":"#9a8a4a","label":[65.48,33.56],"area":129.6},"geometry":{"type":"Polygon","coordinates":[[[72.9,36.45],[72.75,36.275],[72.575,36.175],[72.575,35.925],[72.475,35.85],[72.3,35.85],[72.1,35.7],[71.75,35.325],[71.525,35.0],[71.425,34.9],[71.45,34.475],[71.325,34.2],[71.3,34.075],[71.1,33.95],[71.025,33.8],[70.9,33.775],[70.925,33.6],[70.975,33.575],[70.95,33.35],[70.9,33.35],[70.975,33.15],[70.975,32.975],[71.05,32.85],[70.85,32.525],[70.85,32.3],[70.975,32.3],[71.0,32.175],[70.975,31.9],[70.575,31.9],[70.5,31.85],[70.15,31.85],[70.0,31.875],[70.0,30.985],[67.387,28.225],[66.431,25.488],[66.298,25.493],[65.767,25.309],[64.85,25.204],[64.424,25.173],[64.238,25.209],[64.05,25.399],[63.651,25.335],[63.402,25.164],[62.449,25.161],[61.813,25.053],[61.343,25.026],[60.858,25.095],[60.478,25.297],[60.0,25.322],[60.0,39.037],[62.697,39.991],[65.016,38.508],[66.778,38.043],[67.057,37.123],[67.667,37.157],[67.999,36.897],[68.591,37.157],[69.635,37.095],[69.647,37.553],[70.0,37.554],[70.0,37.975],[70.175,38.05],[70.45,38.1],[70.475,38.2],[70.7,38.35],[70.725,38.15],[70.95,38.05],[71.075,38.15],[71.1,38.375],[71.25,38.35],[71.35,38.5],[71.55,38.575],[71.65,38.475],[71.6,38.35],[71.5,38.325],[71.525,38.125],[71.3,37.975],[71.325,37.9],[71.45,37.875],[71.475,37.8],[71.375,37.65],[71.475,37.65],[71.5,37.25],[71.65,37.225],[71.725,37.15],[71.725,37.0],[71.8,36.9],[71.9,36.95],[72.15,36.975],[72.525,36.9],[72.6,36.95],[72.75,36.925],[72.875,36.875],[72.825,36.65],[72.9,36.575],[72.9,36.45]]]}},{"type":"Feature","properties":{"name":"Gupta Empire","name_zh":"笈多王朝","focus":false,"color":"#4f8f86","label":[80.09,23.48],"area":242.6},"geometry":{"type":"MultiPolygon","coordinates":[[[[70.95,31.9],[70.9,31.775],[71.025,31.65],[71.55,31.65],[71.725,31.55],[71.85,31.55],[72.025,31.65],[72.15,31.65],[72.25,31.825],[72.25,32.025],[72.325,32.1],[72.375,32.275],[72.525,32.4],[73.0,32.525],[73.075,32.425],[73.225,32.425],[73.3,32.6],[73.475,32.625],[73.85,32.625],[73.9,32.825],[74.175,33.05],[74.25,33.175],[74.25,33.3],[74.325,33.475],[74.425,33.575],[74.7,33.55],[74.975,33.85],[75.075,33.85],[75.125,33.75],[75.35,33.85],[75.525,34.025],[75.775,34.025],[75.875,33.95],[76.15,33.975],[76.225,33.925],[76.25,33.8],[76.275,33.7],[76.5,33.575],[76.675,33.3],[77.025,32.975],[77.3,32.975],[77.425,32.875],[77.5,32.725],[77.75,32.625],[77.825,32.55],[77.775,32.225],[77.85,32.125],[77.95,32.125],[78.175,31.925],[78.425,31.95],[78.475,31.875],[78.65,31.825],[78.75,31.725],[78.75,31.375],[78.825,31.325],[79.125,31.35],[79.325,31.15],[79.35,31.075],[79.475,31.075],[79.6,31.0],[79.775,30.975],[79.825,30.9],[80.125,30.825],[80.225,30.65],[80.325,30.575],[80.475,30.575],[80.7,30.475],[80.975,30.475],[81.15,30.35],[81.425,30.35],[81.575,30.275],[81.85,30.35],[82.0,30.325],[82.2,30.15],[82.2,30.05],[82.425,29.975],[82.425,29.825],[82.625,29.8],[82.825,29.625],[82.825,29.45],[82.775,29.325],[82.975,29.325],[83.225,29.15],[83.325,29.025],[83.4,29.025],[83.425,28.85],[83.5,28.65],[83.85,28.6],[84.025,28.625],[84.1,28.75],[84.275,28.825],[84.45,28.8],[84.55,28.7],[84.9,28.675],[85.1,28.45],[85.1,28.35],[85.35,28.3],[85.475,28.225],[85.8,28.275],[85.875,28.15],[86.125,28.15],[86.325,28.2],[86.5,28.05],[86.5,28.0],[86.725,28.025],[86.9,27.95],[87.05,27.825],[87.275,27.825],[87.35,27.775],[87.675,27.775],[87.8,27.875],[88.15,27.8],[88.35,27.85],[88.475,27.95],[88.85,27.95],[88.95,27.925],[89.05,27.725],[89.325,27.8],[89.375,27.9],[89.525,28.025],[89.55,28.1],[89.8,28.175],[89.95,28.125],[90.1,28.2],[90.275,28.2],[90.425,28.075],[90.7,28.025],[90.7,28.1],[90.825,28.225],[91.1,28.325],[91.15,28.425],[91.275,28.425],[91.425,28.225],[91.55,28.125],[92.025,28.125],[92.15,28.05],[92.275,27.875],[92.525,27.65],[92.65,27.475],[93.075,27.275],[93.25,27.275],[93.075,27.1],[93.075,26.975],[93.225,26.85],[93.25,26.75],[93.875,26.775],[93.975,26.875],[94.15,26.9],[94.3,26.725],[94.35,26.55],[94.425,26.5],[94.45,26.375],[94.55,26.3],[94.6,26.175],[94.725,26.075],[94.625,25.725],[94.7,25.65],[94.7,25.475],[94.65,25.475],[94.575,25.275],[94.425,25.275],[94.325,25.375],[94.125,25.375],[93.9,25.275],[93.6,25.325],[93.475,25.25],[93.35,25.25],[93.275,25.175],[92.975,25.1],[92.85,25.2],[92.675,25.225],[92.35,25.45],[92.075,25.45],[91.9,25.5],[91.825,25.45],[91.4,25.45],[91.325,25.475],[91.325,25.3],[91.225,25.025],[91.1,24.875],[90.7,24.5],[90.625,24.325],[90.625,23.825],[90.825,23.5],[91.075,23.35],[91.075,23.275],[91.225,23.125],[91.35,22.9],[91.5,22.875],[92.65,22.875],[92.775,22.9],[92.875,23.0],[93.075,23.05],[93.25,23.0],[93.35,22.875],[93.35,22.7],[93.45,22.625],[93.45,22.525],[93.325,22.4],[93.3,22.2],[93.375,22.125],[93.425,21.925],[93.6,21.525],[93.675,21.5],[93.725,21.325],[93.725,21.15],[93.675,21.075],[93.725,20.7],[93.825,20.425],[93.8,20.2],[93.825,19.825],[93.688,19.722],[93.669,19.732],[93.612,19.776],[93.66,19.854],[93.707,19.912],[93.582,19.91],[93.439,20.009],[93.41,20.038],[93.362,20.058],[93.25,20.07],[93.157,20.041],[93.199,19.898],[93.191,19.851],[93.129,19.858],[93.002,20.075],[93.04,20.13],[93.096,20.181],[93.068,20.189],[93.015,20.185],[93.067,20.378],[93.035,20.406],[93.019,20.346],[92.991,20.288],[92.882,20.152],[92.828,20.178],[92.791,20.211],[92.844,20.283],[92.872,20.302],[92.891,20.34],[92.855,20.407],[92.824,20.423],[92.73,20.412],[92.723,20.296],[92.639,20.422],[92.403,20.613],[92.176,20.886],[91.946,21.362],[91.919,21.506],[91.889,21.503],[91.859,21.533],[91.873,21.574],[91.857,21.709],[91.88,21.715],[91.863,21.808],[91.838,21.75],[91.82,21.81],[91.835,21.885],[91.844,21.909],[91.844,21.91],[91.571,22.541],[91.408,22.715],[91.08,22.561],[90.804,22.56],[90.868,22.485],[90.866,22.391],[90.83,22.16],[90.778,22.089],[90.604,22.054],[90.515,22.065],[90.68,22.327],[90.675,22.445],[90.649,22.541],[90.629,22.559],[90.514,22.559],[90.532,22.539],[90.596,22.436],[90.616,22.362],[90.589,22.258],[90.553,22.218],[90.494,22.179],[90.356,22.048],[90.288,21.899],[90.231,21.83],[90.159,21.817],[90.131,21.847],[90.071,21.887],[90.07,21.96],[90.088,22.017],[90.21,22.157],[90.143,22.138],[90.069,22.098],[90.001,22.054],[89.999,21.93],[89.866,22.099],[89.795,21.832],[89.669,21.719],[89.578,21.7],[89.478,21.871],[89.452,21.821],[89.354,21.721],[89.279,21.707],[89.275,21.708],[89.232,21.655],[89.073,21.763],[89.046,21.717],[89.052,21.654],[89.005,21.647],[88.996,21.631],[89.024,21.546],[88.723,21.539],[88.698,21.655],[88.695,21.662],[88.694,21.673],[88.656,21.85],[88.581,21.885],[88.567,21.832],[88.6,21.714],[88.585,21.66],[88.446,21.614],[88.415,21.638],[88.376,21.577],[88.299,21.551],[88.251,21.623],[88.122,21.636],[88.057,21.694],[88.099,21.794],[88.111,21.828],[88.048,21.922],[87.866,21.696],[87.64,21.563],[86.938,21.288],[86.854,21.193],[86.842,21.106],[86.896,20.966],[86.939,20.745],[86.975,20.7],[86.925,20.62],[86.836,20.534],[86.763,20.419],[86.769,20.356],[86.75,20.313],[86.634,20.248],[86.631,20.202],[86.304,19.95],[86.303,19.945],[86.279,19.919],[86.251,19.909],[86.118,19.806],[85.425,19.618],[85.226,19.508],[85.023,19.338],[84.262,18.455],[84.145,18.349],[84.104,18.293],[84.055,18.268],[83.987,18.207],[83.685,18.083],[83.38,17.71],[83.023,17.492],[82.977,17.462],[82.956,17.452],[82.356,17.086],[82.302,16.892],[82.307,16.879],[82.35,16.825],[82.36,16.783],[82.339,16.707],[82.327,16.664],[82.259,16.56],[82.142,16.485],[82.042,16.445],[81.787,16.327],[81.596,16.302],[81.364,16.34],[81.252,16.223],[81.086,15.826],[80.962,15.723],[80.851,15.776],[80.826,15.766],[80.814,15.794],[80.729,15.835],[80.633,15.812],[80.625,15.825],[80.325,16.15],[80.3,16.55],[80.25,16.55],[80.25,16.75],[80.175,16.9],[80.175,17.125],[80.25,17.325],[80.25,17.95],[80.3,17.975],[80.375,18.275],[80.325,18.45],[80.375,18.575],[80.3,18.7],[80.1,18.675],[79.975,18.8],[79.95,19.175],[80.0,19.225],[80.0,19.4],[80.125,19.55],[80.125,20.0],[80.1,20.175],[80.15,20.475],[80.275,20.7],[80.2,20.8],[80.2,21.0],[80.125,21.075],[80.1,21.225],[80.1,21.55],[80.2,21.625],[80.2,21.975],[80.45,22.0],[80.45,22.125],[80.325,22.225],[80.3,22.325],[80.1,22.325],[80.075,22.4],[79.8,22.4],[79.625,22.45],[79.6,22.375],[79.425,22.35],[78.9,22.35],[78.75,22.25],[78.525,22.25],[78.45,22.125],[78.275,21.975],[78.275,21.925],[78.0,21.825],[77.575,21.825],[77.55,21.9],[77.225,21.925],[77.1,21.9],[76.975,22.05],[76.775,22.05],[76.625,22.125],[76.55,22.225],[76.35,22.15],[76.2,22.15],[76.15,22.225],[76.025,22.175],[75.75,22.15],[75.35,22.15],[75.225,22.075],[75.05,22.075],[75.0,21.9],[74.925,21.825],[74.8,21.875],[74.45,21.9],[74.125,21.725],[73.975,21.725],[73.725,21.65],[73.6,21.5],[73.625,21.275],[73.35,21.275],[73.325,21.225],[72.925,21.25],[72.975,21.1],[72.975,20.875],[72.892,20.689],[72.879,20.829],[72.841,20.952],[72.825,21.079],[72.789,21.122],[72.752,21.129],[72.692,21.178],[72.624,21.372],[72.687,21.436],[72.721,21.46],[72.72,21.467],[72.668,21.456],[72.613,21.462],[72.709,21.544],[72.687,21.692],[72.543,21.697],[72.592,21.878],[72.644,21.938],[72.675,21.957],[72.676,21.969],[72.617,21.962],[72.522,21.976],[72.546,22.116],[72.327,22.115],[72.127,21.826],[72.13,21.787],[72.171,21.774],[72.21,21.728],[72.257,21.661],[72.255,21.588],[72.287,21.548],[72.255,21.352],[72.119,21.155],[71.893,20.988],[71.024,20.657],[70.855,20.65],[70.467,20.777],[70.209,20.947],[70.0,21.144],[69.126,21.967],[68.894,22.284],[69.491,22.248],[69.966,22.35],[70.0,22.371],[70.0,22.545],[70.006,22.548],[70.084,22.554],[70.177,22.573],[70.328,22.816],[70.347,22.842],[70.044,22.777],[70.0,22.778],[69.664,22.789],[69.107,22.898],[68.789,23.028],[68.372,23.326],[68.072,23.675],[68.042,23.762],[67.692,23.814],[67.486,23.928],[67.315,24.091],[67.204,24.585],[67.155,24.647],[66.654,24.783],[66.698,25.116],[66.619,25.317],[66.432,25.488],[67.387,28.225],[70.0,30.984],[70.0,30.985],[70.0,31.875],[70.15,31.85],[70.5,31.85],[70.575,31.9],[70.95,31.9]]],[[[93.413,19.95],[93.492,19.893],[93.513,19.755],[93.445,19.806],[93.42,19.878],[93.413,19.95]]],[[[93.01,19.924],[93.023,19.829],[92.975,19.868],[92.913,20.0],[92.915,20.086],[92.96,20.046],[93.01,19.924]]],[[[91.456,22.617],[91.484,22.577],[91.523,22.491],[91.548,22.425],[91.557,22.382],[91.51,22.353],[91.467,22.378],[91.411,22.476],[91.439,22.599],[91.456,22.617]]],[[[91.074,22.45],[91.079,22.52],[91.115,22.45],[91.074,22.45]]],[[[79.475,13.0],[79.475,13.425],[79.45,13.525],[79.5,13.675],[79.7,13.9],[79.95,14.05],[80.125,14.075],[80.156,14.092],[80.16,14.018],[80.224,13.858],[80.244,13.773],[80.246,13.686],[80.307,13.485],[80.266,13.521],[80.233,13.606],[80.156,13.714],[80.096,13.645],[80.216,13.476],[80.29,13.437],[80.342,13.361],[80.314,13.196],[80.312,13.104],[80.289,13.045],[80.229,12.69],[80.143,12.452],[80.125,12.425],[79.975,12.475],[79.675,12.725],[79.675,12.775],[79.475,13.0]]]]}},{"type":"Feature","properties":{"name":"Vakataka","name_zh":"","focus":false,"color":"#a3727a","label":[76.39,19.0],"area":47.4},"geometry":{"type":"Polygon","coordinates":[[[73.325,21.225],[73.35,21.275],[73.625,21.275],[73.6,21.5],[73.725,21.65],[73.975,21.725],[74.125,21.725],[74.45,21.9],[74.8,21.875],[74.925,21.825],[75.0,21.9],[75.05,22.075],[75.225,22.075],[75.35,22.15],[75.75,22.15],[76.025,22.175],[76.15,22.225],[76.2,22.15],[76.35,22.15],[76.55,22.225],[76.625,22.125],[76.775,22.05],[76.975,22.05],[77.1,21.9],[77.225,21.925],[77.55,21.9],[77.575,21.825],[78.0,21.825],[78.275,21.925],[78.275,21.975],[78.45,22.125],[78.525,22.25],[78.75,22.25],[78.9,22.35],[79.425,22.35],[79.6,22.375],[79.625,22.45],[79.8,22.4],[80.075,22.4],[80.1,22.325],[80.3,22.325],[80.325,22.225],[80.45,22.125],[80.45,22.0],[80.2,21.975],[80.2,21.625],[80.1,21.55],[80.1,21.225],[80.125,21.075],[80.2,21.0],[80.2,20.8],[80.275,20.7],[80.15,20.475],[80.1,20.175],[80.125,20.0],[80.125,19.55],[80.0,19.4],[80.0,19.225],[79.95,19.175],[79.975,18.8],[80.1,18.675],[80.3,18.7],[80.375,18.575],[80.325,18.45],[80.375,18.275],[80.3,17.975],[80.25,17.95],[80.25,17.325],[80.175,17.125],[80.175,16.9],[80.25,16.75],[80.25,16.55],[80.3,16.55],[80.325,16.15],[80.625,15.825],[80.633,15.812],[80.46,15.772],[80.327,15.665],[80.175,15.8],[80.0,15.85],[79.8,16.05],[79.55,16.075],[79.45,16.15],[79.3,16.15],[79.075,16.075],[79.05,15.825],[78.925,15.775],[78.875,15.675],[78.5,15.7],[78.1,15.525],[78.0,15.4],[77.875,15.325],[77.7,15.375],[77.375,15.375],[76.9,15.25],[76.75,15.175],[76.725,15.075],[76.7,15.075],[76.65,15.025],[76.4,15.025],[76.25,15.1],[76.175,15.2],[76.075,15.15],[75.9,15.15],[75.875,15.075],[75.75,15.05],[75.65,15.175],[75.325,15.025],[75.15,15.025],[75.05,14.95],[74.875,14.9],[74.8,14.8],[74.65,14.725],[74.625,14.6],[74.5,14.6],[74.35,14.825],[74.25,14.825],[74.075,15.0],[74.1,15.175],[73.912,15.206],[73.884,15.306],[73.801,15.397],[73.838,15.397],[73.774,15.571],[73.772,15.573],[73.773,15.574],[73.742,15.657],[73.733,15.657],[73.68,15.709],[73.608,15.871],[73.476,16.054],[73.454,16.152],[73.338,16.46],[73.239,17.199],[73.149,17.527],[73.156,17.622],[73.047,17.907],[72.994,18.098],[72.972,18.259],[72.943,18.366],[72.917,18.576],[72.875,18.643],[72.871,18.683],[72.899,18.779],[72.939,18.856],[72.912,19.037],[72.901,19.015],[72.835,18.976],[72.803,19.079],[72.803,19.219],[72.795,19.252],[72.812,19.299],[72.874,19.291],[72.868,19.329],[72.788,19.363],[72.764,19.413],[72.756,19.451],[72.799,19.52],[72.727,19.578],[72.697,19.757],[72.676,19.798],[72.668,19.831],[72.709,20.078],[72.881,20.563],[72.894,20.673],[72.892,20.689],[72.975,20.875],[72.975,21.1],[72.925,21.25],[73.325,21.225]]]}},{"type":"Feature","properties":{"name":"Pandyas","name_zh":"","focus":false,"color":"#8a6f9e","label":[77.49,8.55],"area":1.1},"geometry":{"type":"Polygon","coordinates":[[[78.222,8.842],[78.131,8.58],[78.126,8.511],[78.068,8.4],[78.063,8.385],[77.898,8.257],[77.802,8.211],[77.77,8.19],[77.729,8.176],[77.418,8.028],[77.34,8.053],[77.126,8.272],[77.066,8.316],[76.967,8.407],[76.846,8.56],[76.703,8.706],[76.69,8.756],[76.666,8.786],[76.75,8.8],[76.95,8.925],[77.1,8.95],[77.175,9.025],[77.225,9.2],[77.65,9.05],[77.825,9.05],[78.15,8.9],[78.222,8.842]]]}},{"type":"Feature","properties":{"name":"Ainu","name_zh":"","focus":false,"color":"#7272a8","label":[143.26,43.52],"area":18.7},"geometry":{"type":"MultiPolygon","coordinates":[[[[149.999,46.044],[149.999,45.831],[149.683,45.633],[149.437,45.583],[149.667,45.849],[149.854,45.922],[149.999,46.044]]],[[[147.111,44.792],[147.473,44.971],[147.504,45.042],[147.655,45.075],[147.763,45.188],[147.882,45.222],[147.856,45.355],[147.931,45.42],[147.999,45.275],[148.073,45.248],[148.321,45.27],[148.7,45.519],[148.855,45.473],[148.824,45.334],[148.582,45.315],[148.267,45.213],[147.867,44.971],[147.762,44.938],[147.619,44.961],[147.594,44.923],[147.621,44.896],[147.547,44.812],[147.293,44.667],[147.208,44.55],[147.022,44.506],[146.947,44.408],[146.84,44.415],[146.846,44.475],[147.145,44.669],[147.111,44.792]]],[[[146.903,43.839],[146.654,43.704],[146.598,43.732],[146.599,43.793],[146.841,43.873],[146.903,43.839]]],[[[146.343,44.421],[146.567,44.437],[146.507,44.358],[146.103,44.243],[145.932,44.12],[145.778,43.928],[145.597,43.856],[145.553,43.65],[145.437,43.716],[145.409,43.834],[145.744,44.051],[146.127,44.506],[146.343,44.421]]],[[[146.124,43.459],[146.08,43.517],[146.225,43.524],[146.204,43.481],[146.124,43.459]]],[[[141.72,42.538],[141.397,42.518],[140.929,42.255],[140.859,42.39],[140.698,42.544],[140.542,42.537],[140.349,42.431],[140.324,42.376],[140.315,42.334],[140.327,42.293],[140.417,42.201],[140.528,42.132],[140.578,42.119],[140.684,42.123],[140.734,42.116],[140.912,41.978],[141.108,41.848],[141.151,41.805],[141.109,41.779],[141.154,41.749],[140.978,41.652],[140.587,41.674],[140.267,41.324],[140.112,41.273],[140.012,41.381],[139.977,41.502],[140.002,41.551],[139.995,41.576],[140.021,41.696],[140.084,41.803],[140.105,41.898],[140.099,41.937],[139.852,42.035],[139.777,42.112],[139.711,42.476],[139.858,42.574],[139.86,42.582],[139.891,42.649],[139.951,42.671],[140.015,42.685],[140.115,42.733],[140.224,42.796],[140.329,42.867],[140.432,42.954],[140.486,43.05],[140.41,43.151],[140.373,43.185],[140.389,43.202],[140.379,43.237],[140.392,43.303],[140.487,43.338],[140.547,43.322],[140.597,43.325],[140.73,43.24],[140.781,43.215],[140.819,43.205],[140.954,43.201],[141.138,43.18],[141.245,43.185],[141.296,43.2],[141.299,43.202],[141.301,43.719],[141.518,43.828],[141.601,43.919],[141.645,44.019],[141.661,44.264],[141.716,44.371],[141.733,44.414],[141.744,44.626],[141.566,44.969],[141.522,45.181],[141.597,45.278],[141.614,45.287],[141.653,45.349],[141.654,45.377],[141.668,45.401],[141.778,45.419],[141.829,45.439],[141.879,45.483],[141.938,45.51],[141.981,45.483],[142.0,45.459],[142.0,45.327],[143.02,44.463],[143.791,44.026],[144.615,43.842],[144.751,43.882],[145.139,44.177],[145.346,44.242],[145.062,43.783],[145.447,43.169],[144.993,42.937],[144.753,42.866],[144.59,42.859],[144.365,42.948],[144.167,42.941],[144.003,42.877],[143.507,42.418],[143.329,42.195],[143.212,41.926],[143.032,41.958],[142.0,42.464],[141.925,42.501],[141.72,42.538]]],[[[141.598,52.215],[141.811,52.63],[141.838,52.958],[141.689,53.165],[141.767,53.271],[141.828,53.275],[141.824,53.34],[141.852,53.389],[141.964,53.456],[142.0,53.464],[142.0,53.286],[142.213,53.299],[142.673,53.539],[142.862,53.339],[143.055,53.061],[143.137,52.855],[143.142,52.511],[143.032,52.311],[142.943,51.958],[142.943,51.617],[143.073,51.269],[143.339,50.884],[143.633,50.233],[144.037,49.508],[144.538,48.753],[143.597,49.232],[143.153,49.257],[142.849,49.119],[142.646,48.656],[142.489,47.898],[142.616,47.456],[142.99,46.956],[143.235,46.862],[143.443,46.57],[143.302,46.011],[143.004,46.574],[142.613,46.711],[142.512,46.697],[142.327,46.562],[142.0,46.069],[142.0,45.977],[141.962,46.013],[141.897,45.914],[141.708,46.139],[141.622,46.557],[141.906,47.074],[141.731,47.471],[141.81,47.674],[142.0,47.92],[142.034,47.964],[142.0,48.152],[141.976,48.284],[141.739,48.806],[141.921,48.945],[142.0,49.199],[142.048,49.354],[142.151,50.889],[142.112,51.217],[142.016,51.428],[142.0,51.445],[141.643,51.813],[141.598,52.215]]],[[[141.258,52.793],[141.266,52.653],[141.245,52.55],[141.166,52.47],[141.15,52.475],[141.15,52.454],[141.132,52.436],[141.15,52.404],[141.15,52.4],[141.152,52.401],[141.17,52.368],[141.33,52.271],[141.409,52.234],[141.485,52.179],[141.386,52.057],[141.373,51.968],[141.25,51.95],[141.025,52.025],[140.95,52.1],[140.9,52.275],[140.8,52.3],[140.8,52.525],[140.725,52.7],[140.85,52.75],[141.05,52.75],[141.15,52.8],[141.258,52.793]]]]}},{"type":"Feature","properties":{"name":"Paleo-Siberian hunter-gatherers","name_zh":"","focus":false,"color":"#7d6b5a","nolabel":true,"label":[126.85,54.02],"area":222.2},"geometry":{"type":"MultiPolygon","coordinates":[[[[141.374,53.293],[141.402,53.184],[141.328,53.097],[141.181,53.015],[141.112,53.033],[141.088,52.985],[141.021,52.942],[141.087,52.898],[141.256,52.84],[141.258,52.793],[141.15,52.8],[141.05,52.75],[140.85,52.75],[140.725,52.7],[140.425,52.675],[140.325,52.575],[140.325,52.475],[139.85,52.475],[139.85,52.325],[139.725,52.25],[139.675,52.15],[139.525,52.1],[138.8,52.1],[138.55,52.0],[138.375,52.0],[138.15,52.25],[138.1,52.225],[137.7,52.25],[137.7,52.45],[137.575,52.575],[137.575,52.725],[137.5,52.7],[137.45,52.8],[137.175,52.775],[137.075,52.975],[137.075,53.175],[137.025,53.225],[136.7,53.2],[136.65,53.4],[136.5,53.525],[136.5,53.6],[136.375,53.65],[136.175,53.65],[136.025,53.5],[135.85,53.5],[135.85,53.4],[135.625,53.3],[135.175,53.3],[135.175,53.075],[135.1,52.925],[135.0,52.85],[134.925,52.7],[134.75,52.65],[134.75,52.5],[134.525,52.4],[134.4,52.4],[134.325,52.225],[134.225,52.2],[134.175,51.975],[133.85,52.025],[133.775,52.15],[133.6,52.15],[133.425,52.075],[133.3,52.175],[133.025,52.075],[132.925,51.975],[132.925,51.775],[132.8,51.55],[132.6,51.4],[132.325,51.375],[132.3,51.325],[131.725,51.275],[131.8,51.025],[131.6,50.925],[131.55,50.85],[131.1,50.925],[130.875,50.875],[130.725,50.675],[130.6,50.675],[130.525,50.575],[130.325,50.475],[129.75,50.45],[129.7,50.4],[129.425,50.375],[129.1,50.25],[129.0,50.15],[128.85,50.15],[128.625,50.05],[128.4,49.825],[128.2,49.75],[128.025,49.575],[127.975,49.625],[127.825,49.6],[127.7,49.75],[127.525,49.8],[127.525,50.075],[127.25,50.1],[127.15,50.05],[126.9,50.025],[126.675,50.15],[126.4,50.15],[126.3,50.325],[125.775,50.325],[125.65,50.475],[125.575,50.45],[125.45,50.575],[125.1,50.65],[125.025,50.75],[124.875,50.775],[124.6,50.925],[124.5,50.925],[124.4,50.8],[124.05,50.85],[123.875,50.8],[123.725,50.975],[123.6,50.975],[123.55,51.075],[123.55,51.25],[123.2,51.15],[123.15,51.275],[122.9,51.275],[122.75,51.4],[122.65,51.35],[122.6,51.125],[122.5,51.05],[122.4,50.875],[122.15,50.875],[122.0,50.825],[121.95,50.75],[121.725,50.775],[121.575,50.975],[121.25,50.975],[121.125,51.025],[121.1,51.1],[120.775,51.075],[120.675,51.2],[120.525,51.25],[120.45,51.375],[120.275,51.425],[120.25,51.55],[120.15,51.575],[120.275,51.8],[120.0,51.775],[119.85,51.9],[119.525,51.925],[119.3,51.85],[119.2,52.05],[119.1,52.075],[118.925,52.225],[118.95,52.45],[118.725,52.6],[118.675,52.475],[118.55,52.425],[118.4,52.6],[118.4,52.975],[118.325,53.075],[118.3,53.4],[118.2,53.525],[117.925,53.6],[117.85,53.725],[117.75,53.775],[117.575,53.775],[117.6,54.025],[117.7,54.125],[117.725,54.3],[117.8,54.375],[117.85,54.65],[117.7,54.825],[117.675,55.175],[117.825,55.25],[117.8,55.425],[117.725,55.475],[117.425,55.55],[117.375,55.5],[117.175,55.475],[117.05,55.375],[116.725,55.375],[116.475,55.625],[116.35,55.625],[116.3,55.55],[116.15,55.5],[115.925,55.55],[115.925,55.675],[115.85,55.725],[115.85,55.9],[115.75,56.0],[115.968,56.0],[114.867,57.999],[140.346,57.999],[140.027,57.644],[139.291,57.335],[138.346,56.804],[137.254,56.0],[137.419,56.0],[137.384,55.975],[137.19,55.892],[137.033,55.807],[137.0,55.8],[137.0,55.79],[136.794,55.694],[136.566,55.614],[136.521,55.589],[136.369,55.521],[136.351,55.51],[136.175,55.352],[135.751,55.161],[135.541,55.114],[135.263,54.943],[135.235,54.903],[135.212,54.841],[135.258,54.731],[135.325,54.707],[135.438,54.692],[135.852,54.584],[136.238,54.614],[136.322,54.614],[136.35,54.6],[136.36,54.614],[136.58,54.614],[136.715,54.624],[136.797,54.621],[136.824,54.561],[136.82,54.452],[136.77,54.353],[136.729,54.061],[136.683,53.931],[136.719,53.804],[136.803,53.782],[136.886,53.839],[137.019,53.848],[137.04,53.861],[137.165,53.842],[137.258,54.025],[137.172,54.057],[137.096,54.129],[137.142,54.182],[137.378,54.282],[137.525,54.291],[137.666,54.283],[137.513,54.156],[137.451,54.13],[137.403,54.124],[137.339,54.101],[137.476,54.028],[137.623,53.97],[137.835,53.947],[137.786,53.903],[137.645,53.866],[137.517,53.707],[137.363,53.65],[137.35,53.65],[137.348,53.644],[137.314,53.632],[137.221,53.579],[137.254,53.546],[137.328,53.539],[137.738,53.56],[137.95,53.604],[138.253,53.726],[138.379,53.909],[138.411,53.924],[138.416,54.09],[138.715,54.087],[138.705,54.148],[138.716,54.223],[138.657,54.298],[138.696,54.32],[139.105,54.218],[139.32,54.193],[139.707,54.277],[139.796,54.256],[139.858,54.205],[140.179,54.052],[140.242,54.001],[140.347,53.813],[140.688,53.596],[141.006,53.495],[141.015,53.454],[141.05,53.434],[141.05,53.425],[141.061,53.427],[141.218,53.334],[141.374,53.293]]],[[[97.925,55.35],[97.675,55.3],[97.675,55.375],[97.375,55.475],[97.175,55.475],[97.05,55.6],[96.925,55.65],[96.825,55.8],[96.425,55.85],[96.175,55.85],[95.925,55.9],[95.85,56.0],[96.044,56.0],[93.699,56.483],[78.362,56.41],[74.439,56.0],[74.75,56.0],[74.6,55.875],[74.275,55.875],[74.275,55.85],[73.8,55.85],[73.8,55.825],[73.3,55.825],[73.3,55.8],[72.825,55.8],[72.825,55.775],[72.5,55.775],[72.125,55.65],[71.975,55.65],[71.775,55.575],[71.6,55.55],[71.0,55.55],[70.75,55.525],[70.375,55.45],[70.0,55.425],[70.0,55.536],[65.311,55.046],[60.0,56.229],[60.0,56.558],[62.804,56.955],[65.855,58.0],[104.255,57.999],[100.183,56.0],[100.4,56.0],[100.25,55.875],[99.95,55.825],[99.85,55.675],[99.725,55.65],[99.675,55.575],[99.425,55.5],[99.375,55.325],[99.1,55.325],[98.925,55.075],[98.75,55.025],[98.6,54.85],[98.525,54.85],[98.375,55.05],[98.175,55.2],[98.15,55.375],[98.0,55.4],[97.925,55.35]]]]}},{"type":"Feature","properties":{"name":"Finno-Ugric taiga hunter-gatherers","name_zh":"","focus":false,"color":"#5f87a3","nolabel":true,"label":[62.17,57.48],"area":5.1},"geometry":{"type":"Polygon","coordinates":[[[60.0,56.559],[60.0,58.0],[65.854,57.999],[62.804,56.955],[60.0,56.559]]]}},{"type":"Feature","properties":{"name":"Ruanruan","name_zh":"柔然","focus":false,"color":"#a3727a","label":[96.45,48.88],"area":309.3},"geometry":{"type":"Polygon","coordinates":[[[100.8,52.15],[100.9,52.075],[101.3,52.075],[101.35,51.95],[101.275,51.875],[101.275,51.5],[101.3,51.375],[101.75,51.375],[102.0,51.25],[101.925,51.15],[101.925,50.75],[101.975,50.625],[102.125,50.55],[102.45,50.55],[102.475,50.5],[102.725,50.5],[102.9,50.3],[103.075,50.275],[103.35,50.05],[103.525,50.05],[103.7,49.925],[103.825,49.9],[103.95,50.05],[104.1,50.1],[104.225,50.025],[104.325,49.9],[104.35,49.95],[104.675,49.975],[104.875,50.05],[104.9,49.8],[105.15,49.775],[105.175,49.825],[105.4,49.85],[105.45,49.925],[105.775,50.025],[105.775,50.1],[105.975,50.125],[106.15,50.225],[106.1,50.45],[106.25,50.5],[106.325,50.4],[106.5,50.425],[106.55,50.275],[106.65,50.15],[106.8,50.1],[106.85,50.025],[106.975,50.025],[107.075,50.125],[107.2,50.15],[107.35,50.3],[107.775,50.275],[108.225,50.35],[108.35,50.3],[108.5,50.125],[108.55,49.925],[108.7,49.925],[108.725,50.025],[109.025,50.15],[109.3,50.15],[109.375,50.2],[109.825,50.1],[109.975,50.1],[110.3,50.275],[110.5,50.275],[110.6,50.35],[110.675,50.25],[110.875,50.225],[110.95,50.4],[111.1,50.425],[111.1,50.7],[111.2,50.825],[111.175,51.1],[111.3,51.15],[111.475,51.15],[111.65,51.25],[111.85,51.425],[112.0,51.45],[112.05,51.625],[112.25,51.875],[112.375,51.975],[112.375,52.175],[112.475,52.2],[112.6,52.35],[112.725,52.375],[112.925,52.375],[113.075,52.4],[113.125,52.3],[113.25,52.3],[113.45,52.375],[113.575,52.225],[113.525,52.025],[113.825,51.75],[113.95,51.75],[114.025,51.625],[114.15,51.6],[114.2,51.475],[114.175,51.075],[114.3,51.0],[114.35,50.9],[114.45,50.9],[114.575,50.775],[114.675,50.55],[114.525,50.475],[114.35,50.475],[114.275,50.325],[114.45,50.2],[114.725,50.075],[114.725,49.75],[114.825,49.55],[114.85,49.275],[115.05,49.15],[115.05,48.875],[115.175,48.75],[115.275,48.725],[115.3,48.15],[115.25,48.025],[115.45,47.925],[115.45,47.8],[115.6,47.5],[115.65,47.2],[115.6,47.125],[115.775,46.975],[115.875,46.7],[115.925,46.65],[115.925,46.375],[115.975,46.3],[115.975,46.125],[115.925,46.05],[115.75,45.95],[115.6,45.75],[115.375,45.55],[115.3,45.375],[115.175,45.375],[115.025,45.25],[114.65,45.225],[114.425,45.05],[114.1,45.0],[113.925,44.8],[113.8,44.725],[113.775,44.625],[113.65,44.475],[113.6,44.475],[113.575,44.525],[113.375,44.525],[113.325,44.475],[113.15,44.55],[112.975,44.55],[112.95,44.475],[112.725,44.375],[112.5,44.375],[112.15,44.3],[111.975,44.4],[111.95,44.475],[111.75,44.4],[111.575,44.4],[111.275,44.25],[111.225,44.175],[111.075,44.175],[110.825,44.05],[110.6,44.05],[110.35,43.975],[110.175,43.875],[109.9,43.775],[109.75,43.775],[109.6,43.65],[109.45,43.725],[109.325,43.725],[109.225,43.8],[108.975,43.9],[108.675,43.9],[108.625,43.95],[108.375,44.025],[108.25,44.175],[108.225,44.3],[108.075,44.225],[108.025,44.0],[107.9,43.875],[107.625,43.825],[107.575,43.775],[107.35,43.775],[107.225,43.85],[106.925,43.875],[106.725,43.75],[106.55,43.75],[106.425,43.675],[106.35,43.675],[106.35,43.7],[105.9,43.7],[105.725,43.6],[105.675,43.525],[105.5,43.425],[105.175,43.55],[105.05,43.4],[104.8,43.275],[104.7,43.1],[104.45,43.15],[104.3,43.375],[103.95,43.475],[103.8,43.625],[103.65,43.65],[103.525,43.725],[102.9,43.725],[102.725,43.625],[102.325,43.6],[102.275,43.55],[101.725,43.55],[101.625,43.525],[101.45,43.575],[101.425,43.475],[101.275,43.3],[100.925,43.325],[100.65,43.275],[100.3,43.275],[100.3,43.45],[100.2,43.525],[100.1,43.725],[99.775,44.025],[99.75,44.3],[99.55,44.3],[99.475,44.25],[99.475,44.125],[99.4,43.95],[99.1,43.675],[99.05,43.575],[98.85,43.35],[98.725,43.125],[98.7,42.9],[98.65,42.9],[98.575,42.95],[98.35,42.975],[98.2,43.075],[97.9,43.1],[97.55,43.1],[97.5,43.15],[97.1,43.05],[97.1,42.9],[97.025,42.65],[96.925,42.475],[96.925,42.2],[96.7,42.15],[96.525,42.025],[96.325,41.95],[96.275,41.85],[96.1,41.825],[96.025,41.9],[95.525,41.9],[95.35,41.875],[95.35,41.95],[95.075,42.225],[95.025,42.425],[94.925,42.575],[94.925,42.9],[94.8,42.975],[94.55,43.0],[94.2,43.125],[93.925,43.4],[93.8,43.4],[93.725,43.325],[93.575,43.325],[93.35,43.4],[93.15,43.425],[92.675,43.425],[92.675,43.45],[92.425,43.45],[92.2,43.525],[92.15,43.475],[92.15,43.225],[92.0,43.075],[91.825,43.025],[91.725,42.95],[91.475,43.025],[91.275,43.225],[91.275,43.35],[91.125,43.375],[91.025,43.075],[90.8,42.925],[90.6,42.725],[90.5,42.5],[90.5,42.1],[90.375,42.025],[90.275,41.9],[90.1,41.85],[89.725,41.825],[89.7,41.9],[89.525,42.05],[89.35,42.05],[89.0,42.25],[88.75,42.325],[88.5,42.35],[88.425,42.4],[88.125,42.4],[88.0,42.5],[87.725,42.55],[87.5,42.7],[87.1,42.7],[86.975,42.85],[86.975,42.95],[86.825,43.05],[86.475,43.1],[86.4,43.175],[86.05,43.2],[85.875,43.075],[85.65,43.05],[85.475,43.175],[85.2,43.175],[85.1,43.225],[85.0,42.85],[84.825,42.925],[84.525,42.975],[84.325,42.975],[84.225,43.1],[83.725,43.1],[83.45,43.025],[83.375,42.925],[83.075,42.825],[83.05,42.775],[82.85,42.85],[82.625,42.875],[82.575,42.825],[82.35,42.825],[82.175,42.75],[82.175,42.6],[82.0,42.5],[81.825,42.5],[81.75,42.6],[81.425,42.55],[81.25,42.4],[81.1,42.325],[80.85,42.325],[80.8,42.375],[80.525,42.35],[80.4,42.2],[79.975,42.175],[79.75,42.25],[79.625,42.375],[79.4,42.35],[79.225,42.4],[79.0,42.35],[78.85,42.275],[78.675,42.075],[78.525,42.075],[78.35,41.9],[78.35,42.025],[78.25,42.2],[78.25,42.325],[78.1,42.625],[78.075,42.875],[77.7,43.0],[77.35,43.0],[77.3,42.95],[77.1,42.925],[76.95,42.85],[76.75,42.85],[76.55,42.8],[76.5,42.85],[76.025,42.875],[75.875,42.925],[75.825,43.0],[75.675,43.0],[75.475,43.125],[75.325,43.15],[75.3,43.25],[75.125,43.325],[75.125,43.45],[75.025,43.625],[74.825,43.675],[74.8,43.6],[74.65,43.65],[74.65,43.8],[74.475,43.95],[74.275,44.175],[74.05,44.275],[73.975,44.625],[73.875,44.75],[73.725,44.8],[73.55,44.925],[73.55,45.025],[73.725,45.275],[73.725,45.5],[73.8,45.6],[73.85,45.8],[73.9,45.825],[74.05,46.225],[74.2,46.35],[74.575,46.5],[75.0,46.7],[75.25,47.025],[75.325,47.225],[75.35,47.45],[75.35,47.8],[75.3,48.0],[75.175,48.05],[75.325,48.425],[75.375,48.475],[75.65,48.475],[75.65,48.525],[75.9,48.775],[76.0,48.775],[76.2,49.0],[76.325,48.85],[76.575,48.775],[76.975,48.775],[77.05,48.925],[77.275,48.925],[77.325,48.875],[77.675,48.875],[77.675,48.9],[78.775,48.9],[78.975,49.15],[79.0,49.25],[79.2,49.375],[79.275,49.375],[79.575,49.65],[79.65,49.8],[79.75,49.825],[79.925,50.025],[80.05,50.1],[80.05,50.225],[80.15,50.45],[80.275,50.375],[80.975,50.375],[81.15,50.4],[81.2,50.475],[81.35,50.425],[81.55,50.425],[81.775,50.525],[81.8,50.6],[81.9,50.55],[82.075,50.55],[82.3,50.7],[82.55,50.7],[82.675,50.825],[82.825,50.825],[83.125,50.975],[83.45,50.975],[83.675,50.95],[83.8,50.85],[84.05,50.775],[84.2,50.625],[84.425,50.75],[84.575,50.725],[84.65,50.625],[84.85,50.675],[85.075,50.675],[85.25,50.725],[85.4,50.675],[85.55,50.5],[85.7,50.45],[86.0,50.475],[86.2,50.275],[86.325,50.225],[86.325,50.025],[86.275,49.95],[86.475,49.975],[86.5,49.925],[86.85,49.925],[87.05,49.975],[86.925,50.1],[86.925,50.55],[86.975,50.6],[87.475,50.575],[87.675,50.525],[87.775,50.4],[88.075,50.375],[88.125,50.625],[88.35,50.7],[88.35,50.9],[88.3,51.025],[88.575,51.0],[88.7,51.075],[88.825,51.05],[89.0,51.2],[89.05,51.075],[89.25,51.0],[89.675,51.0],[89.9,51.225],[89.8,51.45],[90.0,51.475],[90.075,51.675],[90.225,51.725],[90.4,51.725],[90.5,51.65],[90.675,51.65],[90.9,51.725],[90.925,51.875],[91.075,51.95],[91.375,51.925],[91.4,52.025],[91.6,52.125],[91.9,52.225],[92.025,51.925],[92.275,51.925],[92.45,51.8],[93.025,51.8],[93.15,51.85],[93.2,51.8],[93.375,51.8],[93.575,51.875],[93.7,52.125],[93.7,52.325],[94.0,52.6],[94.225,52.55],[94.25,52.425],[94.325,52.4],[94.35,52.275],[94.575,52.225],[94.6,52.175],[94.875,52.175],[94.925,52.25],[95.275,52.175],[95.375,52.075],[95.575,52.075],[95.65,52.025],[95.9,52.025],[96.05,51.95],[96.125,51.85],[96.25,51.8],[96.425,51.85],[96.55,51.775],[96.775,51.725],[96.85,51.775],[96.85,51.925],[96.95,52.1],[97.1,52.125],[97.775,52.125],[97.9,52.15],[98.0,52.25],[98.15,52.25],[98.25,52.325],[98.45,52.35],[98.6,52.3],[98.775,52.35],[98.85,52.45],[99.25,52.475],[99.25,52.625],[99.375,52.725],[99.675,52.725],[99.7,52.6],[99.95,52.6],[100.0,52.525],[100.1,52.575],[100.275,52.575],[100.425,52.475],[100.475,52.35],[100.575,52.275],[100.625,52.15],[100.8,52.15]]]}},{"type":"Feature","properties":{"name":"Kurykans","name_zh":"骨利干","focus":false,"color":"#9a8a4a","label":[109.18,52.03],"area":41.5},"geometry":{"type":"Polygon","coordinates":[[[101.2,52.775],[101.325,52.85],[101.525,52.85],[101.625,53.0],[101.825,53.1],[101.875,53.175],[102.3,53.375],[102.525,53.375],[102.675,53.45],[102.975,53.525],[103.05,53.725],[103.275,53.8],[103.375,53.675],[103.375,53.575],[103.575,53.6],[103.65,53.7],[103.875,53.75],[103.95,53.85],[104.05,53.85],[104.35,54.125],[104.675,54.075],[104.775,54.0],[104.975,54.075],[105.05,54.525],[105.15,54.525],[105.25,54.35],[105.4,54.325],[105.55,54.2],[105.625,54.05],[105.875,54.025],[105.925,53.9],[106.075,53.85],[106.55,53.85],[106.55,53.875],[106.925,53.875],[107.025,53.825],[107.025,53.65],[107.125,53.6],[107.15,53.475],[107.35,53.575],[107.375,53.7],[107.675,53.875],[107.775,53.9],[108.25,54.175],[108.3,54.25],[108.575,54.075],[108.825,54.075],[109.0,54.15],[109.125,54.3],[109.35,54.4],[109.6,54.475],[109.775,54.65],[109.925,54.6],[110.175,54.625],[110.45,54.925],[110.6,54.975],[110.6,55.15],[110.7,55.3],[110.65,55.6],[110.925,55.6],[110.975,55.65],[111.225,55.625],[111.45,55.45],[111.6,55.45],[111.625,55.375],[111.75,55.325],[111.7,55.125],[111.625,55.075],[111.625,54.8],[111.575,54.725],[111.425,54.675],[111.4,54.575],[111.475,54.5],[111.45,54.4],[111.3,54.2],[111.3,54.125],[111.575,54.175],[111.725,54.1],[112.0,54.1],[111.875,53.9],[111.875,53.75],[112.05,53.575],[112.15,53.55],[112.2,53.35],[112.3,53.425],[112.45,53.4],[112.575,53.3],[112.575,53.125],[112.625,52.975],[112.8,52.725],[112.8,52.55],[112.85,52.375],[112.725,52.375],[112.6,52.35],[112.475,52.2],[112.375,52.175],[112.375,51.975],[112.25,51.875],[112.05,51.625],[112.0,51.45],[111.85,51.425],[111.65,51.25],[111.475,51.15],[111.3,51.15],[111.175,51.1],[111.2,50.825],[111.1,50.7],[111.1,50.425],[110.95,50.4],[110.875,50.225],[110.675,50.25],[110.6,50.35],[110.5,50.275],[110.3,50.275],[109.975,50.1],[109.825,50.1],[109.375,50.2],[109.3,50.15],[109.025,50.15],[108.725,50.025],[108.7,49.925],[108.55,49.925],[108.5,50.125],[108.35,50.3],[108.225,50.35],[107.775,50.275],[107.35,50.3],[107.2,50.15],[107.075,50.125],[106.975,50.025],[106.85,50.025],[106.8,50.1],[106.65,50.15],[106.55,50.275],[106.5,50.425],[106.325,50.4],[106.25,50.5],[106.1,50.45],[106.15,50.225],[105.975,50.125],[105.775,50.1],[105.775,50.025],[105.45,49.925],[105.4,49.85],[105.175,49.825],[105.15,49.775],[104.9,49.8],[104.875,50.05],[104.675,49.975],[104.35,49.95],[104.325,49.9],[104.225,50.025],[104.1,50.1],[103.95,50.05],[103.825,49.9],[103.7,49.925],[103.525,50.05],[103.35,50.05],[103.075,50.275],[102.9,50.3],[102.725,50.5],[102.475,50.5],[102.45,50.55],[102.125,50.55],[101.975,50.625],[101.925,50.75],[101.925,51.15],[102.0,51.25],[101.75,51.375],[101.3,51.375],[101.275,51.5],[101.275,51.875],[101.35,51.95],[101.3,52.075],[100.9,52.075],[100.8,52.15],[100.625,52.15],[100.575,52.275],[100.475,52.35],[100.425,52.475],[100.575,52.625],[100.975,52.6],[101.125,52.625],[101.2,52.775]]]}},{"type":"Feature","properties":{"name":"Cheras","name_zh":"","focus":false,"color":"#b0805f","label":[77.02,9.58],"area":1.4},"geometry":{"type":"Polygon","coordinates":[[[76.675,10.35],[77.0,10.3],[77.075,10.15],[77.425,10.225],[77.575,10.05],[77.575,9.725],[77.35,9.575],[77.35,9.4],[77.225,9.3],[77.225,9.2],[77.175,9.025],[77.1,8.95],[76.95,8.925],[76.75,8.8],[76.666,8.786],[76.617,8.847],[76.553,8.903],[76.483,9.091],[76.472,9.161],[76.452,9.189],[76.419,9.208],[76.403,9.237],[76.325,9.452],[76.292,9.676],[76.242,9.927],[76.285,9.91],[76.327,9.851],[76.29,9.977],[76.249,10.018],[76.223,10.024],[76.201,10.073],[76.35,10.1],[76.5,10.225],[76.65,10.275],[76.675,10.35]],[[76.376,9.54],[76.42,9.52],[76.421,9.521],[76.373,9.69],[76.376,9.54]]]}},{"type":"Feature","properties":{"name":"Western Gangas","name_zh":"","focus":false,"color":"#7d6b5a","label":[76.8,10.99],"area":4.2},"geometry":{"type":"Polygon","coordinates":[[[75.825,12.35],[76.075,12.35],[76.15,12.4],[76.325,12.4],[76.375,12.45],[76.75,12.425],[76.875,12.375],[77.3,12.375],[77.425,12.3],[77.475,12.2],[77.575,12.175],[77.65,11.95],[77.775,11.9],[77.725,11.7],[77.725,11.525],[77.6,11.325],[77.6,11.025],[77.675,10.85],[77.675,10.525],[77.65,10.325],[77.625,10.325],[77.425,10.225],[77.075,10.15],[77.0,10.3],[76.675,10.35],[76.65,10.275],[76.5,10.225],[76.35,10.1],[76.201,10.073],[76.196,10.086],[76.193,10.164],[76.201,10.201],[76.123,10.327],[76.096,10.402],[75.923,10.784],[75.868,10.977],[75.651,11.422],[75.317,11.955],[75.315,11.958],[75.23,12.023],[75.197,12.058],[75.149,12.154],[75.4,12.25],[75.425,12.3],[75.75,12.3],[75.825,12.35]]]}},{"type":"Feature","properties":{"name":"Cholas","name_zh":"","focus":false,"color":"#a07d5a","label":[78.34,9.75],"area":2.0},"geometry":{"type":"Polygon","coordinates":[[[77.575,9.725],[77.575,10.05],[77.425,10.225],[77.625,10.325],[77.7,10.325],[77.825,10.325],[78.075,10.225],[78.2,10.325],[78.425,10.275],[78.475,10.225],[78.7,10.225],[78.775,10.175],[79.225,10.175],[79.254,10.146],[79.258,10.035],[79.039,9.74],[78.926,9.489],[78.942,9.431],[79.115,9.308],[79.18,9.298],[79.175,9.275],[79.175,9.258],[79.111,9.261],[78.317,8.996],[78.24,8.895],[78.206,8.907],[78.24,8.894],[78.222,8.842],[78.15,8.9],[77.825,9.05],[77.65,9.05],[77.225,9.2],[77.225,9.3],[77.35,9.4],[77.35,9.575],[77.575,9.725]]]}},{"type":"Feature","properties":{"name":"Kadambas","name_zh":"","focus":false,"color":"#b0805f","label":[76.14,13.07],"area":7.0},"geometry":{"type":"Polygon","coordinates":[[[74.35,14.825],[74.5,14.6],[74.625,14.6],[74.65,14.725],[74.8,14.8],[74.875,14.9],[75.05,14.95],[75.15,15.025],[75.325,15.025],[75.65,15.175],[75.75,15.05],[75.875,15.075],[75.9,15.15],[76.075,15.15],[76.175,15.2],[76.25,15.1],[76.4,15.025],[76.65,15.025],[76.7,15.075],[76.75,15.075],[77.05,14.75],[77.1,14.6],[77.1,14.325],[77.15,14.1],[77.15,13.75],[77.175,13.5],[77.375,13.25],[77.45,13.25],[77.6,12.875],[77.75,12.7],[77.675,12.6],[77.475,12.6],[77.35,12.5],[77.3,12.375],[76.875,12.375],[76.75,12.425],[76.375,12.45],[76.325,12.4],[76.15,12.4],[76.075,12.35],[75.825,12.35],[75.75,12.3],[75.425,12.3],[75.4,12.25],[75.149,12.154],[74.946,12.565],[74.868,12.845],[74.803,12.977],[74.771,13.077],[74.682,13.507],[74.682,13.584],[74.671,13.668],[74.608,13.85],[74.499,14.046],[74.467,14.169],[74.467,14.217],[74.397,14.407],[74.393,14.432],[74.248,14.683],[74.223,14.709],[74.089,14.902],[74.041,14.949],[73.949,15.075],[73.912,15.206],[74.1,15.175],[74.075,15.0],[74.25,14.825],[74.35,14.825]]]}},{"type":"Feature","properties":{"name":"Pallavas","name_zh":"","focus":false,"color":"#8a6f9e","label":[78.69,11.59],"area":5.8},"geometry":{"type":"Polygon","coordinates":[[[77.6,11.025],[77.6,11.325],[77.725,11.525],[77.725,11.7],[77.775,11.9],[77.65,11.95],[77.575,12.175],[77.475,12.2],[77.425,12.3],[77.3,12.375],[77.35,12.5],[77.475,12.6],[77.675,12.6],[77.75,12.7],[77.9,12.775],[78.425,12.85],[78.6,12.925],[78.9,12.85],[79.075,12.95],[79.325,12.95],[79.475,13.0],[79.675,12.775],[79.675,12.725],[79.975,12.475],[80.125,12.425],[80.038,12.296],[79.982,12.235],[79.94,12.151],[79.922,12.106],[79.92,12.112],[79.92,12.111],[79.921,12.106],[79.819,11.852],[79.771,11.69],[79.754,11.575],[79.793,11.447],[79.749,11.371],[79.721,11.341],[79.723,11.32],[79.799,11.339],[79.835,11.269],[79.849,11.197],[79.85,10.769],[79.838,10.323],[79.811,10.316],[79.788,10.25],[79.312,10.253],[79.254,10.175],[79.254,10.146],[79.225,10.175],[78.775,10.175],[78.7,10.225],[78.475,10.225],[78.425,10.275],[78.2,10.325],[78.075,10.225],[77.825,10.325],[77.7,10.325],[77.65,10.325],[77.675,10.525],[77.675,10.85],[77.6,11.025]]]}},{"type":"Feature","properties":{"name":"Vishnu-Kundins","name_zh":"","focus":false,"color":"#a3727a","label":[78.33,14.2],"area":7.8},"geometry":{"type":"Polygon","coordinates":[[[77.375,15.375],[77.7,15.375],[77.875,15.325],[78.0,15.4],[78.1,15.525],[78.5,15.7],[78.875,15.675],[78.925,15.775],[79.05,15.825],[79.075,16.075],[79.3,16.15],[79.45,16.15],[79.55,16.075],[79.8,16.05],[80.0,15.85],[80.175,15.8],[80.327,15.665],[80.299,15.643],[80.089,15.173],[80.116,14.742],[80.165,14.578],[80.179,14.478],[80.17,14.349],[80.143,14.299],[80.156,14.092],[80.125,14.075],[79.95,14.05],[79.7,13.9],[79.5,13.675],[79.45,13.525],[79.475,13.425],[79.475,13.0],[79.325,12.95],[79.075,12.95],[78.9,12.85],[78.6,12.925],[78.425,12.85],[77.9,12.775],[77.75,12.7],[77.6,12.875],[77.45,13.25],[77.375,13.25],[77.175,13.5],[77.15,13.75],[77.15,14.1],[77.1,14.325],[77.1,14.6],[77.05,14.75],[76.75,15.075],[76.725,15.075],[76.75,15.175],[76.9,15.25],[77.375,15.375]]]}},{"type":"Feature","properties":{"name":"Funan","name_zh":"扶南","focus":false,"color":"#a3727a","label":[104.84,12.38],"area":34.9},"geometry":{"type":"MultiPolygon","coordinates":[[[[101.725,12.925],[101.7,13.225],[101.65,13.25],[101.7,13.6],[101.775,13.725],[101.9,14.175],[102.025,14.25],[102.025,14.375],[101.85,14.5],[101.65,14.475],[101.675,14.65],[101.775,14.75],[101.85,15.0],[101.925,15.05],[101.925,15.175],[102.0,15.3],[102.075,15.65],[102.225,15.775],[102.3,15.775],[102.35,15.9],[102.575,16.075],[102.95,16.05],[103.05,15.975],[103.475,15.975],[103.625,16.125],[103.8,16.125],[103.9,16.025],[103.9,15.925],[104.0,15.925],[104.025,15.825],[104.125,15.825],[104.175,15.7],[104.4,15.7],[104.625,15.925],[104.8,16.025],[104.85,16.175],[105.0,16.225],[105.025,16.3],[104.925,16.35],[104.85,16.55],[104.9,16.55],[105.225,16.925],[105.325,16.95],[105.4,17.05],[105.525,17.075],[105.625,17.225],[105.75,17.275],[106.0,17.3],[106.05,17.375],[106.25,17.275],[106.275,17.1],[106.375,17.0],[106.525,16.95],[106.575,16.85],[106.725,16.75],[106.8,16.575],[106.9,16.475],[106.9,16.325],[107.025,16.225],[107.05,16.1],[107.175,16.025],[107.15,15.625],[107.2,15.45],[107.425,15.4],[107.55,15.3],[107.6,15.075],[107.8,15.05],[107.8,14.75],[107.75,14.7],[107.725,14.325],[107.8,14.25],[107.8,14.125],[107.975,14.075],[107.975,13.95],[107.8,13.95],[107.625,13.875],[107.525,13.75],[107.475,13.525],[107.425,13.475],[107.425,13.2],[107.575,13.075],[107.575,13.0],[107.775,12.925],[107.925,12.725],[107.925,12.575],[107.825,12.375],[107.725,12.3],[107.725,12.2],[107.825,12.075],[107.875,11.875],[107.825,11.825],[107.775,11.55],[107.775,11.325],[107.85,11.3],[107.975,11.15],[108.125,11.175],[108.275,11.025],[108.354,10.994],[108.272,10.934],[108.176,10.92],[108.095,10.897],[108.001,10.72],[107.845,10.7],[107.83,10.692],[107.671,10.526],[107.411,10.367],[107.265,10.347],[107.156,10.389],[107.084,10.337],[107.078,10.388],[107.116,10.405],[107.1,10.411],[106.971,10.493],[106.966,10.441],[106.947,10.4],[106.902,10.383],[106.813,10.433],[106.734,10.528],[106.708,10.458],[106.741,10.444],[106.778,10.376],[106.776,10.339],[106.757,10.296],[106.721,10.294],[106.733,10.19],[106.785,10.151],[106.785,10.116],[106.745,10.085],[106.747,10.067],[106.655,9.743],[106.571,9.651],[106.572,9.641],[106.539,9.604],[106.498,9.57],[106.481,9.552],[106.335,9.52],[106.227,9.543],[106.206,9.503],[106.206,9.502],[106.193,9.448],[106.168,9.397],[106.144,9.386],[106.117,9.335],[105.925,9.188],[105.503,9.028],[105.207,8.653],[105.024,8.519],[104.906,8.474],[104.742,8.493],[104.822,9.471],[104.84,9.528],[104.845,9.606],[104.903,9.816],[104.983,9.866],[104.974,9.982],[104.763,10.176],[104.72,10.19],[104.663,10.17],[104.613,10.208],[104.607,10.226],[104.427,10.284],[104.157,10.518],[104.003,10.536],[103.829,10.473],[103.606,10.473],[103.524,10.524],[103.558,10.58],[103.532,10.605],[103.54,10.669],[103.592,10.721],[103.658,10.749],[103.669,10.768],[103.651,10.88],[103.523,11.053],[103.445,11.042],[103.411,10.977],[103.354,10.922],[103.272,10.909],[103.203,10.912],[103.191,10.904],[103.039,10.897],[102.961,11.367],[102.658,12.063],[102.555,12.13],[102.54,12.109],[102.465,12.159],[102.323,12.186],[101.932,12.571],[101.889,12.593],[101.888,12.594],[101.769,12.638],[101.77,12.669],[101.769,12.67],[101.768,12.638],[101.6,12.658],[101.546,12.644],[101.48,12.618],[101.475,12.625],[101.6,12.725],[101.6,12.8],[101.725,12.925]]],[[[104.028,10.428],[104.064,10.391],[104.083,10.341],[104.076,10.225],[104.037,10.111],[104.048,10.061],[104.018,10.029],[103.952,10.243],[103.868,10.335],[103.85,10.371],[103.898,10.369],[103.986,10.427],[104.028,10.428]]],[[[103.223,10.782],[103.318,10.719],[103.281,10.68],[103.223,10.76],[103.223,10.782]]]]}},{"type":"Feature","properties":{"name":"Lavo","name_zh":"","focus":false,"color":"#a07d5a","label":[99.26,12.3],"area":17.9},"geometry":{"type":"MultiPolygon","coordinates":[[[[98.0,15.525],[98.025,15.65],[98.2,15.75],[98.4,15.75],[98.475,15.575],[98.775,15.45],[98.8,15.375],[98.925,15.425],[98.95,15.55],[98.95,15.925],[99.0,15.95],[99.025,16.25],[99.0,16.375],[99.225,16.475],[99.5,16.475],[99.575,16.35],[99.65,16.35],[99.825,16.175],[99.925,16.0],[100.0,15.95],[100.225,16.075],[100.375,16.075],[100.425,16.2],[100.375,16.525],[100.575,16.575],[100.625,16.65],[100.75,16.65],[100.9,16.575],[100.925,16.7],[101.0,16.75],[101.05,16.9],[101.25,16.825],[101.55,16.775],[101.525,16.725],[101.525,16.4],[101.625,16.325],[101.6,16.175],[101.675,16.125],[101.675,15.975],[101.875,15.725],[102.075,15.65],[102.0,15.3],[101.925,15.175],[101.925,15.05],[101.85,15.0],[101.775,14.75],[101.675,14.65],[101.65,14.475],[101.85,14.5],[102.025,14.375],[102.025,14.25],[101.9,14.175],[101.775,13.725],[101.7,13.6],[101.65,13.25],[101.7,13.225],[101.725,12.925],[101.6,12.8],[101.6,12.725],[101.475,12.625],[101.48,12.618],[101.328,12.558],[101.054,12.66],[100.954,12.621],[100.898,12.654],[100.884,12.677],[100.871,12.678],[100.873,12.697],[100.863,12.715],[100.883,12.777],[100.9,12.91],[100.904,13.035],[100.924,13.107],[100.939,13.229],[100.926,13.303],[100.947,13.358],[100.949,13.368],[100.902,13.447],[100.472,13.508],[100.471,13.508],[100.236,13.484],[100.197,13.469],[100.103,13.423],[100.017,13.353],[99.991,13.243],[100.051,13.171],[100.09,13.046],[99.982,12.771],[99.964,12.69],[100.006,12.355],[99.989,12.171],[99.93,12.047],[99.837,11.937],[99.799,11.749],[99.725,11.662],[99.627,11.463],[99.561,11.215],[99.514,11.101],[99.487,10.89],[99.285,10.569],[99.237,10.388],[99.165,10.32],[99.19,10.266],[99.195,10.175],[99.169,9.934],[99.161,9.734],[99.191,9.627],[99.288,9.415],[99.265,9.353],[99.254,9.265],[99.335,9.225],[99.394,9.214],[99.724,9.314],[99.836,9.288],[99.878,9.195],[99.905,9.113],[99.961,8.671],[99.99,8.589],[100.056,8.511],[100.129,8.428],[100.154,8.443],[100.159,8.474],[100.163,8.508],[100.229,8.425],[100.279,8.269],[100.336,8.0],[98.912,8.0],[98.872,8.024],[98.789,8.06],[98.704,8.257],[98.636,8.305],[98.579,8.344],[98.5,8.318],[98.474,8.247],[98.421,8.178],[98.361,8.187],[98.305,8.226],[98.238,8.423],[98.227,8.544],[98.242,8.768],[98.287,8.877],[98.242,8.901],[98.29,9.048],[98.251,9.041],[98.258,9.095],[98.274,9.13],[98.301,9.139],[98.308,9.104],[98.627,10.087],[98.605,10.1],[98.563,10.035],[98.521,10.107],[98.505,10.158],[98.431,10.201],[98.397,10.562],[98.467,10.664],[98.465,10.676],[98.501,10.719],[98.509,10.724],[98.579,10.826],[98.599,10.864],[98.608,10.879],[98.733,11.411],[98.733,11.435],[98.746,11.521],[98.741,11.592],[98.781,11.65],[98.59,11.695],[98.588,11.821],[98.675,12.053],[98.668,12.112],[98.664,12.127],[98.666,12.132],[98.655,12.225],[98.631,12.225],[98.6,12.245],[98.619,12.3],[98.644,12.32],[98.631,12.43],[98.624,12.441],[98.628,12.451],[98.595,12.736],[98.484,13.11],[98.197,13.644],[98.163,13.733],[98.15,13.648],[98.111,13.713],[98.098,13.898],[98.096,13.905],[97.822,14.616],[97.809,14.707],[97.875,14.925],[97.975,15.0],[98.125,15.35],[98.0,15.525]]],[[[98.454,12.061],[98.466,12.084],[98.525,12.005],[98.61,11.957],[98.576,11.925],[98.516,11.905],[98.474,11.899],[98.454,12.061]]],[[[98.554,11.745],[98.528,11.539],[98.465,11.567],[98.435,11.567],[98.397,11.684],[98.4,11.715],[98.376,11.792],[98.524,11.805],[98.554,11.745]]],[[[98.527,11.087],[98.542,10.962],[98.519,10.959],[98.498,10.964],[98.477,10.98],[98.527,11.087]]],[[[98.436,12.571],[98.468,12.571],[98.459,12.474],[98.381,12.354],[98.334,12.336],[98.314,12.336],[98.331,12.511],[98.303,12.612],[98.312,12.678],[98.396,12.647],[98.414,12.598],[98.436,12.571]]],[[[98.351,8.111],[98.435,8.086],[98.409,8.0],[98.276,8.0],[98.301,8.136],[98.322,8.166],[98.351,8.111]]]]}},{"type":"Feature","properties":{"focus":true,"kind":"state","approx":true,"color":"#4f7f5a","name":"Eastern Wei","name_zh":"东魏","label":[114.81,38.07],"area":103.8},"geometry":{"type":"Polygon","coordinates":[[[111.475,33.475],[111.3,33.6],[111.325,33.85],[111.15,33.875],[110.925,33.8],[110.925,34.0],[110.85,34.175],[111.05,34.2],[111.2,34.475],[111.325,34.5],[111.375,34.6],[111.275,34.975],[111.375,35.025],[111.375,35.15],[111.225,35.25],[111.15,35.425],[111.15,35.7],[110.975,35.9],[110.975,36.15],[111.175,36.425],[111.05,36.825],[111.075,37.0],[111.175,37.225],[111.375,37.5],[111.475,37.55],[111.45,37.675],[111.1,37.65],[110.975,37.875],[110.9,38.1],[110.75,38.275],[110.75,38.425],[110.9,38.525],[110.9,38.7],[111.0,38.925],[110.825,39.0],[110.7,39.0],[110.625,39.4],[110.525,39.6],[110.4,39.65],[110.3,39.775],[110.175,39.75],[110.175,40.3],[110.25,40.45],[110.125,40.5],[109.65,40.5],[109.475,40.55],[109.5,40.725],[109.675,40.725],[109.825,40.825],[110.1,40.875],[110.2,41.025],[110.525,41.075],[110.5,41.125],[110.15,41.275],[109.95,41.3],[109.95,41.35],[109.65,41.575],[109.6,41.775],[109.6,42.25],[109.65,42.4],[109.65,42.775],[109.575,42.875],[109.575,43.075],[109.725,43.2],[109.625,43.375],[109.6,43.65],[109.75,43.775],[109.9,43.775],[110.175,43.875],[110.35,43.975],[110.6,44.05],[110.825,44.05],[111.075,44.175],[111.225,44.175],[111.275,44.25],[111.575,44.4],[111.75,44.4],[111.95,44.475],[111.975,44.4],[112.15,44.3],[112.5,44.375],[112.725,44.375],[112.95,44.475],[112.975,44.55],[113.15,44.55],[113.325,44.475],[113.375,44.525],[113.575,44.525],[113.6,44.475],[113.6,44.225],[113.8,43.925],[113.775,43.7],[113.95,43.575],[113.95,43.325],[114.1,43.025],[114.1,42.9],[114.175,42.775],[114.5,42.475],[114.525,42.3],[114.85,42.175],[114.975,42.325],[115.45,42.025],[115.6,41.975],[115.875,42.025],[116.075,41.925],[116.075,42.05],[116.3,42.225],[116.5,42.275],[116.6,42.225],[116.75,42.425],[116.95,42.5],[117.25,42.525],[117.4,42.5],[117.475,42.6],[117.8,42.625],[118.25,42.85],[118.325,43.25],[118.65,43.25],[118.9,43.225],[118.975,43.25],[119.075,43.475],[119.075,43.575],[119.175,43.65],[119.125,44.025],[118.975,44.15],[119.15,44.4],[119.45,44.325],[119.525,44.125],[119.875,44.05],[119.925,43.975],[120.125,43.95],[120.2,43.875],[120.55,43.85],[120.625,43.775],[121.0,43.6],[121.025,43.55],[121.35,43.55],[121.525,43.45],[121.85,43.425],[121.9,43.3],[122.05,43.175],[122.1,43.025],[122.425,42.95],[122.775,42.65],[122.875,42.35],[122.95,42.3],[123.025,42.05],[122.925,42.0],[122.875,41.825],[122.75,41.7],[122.75,41.4],[122.65,41.15],[122.85,40.925],[123.1,40.825],[123.2,40.725],[123.175,40.575],[122.975,40.425],[122.825,40.125],[122.375,39.525],[122.375,39.385],[122.335,39.366],[122.225,39.267],[122.121,39.152],[122.048,39.094],[121.982,39.053],[121.923,39.037],[121.864,38.996],[121.863,38.996],[121.86,38.996],[121.805,38.991],[121.781,38.999],[121.679,39.002],[121.638,38.957],[121.666,38.899],[121.67,38.892],[121.67,38.891],[121.666,38.886],[121.65,38.865],[121.517,38.831],[121.326,38.809],[121.321,38.808],[121.236,38.766],[121.207,38.744],[121.165,38.732],[121.163,38.731],[121.162,38.735],[121.122,38.813],[121.108,38.915],[121.106,38.92],[121.107,38.92],[121.107,38.921],[121.163,38.939],[121.651,39.098],[121.662,39.102],[121.65,39.173],[121.628,39.22],[121.639,39.235],[121.639,39.236],[121.665,39.269],[121.758,39.348],[121.818,39.387],[121.785,39.401],[121.513,39.375],[121.388,39.376],[121.381,39.376],[121.356,39.377],[121.304,39.382],[121.275,39.384],[121.299,39.454],[121.267,39.544],[121.268,39.544],[121.267,39.545],[121.406,39.621],[121.47,39.64],[121.491,39.64],[121.513,39.649],[121.474,39.754],[121.474,39.755],[121.517,39.845],[121.608,39.878],[121.801,39.952],[121.805,39.956],[121.869,40.046],[121.961,40.119],[122.182,40.348],[122.189,40.356],[122.193,40.365],[122.203,40.396],[122.224,40.432],[122.271,40.533],[122.178,40.602],[122.137,40.689],[121.858,40.842],[121.826,40.964],[121.781,40.91],[121.766,40.876],[121.729,40.846],[121.728,40.846],[121.599,40.843],[121.567,40.861],[121.173,40.899],[121.058,40.811],[121.003,40.749],[120.922,40.683],[120.857,40.656],[120.776,40.594],[120.771,40.589],[120.627,40.413],[120.479,40.23],[120.063,40.076],[119.85,39.987],[119.614,39.91],[119.592,39.902],[119.406,39.764],[119.393,39.754],[119.264,39.566],[119.261,39.561],[119.225,39.408],[119.04,39.222],[118.977,39.183],[118.976,39.182],[118.975,39.182],[118.912,39.166],[118.826,39.172],[118.752,39.16],[118.632,39.176],[118.625,39.176],[118.618,39.174],[118.472,39.118],[118.298,39.067],[118.297,39.067],[118.149,39.193],[118.045,39.225],[117.862,39.188],[117.783,39.132],[117.617,38.853],[117.558,38.629],[117.558,38.625],[117.569,38.602],[117.656,38.424],[117.767,38.312],[118.015,38.183],[118.542,38.095],[118.546,38.096],[118.667,38.126],[118.8,38.127],[118.94,38.043],[119.028,37.904],[119.036,37.809],[119.038,37.78],[119.042,37.773],[119.07,37.749],[119.089,37.701],[119.089,37.7],[119.075,37.69],[119.033,37.661],[119.025,37.657],[118.989,37.633],[118.954,37.33],[119.106,37.205],[119.112,37.201],[119.286,37.139],[119.341,37.134],[119.45,37.125],[119.584,37.138],[119.761,37.156],[119.883,37.251],[119.883,37.28],[119.88,37.296],[119.882,37.336],[119.882,37.35],[119.883,37.35],[119.883,37.351],[120.004,37.415],[120.155,37.495],[120.298,37.612],[120.257,37.678],[120.258,37.678],[120.257,37.679],[120.285,37.692],[120.31,37.695],[120.732,37.828],[120.75,37.834],[121.049,37.725],[121.218,37.601],[121.287,37.592],[121.388,37.579],[121.401,37.572],[121.633,37.463],[121.64,37.46],[121.816,37.457],[121.952,37.446],[121.959,37.446],[121.986,37.469],[122.01,37.496],[122.057,37.529],[122.11,37.522],[122.129,37.501],[122.172,37.455],[122.338,37.405],[122.34,37.405],[122.598,37.426],[122.602,37.426],[122.667,37.403],[122.664,37.4],[122.575,37.317],[122.585,37.204],[122.587,37.181],[122.454,37.072],[122.521,37.004],[122.523,37.003],[122.52,36.947],[122.519,36.946],[122.346,36.836],[122.341,36.832],[122.34,36.832],[122.338,36.832],[122.274,36.834],[122.245,36.848],[122.242,36.849],[122.16,36.958],[121.933,36.959],[121.925,36.956],[121.67,36.836],[121.413,36.738],[121.271,36.697],[121.053,36.611],[121.052,36.611],[120.99,36.598],[120.914,36.623],[120.816,36.632],[120.805,36.601],[120.822,36.587],[120.883,36.539],[120.905,36.485],[120.896,36.444],[120.858,36.43],[120.847,36.426],[120.774,36.453],[120.712,36.412],[120.682,36.339],[120.681,36.168],[120.646,36.137],[120.637,36.129],[120.393,36.053],[120.39,36.055],[120.348,36.079],[120.331,36.109],[120.33,36.11],[120.325,36.224],[120.18,36.199],[120.101,36.111],[120.126,36.082],[120.18,36.019],[120.186,36.017],[120.265,36.007],[120.285,35.984],[120.219,35.935],[120.065,35.866],[120.058,35.862],[120.049,35.848],[120.027,35.799],[119.979,35.74],[119.976,35.739],[119.866,35.643],[119.859,35.64],[119.811,35.618],[119.746,35.597],[119.717,35.586],[119.715,35.584],[119.526,35.358],[119.429,35.299],[119.4,35.229],[119.353,35.114],[119.352,35.113],[119.214,35.007],[119.197,34.95],[119.166,34.85],[119.15,34.85],[118.925,34.6],[118.5,34.475],[118.2,34.075],[118.2,34.0],[118.05,33.8],[117.9,33.675],[117.7,33.425],[117.5,33.375],[117.4,33.3],[117.025,33.275],[116.925,33.2],[116.6,33.275],[116.425,33.375],[115.825,33.375],[115.675,33.225],[115.625,33.05],[115.525,32.975],[115.425,32.675],[115.325,32.6],[115.3,32.5],[115.175,32.475],[115.025,32.3],[114.35,32.3],[114.25,32.4],[114.1,32.4],[114.075,32.3],[113.95,32.225],[113.825,32.325],[113.75,32.1],[113.575,32.25],[113.45,32.25],[113.35,32.325],[113.225,32.3],[113.175,32.225],[113.05,32.2],[112.95,32.1],[112.575,32.1],[112.375,32.2],[112.05,32.2],[111.925,32.125],[111.725,32.2],[111.65,32.425],[111.475,32.575],[111.325,32.575],[111.25,32.65],[111.35,32.825],[111.375,33.225],[111.45,33.3],[111.475,33.475]]]}},{"type":"Feature","properties":{"focus":true,"kind":"state","approx":true,"color":"#9e4a6e","name":"Liang","name_zh":"梁","label":[108.57,26.08],"area":225.4},"geometry":{"type":"MultiPolygon","coordinates":[[[[122.332,29.935],[122.351,29.955],[122.402,29.95],[122.404,29.892],[122.394,29.846],[122.367,29.852],[122.331,29.934],[122.332,29.934],[122.332,29.935]]],[[[121.969,30.143],[122.111,30.14],[122.284,30.068],[122.322,30.031],[122.296,29.963],[122.283,29.945],[122.281,29.943],[122.157,30.0],[122.024,30.013],[121.977,30.063],[121.969,30.143]]],[[[122.12,29.782],[122.165,29.701],[122.173,29.679],[122.169,29.66],[122.042,29.735],[122.055,29.759],[122.062,29.773],[122.12,29.782]]],[[[103.5,32.9],[103.725,32.9],[103.9,32.95],[103.975,32.875],[104.25,32.875],[104.3,32.8],[104.625,32.725],[104.675,32.65],[105.05,32.675],[105.05,32.775],[105.15,32.85],[105.225,33.075],[105.475,33.05],[105.625,32.975],[105.7,32.75],[105.95,32.75],[105.95,32.875],[106.175,32.8],[106.275,32.7],[106.4,32.75],[106.475,32.7],[106.625,32.75],[107.075,32.75],[107.1,33.025],[107.2,33.1],[107.6,33.2],[107.6,33.425],[107.525,33.55],[107.525,33.725],[107.825,33.725],[107.875,33.65],[108.375,33.675],[108.45,33.475],[108.625,33.275],[108.625,33.2],[108.5,33.125],[108.5,33.025],[108.7,32.875],[108.8,32.625],[109.025,32.7],[109.1,32.6],[109.15,32.425],[109.15,32.2],[109.3,32.1],[109.35,31.975],[109.575,31.925],[109.625,31.825],[109.85,31.8],[109.875,31.65],[109.95,31.55],[110.1,31.5],[110.325,31.525],[110.375,31.575],[110.25,31.75],[110.25,32.0],[110.375,32.075],[110.5,32.225],[110.7,32.3],[110.675,32.65],[110.7,32.8],[110.95,32.8],[110.975,32.725],[111.25,32.65],[111.325,32.575],[111.475,32.575],[111.65,32.425],[111.725,32.2],[111.925,32.125],[112.05,32.2],[112.375,32.2],[112.575,32.1],[112.95,32.1],[113.05,32.2],[113.175,32.225],[113.225,32.3],[113.35,32.325],[113.45,32.25],[113.575,32.25],[113.75,32.1],[113.825,32.325],[113.95,32.225],[114.075,32.3],[114.1,32.4],[114.25,32.4],[114.35,32.3],[115.025,32.3],[115.175,32.475],[115.3,32.5],[115.325,32.6],[115.425,32.675],[115.525,32.975],[115.625,33.05],[115.675,33.225],[115.825,33.375],[116.425,33.375],[116.6,33.275],[116.925,33.2],[117.025,33.275],[117.4,33.3],[117.5,33.375],[117.7,33.425],[117.9,33.675],[118.05,33.8],[118.2,34.0],[118.2,34.075],[118.5,34.475],[118.925,34.6],[119.15,34.85],[119.166,34.85],[119.166,34.849],[119.189,34.783],[119.198,34.756],[119.343,34.749],[119.351,34.749],[119.427,34.714],[119.549,34.611],[119.584,34.582],[119.587,34.58],[119.957,34.449],[119.964,34.448],[120.201,34.326],[120.267,34.274],[120.323,34.169],[120.379,34.003],[120.493,33.729],[120.5,33.716],[120.502,33.681],[120.506,33.637],[120.616,33.491],[120.622,33.478],[120.868,33.021],[120.871,33.017],[120.897,32.843],[120.889,32.829],[120.853,32.762],[120.853,32.761],[120.856,32.66],[120.903,32.627],[120.99,32.567],[121.293,32.457],[121.342,32.425],[121.401,32.372],[121.402,32.337],[121.408,32.202],[121.419,32.19],[121.481,32.129],[121.491,32.121],[121.674,32.051],[121.751,31.993],[121.832,31.9],[121.856,31.816],[121.866,31.704],[121.866,31.703],[121.86,31.703],[121.764,31.7],[121.683,31.712],[121.68,31.712],[121.351,31.858],[121.145,31.842],[120.973,31.869],[120.789,32.032],[120.523,32.105],[120.184,31.966],[120.07,31.952],[120.191,31.907],[120.192,31.906],[120.198,31.908],[120.488,32.016],[120.497,32.02],[120.716,31.984],[120.752,31.923],[120.778,31.848],[120.792,31.818],[121.05,31.721],[121.055,31.719],[121.205,31.628],[121.351,31.485],[121.661,31.32],[121.786,31.163],[121.834,31.062],[121.878,30.917],[121.801,30.884],[121.769,30.87],[121.528,30.841],[121.473,30.815],[121.419,30.79],[121.31,30.7],[121.309,30.699],[120.999,30.558],[120.898,30.394],[120.897,30.393],[120.897,30.392],[120.821,30.354],[120.45,30.387],[120.271,30.296],[120.268,30.265],[120.354,30.248],[120.494,30.303],[120.495,30.303],[120.503,30.293],[120.642,30.134],[120.658,30.136],[120.904,30.161],[121.04,30.236],[121.159,30.302],[121.258,30.304],[121.341,30.282],[121.433,30.227],[121.678,29.979],[121.812,29.952],[121.868,29.928],[122.016,29.888],[122.017,29.888],[122.083,29.87],[122.036,29.846],[121.905,29.779],[121.677,29.584],[121.592,29.545],[121.56,29.521],[121.578,29.495],[121.689,29.511],[121.697,29.516],[121.822,29.605],[121.888,29.628],[121.941,29.606],[121.968,29.491],[121.918,29.135],[121.913,29.135],[121.853,29.128],[121.79,29.224],[121.716,29.255],[121.712,29.255],[121.656,29.236],[121.549,29.237],[121.534,29.235],[121.461,29.151],[121.503,29.122],[121.521,29.118],[121.665,29.011],[121.68,28.953],[121.641,28.916],[121.63,28.918],[121.609,28.903],[121.66,28.853],[121.663,28.851],[121.644,28.805],[121.63,28.767],[121.627,28.766],[121.59,28.735],[121.532,28.717],[121.519,28.711],[121.478,28.643],[121.487,28.619],[121.538,28.521],[121.602,28.367],[121.61,28.292],[121.609,28.292],[121.509,28.322],[121.354,28.229],[121.272,28.222],[121.219,28.337],[121.147,28.327],[121.097,28.287],[121.095,28.284],[121.035,28.157],[120.959,28.037],[120.938,28.027],[120.892,28.003],[120.765,28.006],[120.764,27.977],[120.833,27.938],[120.833,27.891],[120.749,27.808],[120.686,27.745],[120.665,27.642],[120.665,27.639],[120.66,27.636],[120.593,27.582],[120.628,27.485],[120.629,27.482],[120.608,27.412],[120.54,27.318],[120.482,27.268],[120.388,27.159],[120.385,27.156],[120.384,27.155],[120.276,27.092],[120.164,26.924],[120.139,26.886],[120.136,26.879],[120.087,26.676],[120.087,26.672],[120.043,26.634],[119.968,26.586],[119.967,26.586],[119.882,26.61],[119.851,26.688],[119.842,26.689],[119.821,26.737],[119.818,26.772],[119.802,26.812],[119.77,26.783],[119.767,26.775],[119.713,26.731],[119.71,26.728],[119.591,26.757],[119.616,26.688],[119.624,26.676],[119.632,26.644],[119.639,26.625],[119.714,26.611],[119.726,26.609],[119.785,26.547],[119.831,26.45],[119.835,26.434],[119.849,26.404],[119.876,26.371],[119.881,26.334],[119.692,26.236],[119.567,26.127],[119.47,26.059],[119.463,26.054],[119.459,26.055],[119.37,26.054],[119.313,26.063],[119.271,26.085],[119.173,26.1],[119.256,25.984],[119.262,25.976],[119.299,25.961],[119.331,25.949],[119.418,25.955],[119.5,26.009],[119.501,26.009],[119.619,26.004],[119.648,25.919],[119.617,25.823],[119.556,25.704],[119.553,25.698],[119.54,25.595],[119.549,25.574],[119.619,25.437],[119.622,25.391],[119.593,25.368],[119.592,25.368],[119.588,25.37],[119.499,25.409],[119.444,25.445],[119.419,25.458],[119.41,25.458],[119.344,25.446],[119.315,25.454],[119.18,25.449],[119.149,25.411],[119.159,25.381],[119.169,25.357],[119.171,25.355],[119.244,25.307],[119.286,25.232],[119.281,25.23],[119.235,25.205],[118.974,25.205],[118.966,25.194],[118.917,25.128],[118.946,25.034],[118.956,25.005],[118.942,24.983],[118.909,24.928],[118.726,24.859],[118.708,24.85],[118.69,24.846],[118.644,24.829],[118.681,24.788],[118.692,24.782],[118.719,24.746],[118.702,24.712],[118.657,24.621],[118.56,24.58],[118.412,24.6],[118.295,24.572],[118.195,24.625],[118.091,24.626],[118.015,24.56],[118.01,24.518],[118.006,24.482],[117.935,24.474],[117.922,24.476],[117.852,24.471],[117.879,24.397],[117.969,24.386],[118.024,24.38],[118.051,24.327],[118.056,24.246],[117.84,24.013],[117.839,24.012],[117.735,24.008],[117.726,23.999],[117.668,23.939],[117.628,23.836],[117.464,23.836],[117.44,23.795],[117.444,23.783],[117.46,23.771],[117.462,23.736],[117.462,23.735],[117.452,23.71],[117.417,23.621],[117.378,23.595],[117.367,23.588],[117.365,23.596],[117.347,23.636],[117.336,23.684],[117.331,23.7],[117.3,23.712],[117.271,23.694],[117.225,23.647],[117.148,23.599],[117.084,23.579],[117.082,23.578],[117.03,23.623],[116.912,23.638],[116.871,23.491],[116.861,23.453],[116.76,23.383],[116.712,23.36],[116.696,23.359],[116.683,23.352],[116.696,23.285],[116.699,23.278],[116.669,23.228],[116.54,23.18],[116.526,23.06],[116.52,23.007],[116.473,22.949],[116.47,22.945],[116.345,22.941],[116.252,22.977],[116.221,22.948],[116.206,22.919],[116.158,22.888],[116.157,22.887],[115.852,22.801],[115.636,22.851],[115.562,22.823],[115.556,22.813],[115.535,22.765],[115.499,22.72],[115.498,22.718],[115.382,22.718],[115.19,22.815],[115.058,22.751],[115.012,22.709],[114.926,22.688],[114.919,22.684],[114.911,22.676],[114.896,22.64],[114.854,22.617],[114.853,22.616],[114.75,22.626],[114.711,22.733],[114.651,22.752],[114.546,22.621],[114.553,22.542],[114.554,22.529],[114.554,22.528],[114.551,22.529],[114.496,22.527],[114.453,22.559],[114.346,22.592],[114.276,22.547],[114.28,22.518],[114.291,22.499],[114.286,22.468],[114.287,22.462],[114.293,22.453],[114.325,22.437],[114.335,22.396],[114.292,22.371],[114.29,22.367],[114.288,22.325],[114.268,22.296],[114.258,22.3],[114.242,22.267],[114.247,22.264],[114.244,22.234],[114.232,22.211],[114.207,22.195],[114.138,22.268],[114.139,22.269],[114.134,22.292],[114.154,22.294],[114.178,22.331],[114.034,22.375],[113.941,22.365],[113.937,22.365],[113.902,22.396],[113.896,22.428],[114.006,22.506],[113.982,22.519],[113.931,22.531],[113.831,22.605],[113.828,22.607],[113.754,22.733],[113.661,22.801],[113.66,22.803],[113.62,22.861],[113.603,22.969],[113.6,22.979],[113.586,23.02],[113.587,23.029],[113.592,23.077],[113.595,23.081],[113.598,23.105],[113.518,23.101],[113.45,23.054],[113.449,23.042],[113.46,22.996],[113.442,22.941],[113.435,22.939],[113.433,22.921],[113.454,22.904],[113.465,22.905],[113.521,22.852],[113.555,22.804],[113.564,22.758],[113.562,22.76],[113.563,22.757],[113.426,22.858],[113.394,22.922],[113.336,22.896],[113.381,22.833],[113.432,22.789],[113.445,22.745],[113.477,22.7],[113.485,22.692],[113.553,22.594],[113.551,22.405],[113.566,22.383],[113.589,22.35],[113.576,22.297],[113.548,22.223],[113.548,22.222],[113.543,22.22],[113.499,22.202],[113.416,22.178],[113.37,22.166],[113.367,22.165],[113.364,22.163],[113.266,22.088],[113.149,22.075],[113.074,22.19],[113.009,22.118],[112.994,22.017],[112.984,21.938],[112.954,21.907],[112.911,21.885],[112.903,21.881],[112.799,21.94],[112.796,21.938],[112.662,21.86],[112.658,21.856],[112.634,21.82],[112.589,21.779],[112.586,21.776],[112.58,21.78],[112.495,21.818],[112.425,21.878],[112.421,21.88],[112.43,21.953],[112.381,21.979],[112.388,21.814],[112.39,21.801],[112.356,21.768],[112.305,21.742],[112.304,21.741],[112.296,21.743],[112.193,21.763],[112.15,21.788],[111.955,21.847],[111.936,21.817],[111.926,21.776],[111.873,21.717],[111.872,21.717],[111.825,21.71],[111.795,21.715],[111.773,21.715],[111.758,21.702],[111.712,21.655],[111.682,21.608],[111.603,21.559],[111.601,21.559],[111.395,21.535],[111.319,21.486],[111.268,21.49],[111.221,21.494],[111.144,21.482],[111.101,21.485],[111.068,21.507],[111.025,21.51],[110.998,21.436],[110.997,21.43],[110.996,21.43],[110.995,21.43],[110.878,21.396],[110.783,21.388],[110.77,21.385],[110.761,21.378],[110.652,21.279],[110.567,21.214],[110.504,21.207],[110.46,21.23],[110.458,21.23],[110.439,21.299],[110.41,21.302],[110.4,21.267],[110.397,21.248],[110.375,21.172],[110.372,21.17],[110.297,21.09],[110.384,21.093],[110.385,21.093],[110.387,21.091],[110.426,21.06],[110.521,21.083],[110.522,21.083],[110.54,21.039],[110.539,21.018],[110.504,20.968],[110.488,20.975],[110.421,21.006],[110.411,21.006],[110.34,20.998],[110.282,21.001],[110.28,21.001],[110.264,21.025],[110.301,21.074],[110.281,21.093],[110.194,21.037],[110.155,20.945],[110.186,20.859],[110.297,20.845],[110.365,20.838],[110.388,20.791],[110.371,20.752],[110.361,20.745],[110.317,20.671],[110.468,20.552],[110.512,20.518],[110.518,20.46],[110.516,20.458],[110.451,20.357],[110.45,20.355],[110.449,20.355],[110.344,20.294],[110.123,20.263],[109.938,20.295],[109.882,20.364],[109.885,20.413],[109.886,20.413],[109.887,20.413],[109.963,20.402],[109.968,20.446],[109.86,20.514],[109.792,20.621],[109.792,20.622],[109.792,20.624],[109.802,20.717],[109.702,20.859],[109.685,20.874],[109.666,20.91],[109.662,20.916],[109.703,21.05],[109.681,21.131],[109.681,21.132],[109.749,21.215],[109.759,21.227],[109.779,21.337],[109.78,21.337],[109.788,21.34],[109.919,21.38],[109.921,21.476],[109.829,21.483],[109.769,21.544],[109.749,21.539],[109.743,21.528],[109.689,21.525],[109.686,21.524],[109.595,21.67],[109.544,21.691],[109.543,21.545],[109.544,21.538],[109.543,21.537],[109.54,21.536],[109.436,21.479],[109.351,21.455],[109.346,21.453],[109.32,21.452],[109.22,21.443],[109.149,21.426],[109.082,21.44],[109.081,21.44],[109.083,21.443],[109.098,21.487],[109.124,21.528],[109.129,21.539],[109.102,21.589],[109.027,21.626],[109.014,21.626],[108.922,21.624],[108.894,21.628],[108.771,21.63],[108.764,21.636],[108.744,21.651],[108.725,21.671],[108.615,21.77],[108.614,21.773],[108.589,21.816],[108.6,21.838],[108.587,21.9],[108.48,21.889],[108.524,21.674],[108.526,21.671],[108.507,21.642],[108.502,21.633],[108.444,21.607],[108.335,21.694],[108.316,21.664],[108.302,21.622],[108.246,21.558],[108.146,21.564],[108.066,21.525],[108.056,21.524],[107.973,21.508],[107.926,21.499],[107.829,21.497],[107.808,21.495],[107.801,21.489],[107.707,21.406],[107.638,21.369],[107.637,21.368],[107.412,21.285],[107.374,21.132],[107.373,21.128],[107.354,21.055],[107.164,20.948],[107.161,20.949],[107.112,20.96],[107.084,20.99],[107.07,20.997],[106.993,20.977],[106.981,20.971],[106.972,20.972],[106.886,20.95],[106.821,20.958],[106.795,20.972],[106.69,20.997],[106.676,20.959],[106.737,20.806],[106.753,20.735],[106.694,20.674],[106.554,20.529],[106.568,20.422],[106.573,20.392],[106.518,20.289],[106.517,20.288],[106.172,19.998],[106.166,19.992],[106.165,19.992],[106.061,19.986],[105.982,19.935],[105.934,19.835],[105.815,19.589],[105.814,19.574],[105.812,19.467],[105.802,19.435],[105.791,19.295],[105.791,19.294],[105.716,19.128],[105.716,19.127],[105.639,19.055],[105.633,19.026],[105.623,18.97],[105.698,18.838],[105.732,18.779],[105.734,18.773],[105.792,18.672],[105.808,18.646],[105.814,18.632],[105.885,18.507],[105.888,18.502],[106.066,18.316],[106.07,18.313],[106.233,18.224],[106.24,18.221],[106.412,18.053],[106.499,17.946],[106.488,17.925],[106.46,17.871],[106.46,17.867],[106.479,17.72],[106.467,17.724],[106.468,17.698],[106.487,17.68],[106.517,17.663],[106.736,17.367],[106.926,17.221],[107.099,17.073],[107.075,17.0],[106.875,16.8],[106.725,16.75],[106.575,16.85],[106.525,16.95],[106.375,17.0],[106.275,17.1],[106.25,17.275],[106.05,17.375],[105.9,17.475],[105.825,17.6],[105.7,17.625],[105.55,17.775],[105.4,17.85],[105.325,18.05],[105.0,18.05],[104.925,18.1],[104.975,18.45],[104.875,18.525],[104.675,18.55],[104.575,18.7],[104.475,18.7],[104.425,18.825],[104.15,18.775],[103.825,19.125],[103.475,19.275],[103.475,19.35],[103.25,19.45],[103.3,19.625],[103.475,19.8],[103.525,19.8],[103.5,20.125],[103.375,20.275],[103.3,20.3],[103.25,20.55],[103.35,20.65],[103.4,20.8],[103.4,21.025],[103.3,21.175],[103.3,21.45],[103.5,21.525],[103.5,21.725],[103.575,21.75],[103.35,22.1],[103.275,22.1],[103.225,22.375],[103.05,22.4],[102.925,22.5],[102.9,22.6],[102.75,22.7],[102.75,22.85],[102.625,22.9],[102.55,23.0],[102.125,23.15],[101.975,23.325],[101.6,23.325],[101.525,23.45],[101.3,23.425],[101.2,23.575],[101.025,23.575],[101.025,23.75],[100.875,23.8],[100.7,23.8],[100.625,23.9],[100.625,24.125],[100.375,24.075],[100.325,23.95],[100.25,23.95],[100.15,24.25],[99.8,24.275],[99.675,24.2],[99.575,24.05],[99.325,24.075],[99.25,24.175],[99.05,24.2],[99.05,24.325],[98.925,24.525],[98.925,24.8],[98.825,25.075],[98.75,25.15],[98.775,25.35],[98.775,25.7],[98.725,25.775],[98.75,25.925],[98.75,26.325],[98.9,26.6],[98.875,26.875],[98.875,27.325],[98.825,27.425],[98.825,27.675],[98.925,27.775],[99.025,27.775],[99.075,27.95],[99.075,28.175],[99.175,28.225],[99.275,28.125],[99.575,28.15],[99.675,28.025],[99.675,27.85],[99.85,27.9],[99.9,28.125],[99.9,28.4],[100.15,28.775],[100.175,28.925],[100.375,29.025],[100.375,29.175],[100.5,29.275],[100.6,29.275],[100.675,29.175],[100.775,29.15],[100.9,29.2],[100.975,29.075],[101.125,29.175],[101.4,29.3],[101.45,29.375],[101.575,29.4],[101.575,29.475],[101.8,29.775],[101.75,29.925],[101.75,30.425],[101.975,30.775],[102.075,30.875],[102.2,30.9],[102.15,31.15],[102.3,31.2],[102.3,31.4],[102.475,31.6],[102.55,31.6],[102.7,31.9],[102.5,32.05],[102.575,32.225],[102.7,32.325],[102.725,32.425],[103.0,32.75],[103.375,32.75],[103.475,32.775],[103.5,32.9]]],[[[121.728,31.582],[121.808,31.552],[121.844,31.526],[121.863,31.492],[121.862,31.492],[121.78,31.463],[121.519,31.549],[121.336,31.643],[121.331,31.649],[121.227,31.758],[121.211,31.804],[121.211,31.805],[121.339,31.797],[121.464,31.756],[121.478,31.725],[121.492,31.694],[121.494,31.693],[121.542,31.674],[121.576,31.638],[121.728,31.582]]],[[[121.205,28.204],[121.234,28.181],[121.251,28.145],[121.251,28.086],[121.247,28.085],[121.164,28.063],[121.134,28.063],[121.131,28.062],[121.134,28.132],[121.134,28.135],[121.192,28.192],[121.205,28.204]]],[[[119.839,25.56],[119.816,25.52],[119.813,25.51],[119.829,25.483],[119.832,25.48],[119.821,25.457],[119.748,25.411],[119.746,25.41],[119.7,25.432],[119.7,25.434],[119.699,25.495],[119.719,25.54],[119.72,25.548],[119.696,25.59],[119.696,25.591],[119.717,25.629],[119.722,25.638],[119.723,25.639],[119.772,25.652],[119.777,25.653],[119.778,25.653],[119.78,25.65],[119.815,25.614],[119.829,25.607],[119.838,25.591],[119.839,25.56]]],[[[118.171,24.519],[118.183,24.496],[118.15,24.436],[118.149,24.436],[118.09,24.446],[118.076,24.501],[118.079,24.506],[118.093,24.541],[118.102,24.551],[118.103,24.552],[118.104,24.552],[118.171,24.519]]],[[[113.998,22.212],[113.998,22.21],[113.997,22.21],[113.877,22.21],[113.876,22.211],[113.852,22.22],[113.84,22.239],[113.839,22.241],[113.839,22.242],[113.882,22.28],[114.044,22.333],[114.042,22.331],[113.998,22.212]]],[[[112.8,21.69],[112.79,21.602],[112.771,21.582],[112.77,21.584],[112.742,21.618],[112.737,21.648],[112.712,21.697],[112.713,21.698],[112.782,21.772],[112.839,21.765],[112.863,21.753],[112.862,21.752],[112.802,21.697],[112.8,21.69]]],[[[112.559,21.675],[112.646,21.71],[112.647,21.71],[112.648,21.71],[112.644,21.64],[112.643,21.639],[112.637,21.638],[112.546,21.619],[112.525,21.623],[112.559,21.675]]],[[[109.583,19.969],[109.584,19.97],[109.651,19.984],[109.906,19.963],[110.078,19.992],[110.145,20.036],[110.172,20.054],[110.213,20.056],[110.344,20.039],[110.359,20.019],[110.371,20.017],[110.393,20.058],[110.394,20.059],[110.418,20.055],[110.519,20.008],[110.571,19.987],[110.589,20.059],[110.589,20.072],[110.598,20.096],[110.598,20.097],[110.598,20.098],[110.652,20.138],[110.679,20.137],[110.731,20.075],[110.806,20.016],[110.808,20.015],[110.824,20.01],[110.889,19.992],[110.938,19.948],[110.971,19.883],[110.998,19.765],[111.014,19.655],[111.013,19.655],[110.913,19.586],[110.831,19.561],[110.82,19.555],[110.641,19.291],[110.603,19.207],[110.573,19.173],[110.572,19.17],[110.563,19.135],[110.566,19.099],[110.519,18.97],[110.478,18.813],[110.451,18.748],[110.451,18.747],[110.408,18.707],[110.4,18.698],[110.399,18.698],[110.397,18.698],[110.334,18.673],[110.305,18.671],[110.251,18.655],[110.25,18.655],[110.156,18.57],[110.067,18.516],[110.064,18.514],[110.066,18.477],[110.066,18.476],[110.067,18.448],[110.067,18.447],[110.02,18.416],[109.814,18.395],[109.731,18.303],[109.703,18.259],[109.681,18.247],[109.59,18.226],[109.522,18.219],[109.519,18.218],[109.342,18.299],[109.334,18.301],[109.183,18.325],[109.046,18.363],[109.029,18.367],[109.01,18.377],[108.922,18.416],[108.721,18.525],[108.701,18.535],[108.638,18.866],[108.638,18.867],[108.636,18.908],[108.65,19.265],[108.666,19.304],[108.694,19.338],[108.791,19.418],[108.795,19.42],[109.0,19.561],[109.063,19.614],[109.115,19.641],[109.232,19.721],[109.233,19.722],[109.232,19.753],[109.177,19.768],[109.219,19.843],[109.22,19.843],[109.263,19.883],[109.315,19.904],[109.318,19.904],[109.506,19.903],[109.51,19.904],[109.583,19.969]]],[[[107.406,21.102],[107.397,21.104],[107.433,21.178],[107.453,21.235],[107.476,21.269],[107.483,21.265],[107.599,21.217],[107.603,21.217],[107.602,21.216],[107.458,21.091],[107.454,21.092],[107.404,21.094],[107.406,21.102]]],[[[107.476,20.951],[107.482,20.958],[107.519,21.013],[107.551,21.034],[107.551,20.981],[107.521,20.927],[107.521,20.926],[107.519,20.926],[107.466,20.901],[107.401,20.903],[107.4,20.903],[107.399,20.903],[107.442,20.93],[107.476,20.951]]],[[[106.953,20.867],[107.044,20.837],[107.064,20.817],[107.064,20.8],[107.042,20.761],[107.031,20.747],[107.024,20.746],[106.99,20.743],[106.91,20.824],[106.953,20.867]]],[[[106.795,20.928],[106.855,20.858],[106.866,20.816],[106.854,20.796],[106.769,20.864],[106.791,20.917],[106.795,20.928]]]]}},{"type":"Feature","properties":{"focus":true,"kind":"state","approx":true,"color":"#6a5a9c","name":"Western Wei","name_zh":"西魏","label":[106.09,37.76],"area":115.8},"geometry":{"type":"Polygon","coordinates":[[[95.725,38.6],[95.625,38.85],[95.425,39.05],[95.25,39.1],[95.0,39.075],[94.475,39.225],[94.25,39.05],[94.025,39.075],[93.95,39.175],[93.75,39.15],[93.675,39.2],[93.4,39.2],[93.25,39.15],[92.85,39.15],[92.725,39.125],[92.575,39.275],[92.475,39.55],[92.45,39.775],[92.4,39.85],[92.375,40.25],[92.4,40.25],[92.4,40.625],[92.375,40.9],[92.65,41.075],[92.925,41.125],[93.0,41.525],[93.05,41.625],[93.05,41.825],[92.875,41.9],[92.775,42.0],[92.775,42.4],[92.625,42.725],[92.625,43.15],[92.575,43.225],[92.575,43.45],[92.675,43.45],[92.675,43.425],[93.15,43.425],[93.35,43.4],[93.575,43.325],[93.725,43.325],[93.8,43.4],[93.925,43.4],[94.2,43.125],[94.55,43.0],[94.8,42.975],[94.925,42.9],[94.925,42.575],[95.025,42.425],[95.075,42.225],[95.35,41.95],[95.35,41.875],[95.525,41.9],[96.025,41.9],[96.1,41.825],[96.275,41.85],[96.325,41.95],[96.525,42.025],[96.7,42.15],[96.925,42.2],[96.925,42.475],[97.025,42.65],[97.1,42.9],[97.1,43.05],[97.5,43.15],[97.55,43.1],[97.9,43.1],[98.2,43.075],[98.35,42.975],[98.575,42.95],[98.65,42.9],[99.225,42.9],[99.225,42.725],[99.4,42.35],[99.4,42.25],[99.55,42.225],[99.65,42.125],[99.725,41.925],[99.85,41.825],[100.025,41.775],[100.275,41.65],[100.475,41.425],[100.575,41.375],[100.675,41.225],[100.825,41.15],[101.0,41.125],[101.15,41.025],[101.35,40.975],[101.525,40.875],[101.725,40.875],[101.925,40.75],[102.1,40.7],[102.2,40.6],[102.525,40.6],[102.75,40.725],[102.975,40.75],[102.975,40.525],[103.075,40.35],[103.1,39.975],[103.575,40.05],[103.675,40.175],[103.85,40.25],[103.95,40.35],[104.175,40.35],[104.275,40.3],[104.375,40.15],[104.575,40.0],[104.7,39.975],[105.075,39.975],[105.15,40.025],[105.25,40.25],[105.5,40.3],[105.6,40.425],[105.8,40.45],[105.9,40.525],[106.05,40.55],[106.15,40.625],[106.275,40.9],[106.65,41.2],[106.85,41.425],[107.075,41.525],[107.15,41.65],[106.95,41.825],[106.95,42.05],[106.9,42.1],[106.875,42.375],[106.875,42.925],[106.8,43.15],[106.6,43.2],[106.55,43.325],[106.45,43.4],[106.425,43.675],[106.55,43.75],[106.725,43.75],[106.925,43.875],[107.225,43.85],[107.35,43.775],[107.575,43.775],[107.625,43.825],[107.9,43.875],[108.025,44.0],[108.075,44.225],[108.225,44.3],[108.25,44.175],[108.375,44.025],[108.625,43.95],[108.675,43.9],[108.975,43.9],[109.225,43.8],[109.325,43.725],[109.45,43.725],[109.6,43.65],[109.625,43.375],[109.725,43.2],[109.575,43.075],[109.575,42.875],[109.65,42.775],[109.65,42.4],[109.6,42.25],[109.6,41.775],[109.65,41.575],[109.95,41.35],[109.95,41.3],[110.15,41.275],[110.5,41.125],[110.525,41.075],[110.2,41.025],[110.1,40.875],[109.825,40.825],[109.675,40.725],[109.5,40.725],[109.475,40.55],[109.65,40.5],[110.125,40.5],[110.25,40.45],[110.175,40.3],[110.175,39.75],[110.3,39.775],[110.4,39.65],[110.525,39.6],[110.625,39.4],[110.7,39.0],[110.825,39.0],[111.0,38.925],[110.9,38.7],[110.9,38.525],[110.75,38.425],[110.75,38.275],[110.9,38.1],[110.975,37.875],[111.1,37.65],[111.45,37.675],[111.475,37.55],[111.375,37.5],[111.175,37.225],[111.075,37.0],[111.05,36.825],[111.175,36.425],[110.975,36.15],[110.975,35.9],[111.15,35.7],[111.15,35.425],[111.225,35.25],[111.375,35.15],[111.375,35.025],[111.275,34.975],[111.375,34.6],[111.325,34.5],[111.2,34.475],[111.05,34.2],[110.85,34.175],[110.925,34.0],[110.925,33.8],[111.15,33.875],[111.325,33.85],[111.3,33.6],[111.475,33.475],[111.45,33.3],[111.375,33.225],[111.35,32.825],[111.25,32.65],[110.975,32.725],[110.95,32.8],[110.7,32.8],[110.675,32.65],[110.7,32.3],[110.5,32.225],[110.375,32.075],[110.25,32.0],[110.25,31.75],[110.375,31.575],[110.325,31.525],[110.1,31.5],[109.95,31.55],[109.875,31.65],[109.85,31.8],[109.625,31.825],[109.575,31.925],[109.35,31.975],[109.3,32.1],[109.15,32.2],[109.15,32.425],[109.1,32.6],[109.025,32.7],[108.8,32.625],[108.7,32.875],[108.5,33.025],[108.5,33.125],[108.625,33.2],[108.625,33.275],[108.45,33.475],[108.375,33.675],[107.875,33.65],[107.825,33.725],[107.525,33.725],[107.525,33.55],[107.6,33.425],[107.6,33.2],[107.2,33.1],[107.1,33.025],[107.075,32.75],[106.625,32.75],[106.475,32.7],[106.4,32.75],[106.275,32.7],[106.175,32.8],[105.95,32.875],[105.95,32.75],[105.7,32.75],[105.625,32.975],[105.475,33.05],[105.225,33.075],[105.15,32.85],[105.05,32.775],[105.05,32.675],[104.675,32.65],[104.625,32.725],[104.3,32.8],[104.25,32.875],[103.975,32.875],[103.9,32.95],[103.725,32.9],[103.5,32.9],[103.475,32.775],[103.375,32.75],[103.0,32.75],[102.725,32.425],[102.6,32.575],[102.525,32.575],[102.4,32.7],[102.375,32.8],[102.375,33.025],[102.3,33.125],[102.25,33.375],[102.475,33.425],[102.475,33.55],[102.325,33.65],[102.275,33.875],[102.175,33.95],[102.1,34.1],[101.95,34.1],[101.875,34.25],[101.7,34.375],[101.7,34.5],[101.825,34.75],[101.9,34.75],[101.925,35.0],[101.825,35.125],[101.6,35.2],[101.575,35.475],[101.8,35.475],[101.875,35.75],[102.0,35.825],[102.25,35.875],[102.5,35.875],[102.625,36.025],[102.55,36.15],[102.275,36.225],[102.325,36.45],[102.325,36.775],[102.275,36.95],[102.15,37.125],[102.225,37.4],[102.125,37.525],[101.85,37.5],[101.6,37.575],[101.425,37.725],[101.15,37.725],[100.65,37.85],[100.225,37.825],[100.1,37.95],[99.875,37.9],[99.625,37.9],[99.475,38.025],[99.4,38.175],[99.175,38.175],[99.025,38.3],[98.65,38.25],[98.45,38.35],[98.225,38.3],[97.925,38.3],[97.8,38.35],[97.6,38.35],[97.525,38.3],[97.25,38.275],[96.825,38.275],[96.425,38.2],[96.175,38.275],[96.05,38.375],[95.75,38.375],[95.725,38.6]]]}}],"snapped":true}