{"type":"FeatureCollection","features":[{"type":"Feature","properties":{"name":"Imperial Japan (Fujiwara)","name_zh":"日本","focus":false,"label":[139.78,37.37],"area":30.8,"color":"#7d6b5a"},"geometry":{"type":"MultiPolygon","coordinates":[[[[132.202,34.032],[132.159,33.944],[132.146,33.839],[132.09,33.855],[131.995,33.911],[131.994,33.804],[131.654,33.911],[130.899,33.903],[130.779,33.966],[130.891,34.244],[130.889,34.262],[130.904,34.3],[130.952,34.35],[131.004,34.393],[131.132,34.407],[131.262,34.393],[131.354,34.413],[131.433,34.47],[131.515,34.55],[131.608,34.615],[131.734,34.667],[131.856,34.726],[131.963,34.809],[132.065,34.9],[132.158,34.967],[132.258,35.022],[132.662,35.38],[132.672,35.382],[132.698,35.418],[132.747,35.449],[132.923,35.511],[133.157,35.559],[133.267,35.557],[133.376,35.459],[133.435,35.472],[133.495,35.497],[133.615,35.511],[133.739,35.495],[133.86,35.495],[133.981,35.507],[134.214,35.539],[134.337,35.578],[134.456,35.628],[134.882,35.663],[135.174,35.747],[135.221,35.741],[135.265,35.722],[135.269,35.66],[135.232,35.592],[135.268,35.551],[135.327,35.526],[135.602,35.518],[135.68,35.503],[135.795,35.55],[135.903,35.607],[135.931,35.626],[135.977,35.972],[136.017,36.012],[136.067,36.117],[136.156,36.223],[136.262,36.288],[136.359,36.362],[136.556,36.572],[136.666,36.704],[136.64,37.17],[136.775,37.282],[136.843,37.382],[136.962,37.414],[137.199,37.497],[137.323,37.522],[137.341,37.485],[137.338,37.437],[137.312,37.416],[137.334,37.273],[137.013,37.037],[137.007,36.993],[137.019,36.96],[137.013,36.895],[137.017,36.837],[137.124,36.774],[137.246,36.753],[137.298,36.754],[137.343,36.77],[137.483,36.925],[137.514,36.952],[137.913,37.065],[138.11,37.151],[138.182,37.166],[138.343,37.236],[138.548,37.392],[138.633,37.472],[138.709,37.561],[138.771,37.663],[138.819,37.775],[138.885,37.844],[139.247,38.009],[139.364,38.099],[139.401,38.143],[139.446,38.269],[139.477,38.4],[139.521,38.503],[139.58,38.599],[139.66,38.697],[139.749,38.788],[139.802,38.882],[139.879,39.105],[139.912,39.229],[139.939,39.273],[139.977,39.311],[139.986,39.323],[140.03,39.483],[140.011,39.693],[139.862,39.782],[139.811,39.878],[139.81,39.878],[139.742,39.921],[139.755,39.959],[139.826,39.966],[139.874,39.986],[139.908,40.022],[139.972,40.137],[139.979,40.156],[139.915,40.574],[139.923,40.579],[139.923,40.598],[139.967,40.673],[140.029,40.733],[140.085,40.747],[140.146,40.752],[140.199,40.774],[140.3,40.888],[140.326,40.948],[140.344,41.006],[140.315,41.161],[140.344,41.203],[140.386,41.23],[140.441,41.21],[140.498,41.206],[140.564,41.212],[140.628,41.195],[140.64,41.156],[140.679,40.893],[140.702,40.858],[140.749,40.83],[140.801,40.834],[140.846,40.875],[140.876,40.93],[140.936,40.941],[141.119,40.882],[141.142,40.897],[141.076,41.102],[140.936,41.114],[140.887,41.156],[140.801,41.139],[140.802,41.231],[140.774,41.255],[140.809,41.276],[140.86,41.425],[140.892,41.48],[140.937,41.506],[141.05,41.476],[141.106,41.456],[141.229,41.373],[141.269,41.354],[141.455,41.405],[141.425,41.274],[141.436,41.269],[141.463,40.611],[141.542,40.531],[141.646,40.474],[141.797,40.291],[141.878,40.067],[141.935,39.958],[141.978,39.844],[141.991,39.792],[141.992,39.74],[141.984,39.698],[141.998,39.671],[141.998,39.448],[141.907,39.186],[141.901,39.111],[141.855,39.095],[141.812,39.048],[141.807,39.04],[141.801,39.036],[141.568,38.785],[141.539,38.728],[141.519,38.632],[141.509,38.498],[141.49,38.455],[141.496,38.421],[141.47,38.409],[141.467,38.404],[141.447,38.399],[141.024,38.21],[140.929,38.026],[140.928,37.95],[140.96,37.823],[141.003,37.698],[141.036,37.467],[141.002,37.115],[140.968,37.002],[140.966,36.999],[140.963,36.956],[140.702,36.67],[140.627,36.503],[140.619,36.445],[140.619,36.386],[140.592,36.308],[140.574,36.231],[140.59,36.142],[140.622,36.059],[140.76,35.846],[140.813,35.783],[140.874,35.725],[140.806,35.706],[140.834,35.677],[140.426,35.428],[140.413,35.395],[140.417,35.267],[140.393,35.221],[140.355,35.181],[140.346,35.175],[140.316,35.033],[139.83,34.835],[139.788,34.962],[139.831,35.068],[139.83,35.072],[139.851,35.232],[139.826,35.297],[139.906,35.345],[139.944,35.423],[139.984,35.453],[140.002,35.497],[139.913,35.554],[139.731,35.468],[139.65,35.409],[139.666,35.319],[139.7,35.274],[139.744,35.252],[139.731,35.222],[139.675,35.149],[139.636,35.142],[139.564,35.243],[139.52,35.27],[139.422,35.165],[139.208,35.165],[139.116,35.082],[139.122,34.956],[139.086,34.839],[139.028,34.754],[139.022,34.688],[138.863,34.567],[138.779,34.579],[138.749,34.649],[138.751,34.922],[138.683,34.992],[138.45,34.902],[138.295,34.763],[138.149,34.527],[137.759,34.552],[137.248,34.481],[137.148,34.601],[137.062,34.583],[137.077,34.621],[137.117,34.637],[137.041,34.728],[136.939,34.777],[136.944,34.722],[136.913,34.709],[136.871,34.733],[136.884,34.802],[136.733,34.874],[136.616,34.759],[136.564,34.645],[136.616,34.589],[136.842,34.464],[136.88,34.434],[136.881,34.38],[136.854,34.324],[136.819,34.31],[136.898,34.258],[136.766,34.169],[136.393,34.111],[136.218,34.013],[136.073,33.778],[135.916,33.562],[135.899,33.556],[135.755,33.342],[135.062,33.69],[134.969,34.134],[135.113,34.25],[135.1,34.288],[135.132,34.317],[135.252,34.374],[135.317,34.471],[135.286,34.598],[135.205,34.617],[134.935,34.54],[134.427,34.628],[133.825,34.385],[133.589,34.442],[133.182,34.327],[133.142,34.302],[133.116,34.308],[132.552,34.149],[132.56,34.127],[132.578,34.115],[132.549,34.075],[132.461,34.087],[132.496,34.122],[132.505,34.136],[132.481,34.129],[132.386,34.268],[132.277,34.278],[132.238,34.227],[132.202,34.032]]],[[[134.824,34.203],[134.731,34.209],[134.683,34.247],[134.668,34.294],[134.757,34.368],[134.834,34.473],[134.904,34.519],[134.961,34.545],[135.005,34.544],[134.905,34.398],[134.933,34.288],[134.824,34.203]]],[[[134.675,33.848],[134.739,33.821],[134.549,33.729],[134.547,33.728],[134.519,33.65],[134.206,33.349],[134.206,33.347],[134.182,33.247],[134.135,33.28],[133.998,33.148],[133.726,33.376],[133.516,33.394],[133.264,33.307],[133.24,33.25],[133.146,33.083],[133.101,33.028],[133.073,33.02],[132.969,32.765],[132.9,32.669],[132.698,32.548],[132.467,32.757],[132.342,33.106],[132.121,33.347],[132.174,33.375],[132.086,33.34],[132.033,33.34],[132.114,33.395],[132.288,33.47],[132.366,33.512],[132.536,33.633],[132.557,33.644],[132.706,33.817],[132.716,33.852],[132.752,33.906],[132.784,33.992],[132.839,34.021],[132.935,34.095],[132.99,34.088],[133.051,33.997],[133.134,33.927],[133.193,33.933],[133.299,33.969],[133.35,33.977],[133.472,33.973],[133.582,34.017],[133.627,34.069],[133.643,34.135],[133.603,34.244],[133.656,34.233],[133.706,34.237],[133.826,34.307],[133.948,34.348],[134.076,34.358],[134.219,34.319],[134.357,34.256],[134.496,34.215],[134.638,34.227],[134.635,34.044],[134.655,33.983],[134.66,33.976],[134.65,33.95],[134.67,33.963],[134.695,33.928],[134.675,33.848]]],[[[134.188,34.496],[134.182,34.519],[134.326,34.534],[134.372,34.522],[134.352,34.484],[134.333,34.464],[134.315,34.469],[134.252,34.423],[134.238,34.467],[134.188,34.496]]],[[[132.267,33.871],[132.209,33.873],[132.201,33.928],[132.208,33.948],[132.266,33.945],[132.315,33.909],[132.403,33.92],[132.419,33.888],[132.411,33.88],[132.36,33.847],[132.267,33.871]]],[[[130.361,32.758],[130.361,32.756],[130.34,32.702],[130.298,32.675],[130.246,32.677],[130.193,32.706],[130.152,32.748],[130.054,32.771],[129.951,32.722],[129.938,32.709],[129.845,32.587],[129.816,32.6],[129.769,32.571],[129.79,32.611],[129.733,32.637],[129.63,32.866],[129.46,32.986],[129.343,33.151],[129.375,33.176],[129.37,33.176],[129.417,33.231],[129.423,33.257],[129.462,33.331],[129.538,33.358],[129.57,33.361],[129.508,33.284],[129.507,33.28],[129.528,33.297],[129.595,33.289],[129.61,33.344],[129.66,33.365],[129.702,33.36],[129.844,33.322],[129.858,33.375],[129.837,33.404],[129.826,33.437],[129.919,33.483],[130.072,33.522],[130.103,33.54],[130.131,33.578],[130.168,33.598],[130.275,33.598],[130.365,33.634],[130.439,33.734],[130.457,33.789],[130.484,33.835],[130.67,33.915],[130.716,33.928],[130.84,33.918],[130.953,33.872],[131.009,33.776],[131.058,33.673],[131.175,33.603],[131.309,33.573],[131.366,33.571],[131.419,33.584],[131.499,33.624],[131.583,33.652],[131.643,33.638],[131.696,33.603],[131.724,33.554],[131.711,33.502],[131.619,33.396],[131.669,33.308],[131.613,33.265],[131.717,33.252],[131.897,33.255],[131.855,33.182],[131.848,33.118],[131.903,33.088],[131.949,33.047],[131.937,33.01],[131.91,32.974],[132.009,32.919],[132.002,32.882],[131.977,32.844],[131.83,32.693],[131.824,32.687],[131.732,32.593],[131.66,32.466],[131.61,32.325],[131.565,32.223],[131.531,32.117],[131.506,32.002],[131.46,31.883],[131.475,31.778],[131.46,31.671],[131.337,31.405],[131.25,31.41],[131.21,31.352],[131.089,31.275],[131.098,31.256],[130.902,31.112],[130.744,30.887],[130.579,30.906],[130.554,30.969],[130.674,31.211],[130.732,31.476],[130.731,31.478],[130.581,31.528],[130.537,31.491],[130.528,31.46],[130.54,31.403],[130.566,31.352],[130.645,31.267],[130.621,31.218],[130.589,31.179],[130.406,31.236],[130.404,31.229],[130.232,31.026],[130.086,31.121],[130.06,31.216],[130.165,31.369],[130.147,31.408],[130.202,31.422],[130.205,31.426],[130.219,31.559],[130.058,31.972],[130.201,32.098],[130.214,32.115],[130.222,32.117],[130.4,32.275],[130.481,32.347],[130.496,32.557],[130.361,32.758]],[[130.175,32.851],[130.222,32.847],[130.28,32.867],[130.289,32.864],[130.257,32.912],[130.169,32.923],[130.175,32.851]]],[[[130.256,32.431],[130.242,32.463],[130.365,32.527],[130.461,32.516],[130.419,32.458],[130.381,32.424],[130.293,32.419],[130.256,32.431]]],[[[130.083,32.23],[130.004,32.194],[129.993,32.228],[129.96,32.244],[130.017,32.292],[130.015,32.314],[129.979,32.346],[130.021,32.469],[130.01,32.522],[130.168,32.541],[130.197,32.492],[130.2,32.341],[130.083,32.23]]]]}},{"type":"Feature","properties":{"name":"Ainu","name_zh":"","focus":false,"label":[143.26,43.52],"area":18.9,"color":"#7272a8"},"geometry":{"type":"MultiPolygon","coordinates":[[[[150.0,46.045],[150.0,45.831],[149.684,45.633],[149.442,45.589],[149.667,45.85],[149.856,45.923],[150.0,46.045]]],[[[147.762,44.938],[147.62,44.966],[147.585,44.918],[147.622,44.897],[147.548,44.812],[147.291,44.666],[147.209,44.55],[147.021,44.507],[146.948,44.408],[146.84,44.415],[146.846,44.476],[147.153,44.673],[147.111,44.793],[147.479,44.974],[147.504,45.043],[147.656,45.075],[147.763,45.189],[147.894,45.223],[147.856,45.356],[147.932,45.421],[148.0,45.273],[148.069,45.248],[148.321,45.27],[148.7,45.52],[148.856,45.474],[148.825,45.334],[148.582,45.316],[148.235,45.198],[147.877,44.974],[147.762,44.938]]],[[[146.842,43.874],[146.904,43.839],[146.682,43.707],[146.598,43.732],[146.604,43.803],[146.842,43.874]]],[[[145.94,44.128],[145.779,43.928],[145.595,43.858],[145.554,43.65],[145.437,43.716],[145.409,43.835],[145.744,44.051],[146.127,44.507],[146.344,44.421],[146.568,44.438],[146.508,44.358],[146.119,44.251],[145.94,44.128]]],[[[146.13,43.458],[146.076,43.513],[146.152,43.545],[146.226,43.525],[146.13,43.458]]],[[[141.721,42.539],[141.396,42.519],[140.929,42.255],[140.86,42.39],[140.693,42.55],[140.54,42.537],[140.349,42.432],[140.324,42.376],[140.315,42.334],[140.327,42.293],[140.417,42.201],[140.528,42.132],[140.578,42.119],[140.684,42.123],[140.734,42.116],[140.912,41.978],[141.108,41.848],[141.151,41.805],[141.109,41.779],[141.155,41.749],[140.979,41.652],[140.588,41.677],[140.268,41.324],[140.112,41.273],[140.012,41.381],[139.977,41.503],[140.002,41.551],[139.995,41.576],[140.021,41.696],[140.084,41.803],[140.106,41.902],[140.1,41.937],[140.098,41.946],[139.852,42.035],[139.777,42.112],[139.711,42.477],[139.859,42.575],[139.86,42.582],[139.891,42.649],[139.951,42.671],[140.015,42.685],[140.115,42.733],[140.224,42.796],[140.329,42.867],[140.432,42.954],[140.486,43.05],[140.407,43.154],[140.373,43.185],[140.389,43.202],[140.379,43.237],[140.392,43.303],[140.487,43.338],[140.544,43.323],[140.598,43.326],[140.736,43.237],[140.781,43.215],[140.819,43.205],[140.954,43.201],[141.138,43.18],[141.245,43.185],[141.296,43.2],[141.303,43.206],[141.301,43.72],[141.511,43.82],[141.601,43.919],[141.645,44.019],[141.661,44.264],[141.716,44.371],[141.734,44.416],[141.745,44.628],[141.566,44.969],[141.522,45.182],[141.597,45.279],[141.615,45.289],[141.653,45.349],[141.654,45.377],[141.668,45.401],[141.778,45.419],[141.829,45.439],[141.879,45.483],[141.938,45.51],[141.981,45.483],[142.0,45.459],[142.0,45.329],[143.02,44.463],[143.79,44.027],[144.613,43.842],[144.75,43.881],[145.139,44.178],[145.347,44.243],[145.059,43.785],[145.448,43.169],[144.994,42.937],[144.754,42.866],[144.59,42.859],[144.37,42.949],[144.166,42.942],[144.002,42.877],[143.508,42.42],[143.33,42.196],[143.213,41.926],[143.033,41.958],[142.0,42.466],[141.928,42.501],[141.721,42.539]]],[[[141.598,52.216],[141.811,52.628],[141.84,52.96],[141.689,53.165],[141.767,53.272],[141.828,53.276],[141.824,53.34],[141.852,53.389],[141.964,53.456],[142.0,53.464],[142.0,53.286],[142.214,53.299],[142.674,53.54],[142.863,53.34],[143.056,53.061],[143.138,52.856],[143.143,52.511],[143.033,52.312],[142.944,51.961],[142.943,51.617],[143.074,51.267],[143.34,50.885],[143.633,50.234],[144.038,49.508],[144.539,48.753],[143.598,49.233],[143.152,49.258],[142.853,49.127],[142.646,48.657],[142.489,47.901],[142.614,47.459],[142.993,46.953],[143.236,46.863],[143.444,46.571],[143.303,46.011],[143.004,46.577],[142.614,46.712],[142.513,46.699],[142.327,46.563],[142.0,46.068],[142.0,45.977],[141.963,46.012],[141.898,45.914],[141.708,46.139],[141.622,46.558],[141.909,47.073],[141.731,47.471],[141.81,47.675],[142.0,47.914],[142.036,47.959],[142.0,48.157],[141.977,48.284],[141.739,48.807],[141.921,48.943],[142.0,49.197],[142.049,49.354],[142.152,50.89],[142.112,51.219],[142.016,51.43],[142.0,51.446],[141.643,51.813],[141.598,52.216]]],[[[140.875,51.8],[140.875,52.125],[140.775,52.25],[140.775,52.4],[140.7,52.525],[140.7,52.675],[140.85,52.75],[141.125,52.8],[141.258,52.792],[141.266,52.653],[141.245,52.55],[141.166,52.47],[141.15,52.475],[141.15,52.454],[141.132,52.436],[141.15,52.404],[141.15,52.4],[141.152,52.401],[141.17,52.368],[141.33,52.271],[141.409,52.234],[141.485,52.179],[141.386,52.057],[141.367,51.921],[141.258,51.861],[141.129,51.728],[140.933,51.62],[140.839,51.414],[140.798,51.365],[140.75,51.375],[140.8,51.525],[140.8,51.75],[140.875,51.8]]]]}},{"type":"Feature","properties":{"name":"Hainan","name_zh":"","focus":false,"label":[109.47,19.04],"area":3.0,"color":"#5f87a3"},"geometry":{"type":"Polygon","coordinates":[[[109.22,19.757],[109.177,19.768],[109.219,19.843],[109.263,19.883],[109.315,19.904],[109.418,19.889],[109.514,19.904],[109.584,19.97],[109.651,19.984],[109.906,19.963],[110.083,19.993],[110.172,20.054],[110.213,20.056],[110.344,20.039],[110.385,19.985],[110.391,19.986],[110.388,20.018],[110.394,20.059],[110.418,20.055],[110.527,20.005],[110.588,20.013],[110.589,20.072],[110.598,20.098],[110.652,20.138],[110.679,20.137],[110.745,20.059],[110.809,20.014],[110.889,19.992],[110.938,19.948],[110.971,19.883],[110.998,19.765],[111.014,19.655],[110.913,19.586],[110.822,19.558],[110.641,19.291],[110.603,19.207],[110.572,19.172],[110.563,19.135],[110.566,19.099],[110.519,18.97],[110.478,18.813],[110.451,18.748],[110.4,18.698],[110.334,18.673],[110.294,18.67],[110.262,18.625],[110.189,18.599],[110.156,18.57],[110.049,18.505],[110.066,18.476],[110.067,18.448],[110.02,18.416],[109.968,18.422],[109.816,18.397],[109.76,18.348],[109.703,18.259],[109.681,18.247],[109.59,18.226],[109.521,18.219],[109.429,18.096],[108.651,18.482],[108.576,19.187],[108.649,19.246],[108.65,19.265],[108.666,19.304],[108.694,19.338],[108.791,19.418],[108.903,19.481],[109.063,19.614],[109.179,19.674],[109.277,19.761],[109.22,19.757]]]}},{"type":"Feature","properties":{"name":"Mongol Empire","name_zh":"蒙古","focus":false,"label":[112.27,45.48],"area":929.7,"approx":true,"color":"#a07d5a"},"geometry":{"type":"Polygon","coordinates":[[[96.8,55.325],[96.925,55.075],[96.95,54.775],[96.85,54.6],[96.7,54.6],[96.675,54.35],[96.7,54.225],[96.85,54.25],[96.875,54.075],[97.05,53.95],[97.075,54.15],[97.375,54.175],[97.425,54.25],[97.575,54.3],[97.675,54.4],[97.875,54.4],[98.0,54.525],[98.2,54.525],[98.35,54.65],[98.475,54.7],[98.775,54.7],[99.075,55.075],[99.15,55.225],[99.375,55.275],[99.425,55.45],[99.65,55.55],[99.725,55.65],[99.875,55.675],[99.9,55.825],[99.85,56.0],[100.182,56.0],[104.256,58.0],[114.867,58.0],[115.205,57.386],[115.392,57.652],[122.298,56.0],[123.425,56.0],[123.45,55.7],[123.625,55.675],[123.75,55.6],[124.05,55.6],[124.175,55.55],[124.35,55.575],[124.7,55.575],[124.875,55.375],[125.125,55.375],[125.175,55.225],[125.275,55.15],[125.525,55.15],[125.575,55.2],[125.85,55.275],[125.85,55.35],[126.0,55.45],[126.275,55.45],[126.375,55.525],[126.675,55.55],[126.7,55.4],[127.0,55.2],[127.125,55.2],[127.425,55.35],[127.55,55.35],[127.7,55.2],[127.875,55.25],[128.1,55.25],[128.175,55.325],[128.45,55.325],[128.475,55.375],[128.775,55.375],[129.025,55.5],[129.225,55.45],[129.35,55.375],[129.625,55.35],[129.875,55.475],[130.3,55.375],[130.4,55.25],[130.9,55.25],[131.0,55.275],[131.125,55.4],[131.2,55.3],[131.45,55.225],[131.575,55.125],[131.525,54.85],[131.4,54.75],[131.175,54.675],[131.0,54.675],[130.9,54.625],[130.875,54.175],[131.05,54.075],[131.2,54.05],[131.225,53.85],[131.4,53.775],[131.6,53.775],[131.6,53.825],[131.9,53.8],[132.1,53.725],[132.2,53.575],[132.35,53.575],[132.575,53.275],[132.925,53.3],[133.075,53.275],[133.175,53.35],[133.4,53.35],[133.575,53.3],[133.65,53.225],[133.9,53.2],[133.95,53.25],[134.3,53.25],[134.375,53.3],[134.675,53.375],[134.775,53.475],[134.875,53.4],[135.125,53.375],[135.325,53.525],[135.5,53.45],[135.675,53.55],[135.8,53.55],[135.85,53.75],[136.0,53.775],[136.1,53.925],[136.1,54.075],[136.35,54.075],[136.375,53.825],[136.55,53.85],[136.65,53.775],[136.675,53.625],[136.775,53.45],[136.75,53.225],[137.025,53.25],[137.175,53.15],[137.25,53.0],[137.25,52.85],[137.4,52.825],[137.4,52.675],[137.55,52.425],[137.65,52.45],[137.675,52.225],[137.925,52.2],[137.975,52.15],[138.1,52.2],[138.125,52.1],[138.25,51.975],[138.35,51.95],[138.325,51.875],[138.525,51.775],[138.8,51.775],[138.9,51.7],[138.95,51.575],[139.1,51.525],[139.2,51.375],[139.425,51.4],[139.5,51.525],[139.875,51.55],[140.025,51.625],[140.025,51.55],[140.3,51.35],[140.525,51.375],[140.625,51.275],[140.65,51.075],[140.673,51.075],[140.671,51.051],[140.646,50.987],[140.521,50.8],[140.476,50.546],[140.535,50.131],[140.564,50.107],[140.625,50.082],[140.613,50.054],[140.585,50.033],[140.463,49.911],[140.465,49.826],[140.511,49.762],[140.517,49.596],[140.431,49.331],[140.399,49.29],[140.364,49.221],[140.349,49.159],[140.326,49.12],[140.309,49.054],[140.334,48.995],[140.378,48.964],[140.224,48.773],[140.171,48.524],[140.113,48.423],[139.998,48.324],[139.761,48.181],[139.676,48.09],[139.521,47.975],[139.373,47.887],[139.167,47.635],[139.001,47.383],[138.958,47.349],[138.949,47.322],[138.576,47.042],[138.53,46.976],[138.5,46.89],[138.392,46.745],[138.337,46.543],[138.21,46.463],[138.106,46.251],[137.769,45.929],[137.685,45.818],[137.425,45.64],[137.147,45.394],[136.804,45.171],[136.737,45.08],[136.604,44.978],[136.46,44.822],[136.251,44.667],[136.209,44.562],[136.142,44.489],[136.095,44.474],[136.033,44.398],[135.76,44.238],[135.533,43.971],[135.489,43.899],[135.483,43.835],[135.26,43.685],[135.131,43.526],[134.917,43.427],[134.692,43.291],[134.637,43.265],[134.568,43.212],[134.138,42.992],[134.037,42.964],[134.01,42.947],[133.709,42.83],[133.587,42.828],[133.329,42.764],[133.16,42.697],[133.106,42.711],[132.952,42.669],[132.87,42.795],[132.864,42.794],[132.726,42.867],[132.614,42.873],[132.576,42.872],[132.567,42.875],[132.484,42.88],[132.441,42.904],[132.304,42.883],[132.313,42.993],[132.181,43.194],[132.115,43.172],[132.029,43.119],[131.947,43.095],[131.883,43.095],[131.674,43.026],[131.854,43.274],[131.795,43.255],[131.722,43.203],[131.516,42.996],[131.393,42.822],[131.292,42.772],[131.245,42.697],[131.158,42.626],[131.025,42.645],[130.946,42.634],[130.913,42.641],[130.8,42.56],[130.834,42.523],[130.73,42.326],[130.687,42.303],[130.637,42.275],[130.569,42.292],[130.458,42.302],[130.331,42.224],[130.203,42.132],[130.18,42.097],[130.106,42.063],[130.014,41.997],[130.007,41.991],[129.928,41.897],[129.876,41.806],[129.756,41.712],[129.686,41.595],[129.682,41.494],[129.759,41.392],[129.766,41.304],[129.712,41.124],[129.742,40.932],[129.718,40.878],[129.275,41.075],[129.175,41.2],[129.025,41.225],[128.85,41.175],[128.75,41.05],[128.475,40.95],[128.35,40.825],[128.125,40.825],[128.0,40.775],[127.825,40.775],[127.8,40.725],[127.275,40.725],[127.175,40.675],[127.05,40.8],[127.0,40.95],[126.875,41.075],[126.6,41.05],[126.425,40.85],[126.3,40.875],[126.25,40.95],[126.075,40.95],[126.025,40.875],[125.75,40.85],[125.675,40.75],[125.475,40.7],[125.425,40.625],[125.175,40.6],[125.025,40.55],[125.0,40.475],[124.825,40.475],[124.775,40.4],[124.65,40.45],[124.475,40.3],[124.275,40.275],[124.075,40.175],[124.025,39.95],[123.95,39.825],[123.949,39.818],[123.916,39.807],[123.244,39.704],[123.227,39.687],[123.062,39.676],[123.039,39.672],[123.02,39.664],[122.961,39.62],[122.883,39.608],[122.634,39.505],[122.335,39.366],[122.225,39.267],[122.121,39.152],[122.048,39.094],[121.982,39.053],[121.923,39.037],[121.864,38.996],[121.805,38.991],[121.745,39.01],[121.677,39.003],[121.633,38.955],[121.67,38.892],[121.65,38.865],[121.517,38.831],[121.337,38.81],[121.231,38.763],[121.207,38.744],[121.164,38.732],[121.152,38.753],[121.065,38.75],[121.116,38.852],[121.107,38.921],[121.188,38.947],[121.225,38.953],[121.66,39.331],[121.476,39.375],[121.418,39.376],[121.282,39.349],[121.213,39.483],[121.239,39.553],[121.478,39.749],[121.474,39.755],[121.517,39.845],[121.659,39.898],[121.668,39.905],[121.788,40.078],[122.107,40.353],[122.082,40.488],[121.753,40.736],[121.426,40.864],[121.103,40.853],[121.086,40.842],[121.003,40.749],[120.922,40.683],[120.841,40.649],[120.771,40.589],[120.479,40.231],[120.369,40.204],[120.292,40.172],[120.272,40.151],[120.112,40.081],[120.057,40.074],[119.85,39.987],[119.591,39.903],[119.391,39.752],[119.322,39.662],[119.261,39.561],[119.225,39.408],[119.131,39.314],[119.075,39.3],[119.081,39.264],[119.04,39.222],[118.977,39.183],[118.912,39.166],[118.826,39.172],[118.752,39.16],[118.691,39.168],[118.61,39.171],[118.472,39.118],[118.468,39.117],[118.274,38.999],[118.107,39.207],[118.041,39.227],[117.866,39.191],[117.785,39.134],[117.617,38.853],[117.554,38.691],[117.558,38.625],[117.656,38.424],[117.767,38.312],[118.015,38.183],[118.543,38.095],[118.667,38.126],[118.8,38.127],[118.909,38.061],[118.95,38.0],[118.967,38.0],[119.028,37.904],[119.036,37.809],[119.038,37.777],[119.07,37.749],[119.089,37.701],[119.033,37.661],[118.991,37.641],[118.955,37.494],[118.954,37.4],[118.9,37.4],[118.95,37.225],[119.026,37.259],[119.112,37.201],[119.175,37.179],[119.175,37.125],[119.3,37.075],[119.31,37.136],[119.45,37.125],[119.637,37.143],[119.881,37.311],[119.883,37.351],[120.004,37.415],[120.169,37.576],[120.311,37.623],[120.287,37.656],[120.257,37.679],[120.285,37.692],[120.37,37.701],[120.75,37.834],[121.049,37.725],[121.22,37.6],[121.388,37.579],[121.505,37.515],[121.64,37.46],[121.816,37.457],[121.965,37.445],[122.01,37.496],[122.057,37.529],[122.11,37.522],[122.169,37.456],[122.338,37.405],[122.493,37.408],[122.602,37.426],[122.667,37.403],[122.573,37.318],[122.587,37.181],[122.516,37.138],[122.447,37.068],[122.487,37.022],[122.523,37.003],[122.52,36.947],[122.457,36.915],[122.341,36.832],[122.274,36.834],[122.266,36.838],[122.255,36.733],[121.846,36.86],[121.682,36.842],[121.67,36.836],[121.413,36.738],[121.144,36.66],[121.054,36.611],[120.99,36.598],[120.944,36.613],[120.855,36.584],[120.839,36.574],[120.883,36.539],[120.905,36.485],[120.896,36.444],[120.847,36.426],[120.776,36.456],[120.712,36.413],[120.682,36.341],[120.681,36.168],[120.638,36.13],[120.519,36.109],[120.509,36.104],[120.504,36.055],[120.281,35.989],[120.285,35.984],[120.219,35.935],[120.055,35.861],[120.027,35.799],[119.979,35.74],[119.912,35.693],[119.866,35.644],[119.811,35.618],[119.72,35.589],[119.608,35.47],[119.526,35.359],[119.43,35.301],[119.353,35.114],[119.216,35.012],[119.165,34.849],[119.201,34.748],[119.351,34.749],[119.427,34.714],[119.583,34.582],[119.725,34.517],[119.725,34.375],[119.9,34.4],[119.975,34.3],[119.9,34.225],[119.7,34.175],[119.55,34.025],[119.45,34.0],[119.15,33.675],[118.975,33.525],[118.9,33.375],[118.675,33.25],[118.55,33.25],[118.475,33.125],[118.25,33.025],[118.2,33.175],[117.925,33.15],[117.9,33.025],[117.7,32.975],[117.65,32.9],[117.575,32.95],[117.2,32.95],[117.1,32.825],[117.075,32.7],[116.825,32.675],[116.725,32.725],[116.7,32.6],[116.525,32.55],[116.475,32.475],[116.275,32.525],[116.125,32.475],[116.05,32.575],[115.95,32.6],[115.8,32.475],[115.675,32.475],[115.65,32.4],[115.35,32.4],[115.3,32.35],[115.1,32.35],[115.0,32.275],[114.85,32.3],[114.35,32.3],[114.325,32.375],[114.1,32.425],[114.025,32.275],[113.95,32.25],[113.825,32.425],[113.75,32.425],[113.725,32.575],[113.575,32.65],[113.5,32.575],[113.375,32.575],[113.2,32.725],[113.1,32.725],[112.9,32.85],[112.725,32.9],[112.575,33.0],[112.375,33.225],[112.25,33.25],[112.2,33.325],[112.05,33.375],[111.825,33.6],[111.825,33.65],[111.65,33.65],[111.425,33.8],[111.225,33.8],[111.15,33.675],[111.075,33.725],[110.85,33.7],[110.625,33.825],[110.425,33.8],[110.325,33.9],[110.025,33.95],[109.925,33.825],[109.925,33.7],[109.6,33.7],[109.5,33.625],[109.375,33.625],[109.25,33.775],[109.175,33.8],[108.6,33.8],[108.4,33.7],[108.275,33.75],[108.225,33.7],[108.05,33.7],[107.95,33.75],[107.725,33.775],[107.7,33.85],[107.575,33.9],[107.25,33.95],[107.125,34.1],[106.75,34.075],[106.675,34.175],[106.425,34.25],[106.35,34.35],[106.225,34.275],[106.075,34.275],[106.0,34.2],[105.8,34.175],[105.8,34.125],[105.575,33.95],[105.35,33.925],[105.325,33.875],[104.9,33.875],[104.75,33.85],[104.7,33.775],[104.475,33.775],[104.4,33.85],[104.1,33.95],[104.075,33.8],[104.0,33.675],[103.7,33.7],[103.575,33.675],[103.5,33.575],[103.475,33.325],[103.35,33.375],[103.3,33.575],[103.225,33.625],[103.225,33.775],[103.125,33.825],[103.35,34.125],[103.375,34.225],[103.0,34.25],[102.9,34.3],[102.6,34.275],[102.45,34.3],[102.35,34.525],[102.1,34.725],[102.075,34.85],[101.975,34.85],[101.825,35.025],[101.575,35.2],[101.55,35.475],[101.725,35.5],[101.825,35.85],[101.725,35.925],[101.825,36.275],[101.55,36.35],[101.275,36.35],[101.275,36.475],[101.375,36.725],[101.225,36.875],[101.275,37.0],[101.225,37.425],[101.025,37.475],[101.025,37.725],[100.975,37.8],[100.85,37.8],[100.625,37.875],[100.275,37.85],[100.125,37.975],[99.9,37.975],[99.675,37.9],[99.65,37.975],[99.475,38.1],[99.45,38.2],[99.175,38.2],[99.0,38.3],[98.775,38.5],[98.6,38.55],[98.225,38.6],[98.075,38.5],[98.025,38.4],[97.75,38.475],[97.7,38.55],[97.55,38.475],[97.35,38.475],[97.2,38.375],[96.725,38.325],[96.55,38.4],[96.425,38.4],[96.35,38.3],[96.175,38.4],[96.125,38.625],[95.925,38.7],[95.775,38.825],[95.675,38.85],[95.625,38.95],[95.475,39.075],[95.3,39.15],[94.95,39.15],[94.8,39.225],[94.45,39.275],[94.45,39.25],[94.125,39.25],[94.125,39.225],[93.425,39.225],[93.175,39.15],[92.825,39.15],[92.675,39.075],[92.625,38.975],[92.5,39.0],[92.1,39.0],[91.975,38.925],[91.85,38.975],[91.325,38.975],[91.225,38.925],[90.775,38.9],[90.6,38.85],[90.55,38.9],[89.85,38.825],[89.85,38.8],[89.35,38.725],[89.3,38.6],[89.2,38.525],[89.2,38.35],[89.05,38.25],[88.675,38.2],[88.375,38.0],[88.075,37.95],[88.0,37.675],[87.925,37.675],[87.925,37.7],[87.55,37.725],[87.525,37.825],[87.425,37.875],[87.35,38.0],[87.35,38.2],[87.25,38.525],[86.6,39.15],[86.475,39.3],[86.325,39.675],[86.15,39.825],[85.975,40.2],[85.8,40.4],[85.85,40.725],[85.9,40.825],[85.9,41.075],[86.075,41.1],[86.175,41.05],[86.25,41.3],[86.125,41.4],[85.975,41.4],[85.975,41.525],[85.9,41.7],[86.2,41.775],[86.225,41.825],[86.375,41.8],[86.375,41.95],[86.225,42.1],[86.025,42.1],[85.95,42.0],[85.825,42.025],[85.575,42.175],[85.45,42.175],[85.15,42.4],[85.2,42.55],[85.55,42.55],[85.825,42.5],[85.925,42.575],[86.1,42.875],[86.05,43.05],[86.1,43.2],[86.325,43.175],[86.5,43.1],[86.675,43.1],[86.95,43.0],[87.075,43.3],[87.25,43.475],[87.275,43.65],[87.275,44.275],[87.325,44.4],[87.35,44.775],[87.4,44.9],[87.4,45.15],[87.75,45.525],[87.75,45.7],[87.65,45.825],[87.65,46.025],[87.6,46.35],[87.55,46.425],[87.55,46.925],[87.725,47.3],[87.725,47.4],[88.0,47.375],[88.125,47.75],[88.15,48.05],[88.3,48.225],[88.175,48.55],[88.075,48.55],[87.925,48.875],[87.925,49.075],[87.875,49.125],[87.875,49.325],[88.025,49.4],[88.1,49.6],[88.1,49.725],[87.875,49.775],[88.05,49.975],[88.175,50.025],[88.425,50.2],[88.7,50.2],[88.7,50.325],[88.625,50.425],[88.6,50.625],[88.675,50.775],[88.675,51.0],[88.725,51.075],[88.65,51.125],[88.65,51.3],[88.725,51.4],[88.6,51.6],[88.425,51.65],[88.375,52.025],[88.425,52.1],[88.4,52.475],[88.275,52.575],[88.125,52.6],[88.05,52.85],[88.125,52.9],[88.225,53.125],[88.225,53.275],[88.35,53.475],[88.5,53.525],[88.525,53.675],[88.875,53.7],[88.925,53.925],[89.05,54.025],[88.95,54.15],[88.75,54.275],[88.725,54.375],[88.625,54.375],[88.625,54.95],[88.85,55.125],[88.975,55.425],[89.05,55.45],[89.05,55.975],[89.075,56.0],[88.786,56.0],[88.845,56.461],[93.7,56.484],[96.048,56.0],[96.6,56.0],[96.6,55.6],[96.8,55.55],[96.8,55.325]],[[120.117,36.15],[120.094,36.119],[120.181,36.017],[120.254,36.009],[120.15,36.176],[120.117,36.15]]]}},{"type":"Feature","properties":{"name":"Chola Empire","name_zh":"","focus":false,"label":[78.01,12.43],"area":24.0,"color":"#7d6b5a"},"geometry":{"type":"MultiPolygon","coordinates":[[[[79.854,7.061],[79.834,8.0],[81.419,8.0],[81.445,7.928],[81.804,7.313],[81.866,7.084],[81.779,6.753],[81.599,6.448],[81.202,6.079],[80.851,5.951],[80.562,5.931],[80.341,5.969],[80.222,6.058],[80.016,6.495],[79.854,7.061]]],[[[75.8,12.425],[75.825,12.8],[75.95,12.825],[76.15,12.95],[76.225,12.95],[76.625,13.25],[76.8,13.325],[77.6,13.325],[77.8,13.45],[77.9,13.65],[77.9,13.825],[78.05,13.95],[78.075,14.3],[78.05,14.525],[78.1,14.65],[78.225,14.8],[78.375,14.85],[78.725,14.625],[79.025,14.675],[79.15,14.75],[79.225,14.9],[79.475,14.925],[79.6,14.85],[80.025,14.775],[80.114,14.775],[80.116,14.741],[80.165,14.578],[80.179,14.478],[80.17,14.349],[80.144,14.3],[80.161,14.015],[80.224,13.858],[80.244,13.773],[80.246,13.686],[80.307,13.485],[80.266,13.521],[80.233,13.606],[80.156,13.714],[80.094,13.643],[80.215,13.476],[80.29,13.437],[80.342,13.361],[80.316,13.203],[80.313,13.104],[80.288,13.042],[80.229,12.69],[80.143,12.452],[80.038,12.296],[79.982,12.235],[79.921,12.114],[79.822,11.864],[79.771,11.69],[79.754,11.575],[79.793,11.447],[79.749,11.371],[79.721,11.341],[79.723,11.32],[79.799,11.339],[79.835,11.269],[79.849,11.197],[79.85,10.769],[79.838,10.323],[79.812,10.317],[79.789,10.25],[79.313,10.255],[79.254,10.175],[79.258,10.035],[79.089,9.808],[79.072,9.759],[78.927,9.493],[78.926,9.491],[78.937,9.435],[79.116,9.308],[79.18,9.298],[79.175,9.275],[79.175,9.258],[79.112,9.261],[78.313,8.995],[78.181,8.811],[78.135,8.499],[78.064,8.385],[77.899,8.257],[77.8,8.21],[77.77,8.19],[77.732,8.177],[77.419,8.028],[77.341,8.053],[77.128,8.271],[77.066,8.316],[76.967,8.407],[76.845,8.561],[76.703,8.706],[76.676,8.773],[76.617,8.847],[76.553,8.903],[76.483,9.091],[76.472,9.161],[76.452,9.189],[76.419,9.208],[76.403,9.237],[76.325,9.452],[76.292,9.676],[76.242,9.927],[76.285,9.91],[76.343,9.827],[76.372,9.707],[76.376,9.54],[76.42,9.52],[76.438,9.528],[76.385,9.747],[76.3,9.968],[76.249,10.018],[76.223,10.024],[76.196,10.086],[76.193,10.164],[76.201,10.201],[76.123,10.327],[76.096,10.402],[75.923,10.784],[75.866,10.981],[75.651,11.423],[75.439,11.749],[75.292,11.976],[75.23,12.023],[75.197,12.058],[74.946,12.565],[74.943,12.575],[75.275,12.575],[75.575,12.375],[75.8,12.425]]]]}},{"type":"Feature","properties":{"name":"Tibetan tribes","name_zh":"吐蕃诸部","focus":false,"label":[91.02,32.47],"area":202.2,"color":"#a07d5a"},"geometry":{"type":"Polygon","coordinates":[[[85.35,29.0],[84.9,29.0],[84.8,29.075],[84.75,29.225],[84.5,29.275],[84.5,29.475],[84.25,29.525],[83.975,29.625],[83.85,29.725],[83.725,29.55],[83.675,29.35],[83.5,29.225],[83.425,29.425],[83.275,29.6],[82.925,29.75],[82.8,29.85],[82.8,29.95],[82.675,30.125],[82.575,30.15],[82.55,30.275],[82.45,30.35],[82.275,30.325],[82.2,30.475],[82.075,30.525],[81.725,30.5],[81.575,30.55],[81.425,30.425],[81.3,30.425],[81.175,30.575],[80.9,30.575],[80.875,30.525],[80.7,30.525],[80.6,30.6],[80.575,30.6],[80.575,30.925],[80.475,31.225],[80.35,31.3],[80.275,31.475],[79.975,31.775],[79.95,31.925],[79.85,32.0],[79.8,32.15],[79.5,32.4],[79.425,32.4],[79.375,32.525],[79.15,32.5],[79.025,32.8],[78.975,33.1],[79.075,33.275],[78.95,33.375],[78.95,33.6],[79.025,33.6],[78.875,33.825],[78.925,33.925],[79.275,34.025],[79.425,34.025],[79.6,34.225],[79.675,34.375],[79.675,34.775],[79.7,34.825],[79.4,35.125],[79.325,35.25],[79.4,35.475],[79.4,35.6],[79.475,35.75],[79.625,35.75],[79.85,35.6],[80.05,35.55],[80.4,35.575],[80.425,35.525],[80.625,35.5],[80.725,35.425],[81.075,35.475],[81.575,35.475],[81.725,35.55],[81.9,35.55],[81.925,35.475],[82.075,35.475],[82.275,35.575],[82.35,35.675],[82.575,35.775],[82.7,35.925],[82.925,35.95],[83.05,36.075],[83.25,36.125],[83.875,36.15],[84.0,36.2],[84.1,36.325],[84.275,36.3],[84.35,36.35],[84.55,36.35],[84.65,36.425],[84.775,36.425],[84.95,36.55],[85.05,36.75],[85.125,36.7],[85.6,36.7],[85.75,36.75],[85.875,36.975],[86.25,37.0],[86.65,36.95],[86.85,37.15],[86.95,37.3],[87.375,37.25],[87.575,37.4],[87.7,37.4],[87.775,37.5],[87.875,37.525],[87.975,37.675],[88.0,37.675],[88.075,37.95],[88.375,38.0],[88.675,38.2],[89.05,38.25],[89.2,38.35],[89.2,38.525],[89.3,38.6],[89.35,38.725],[89.85,38.8],[89.85,38.825],[90.55,38.9],[90.6,38.85],[90.775,38.9],[91.225,38.925],[91.325,38.975],[91.85,38.975],[91.975,38.925],[92.1,39.0],[92.5,39.0],[92.625,38.975],[92.675,39.075],[92.825,39.15],[93.175,39.15],[93.425,39.225],[94.125,39.225],[94.125,39.25],[94.45,39.25],[94.45,39.275],[94.8,39.225],[94.95,39.15],[95.3,39.15],[95.475,39.075],[95.625,38.95],[95.675,38.85],[95.775,38.825],[95.925,38.7],[96.125,38.625],[96.175,38.4],[96.35,38.3],[96.425,38.4],[96.55,38.4],[96.725,38.325],[97.2,38.375],[97.35,38.475],[97.55,38.475],[97.7,38.55],[97.75,38.475],[98.025,38.4],[98.075,38.5],[98.225,38.6],[98.6,38.55],[98.775,38.5],[99.0,38.3],[99.175,38.2],[99.45,38.2],[99.475,38.1],[99.65,37.975],[99.675,37.9],[99.9,37.975],[100.125,37.975],[100.275,37.85],[100.625,37.875],[100.85,37.8],[100.975,37.8],[101.025,37.725],[101.025,37.475],[101.225,37.425],[101.275,37.0],[101.225,36.875],[101.375,36.725],[101.275,36.475],[101.275,36.35],[101.55,36.35],[101.825,36.275],[101.725,35.925],[101.825,35.85],[101.725,35.5],[101.55,35.475],[101.575,35.2],[101.825,35.025],[101.975,34.85],[102.075,34.85],[102.1,34.725],[102.35,34.525],[102.45,34.3],[102.6,34.275],[102.9,34.3],[103.0,34.25],[103.375,34.225],[103.35,34.125],[103.125,33.825],[103.225,33.775],[103.225,33.625],[103.3,33.575],[103.35,33.375],[103.475,33.325],[103.5,33.025],[103.575,32.975],[103.45,32.725],[103.3,32.65],[103.025,32.725],[102.85,32.55],[102.825,32.45],[102.6,32.175],[102.575,31.975],[102.725,31.825],[102.6,31.7],[102.575,31.575],[102.475,31.575],[102.275,31.4],[102.275,31.2],[102.05,31.15],[101.95,31.075],[102.025,31.3],[101.75,31.3],[101.6,31.375],[101.4,31.25],[101.4,31.025],[101.45,30.975],[101.475,30.675],[101.575,30.625],[101.6,30.475],[101.675,30.425],[101.65,30.3],[101.55,30.225],[101.55,30.05],[101.625,29.975],[101.625,29.725],[101.525,29.55],[101.425,29.5],[101.375,29.325],[101.225,29.275],[101.15,29.425],[100.9,29.525],[100.7,29.525],[100.4,29.475],[100.35,29.25],[100.425,29.175],[100.45,28.975],[100.35,28.975],[99.975,28.525],[99.9,28.325],[99.9,28.15],[99.85,28.125],[99.825,27.925],[99.675,27.925],[99.65,28.05],[99.525,28.225],[99.475,28.175],[99.25,28.15],[99.125,28.25],[99.0,28.275],[98.975,28.125],[98.775,28.075],[98.75,28.0],[98.5,28.075],[98.4,28.225],[98.25,28.35],[98.075,28.4],[97.975,28.55],[97.7,28.55],[97.475,28.45],[97.375,28.225],[97.3,28.2],[97.275,28.05],[97.15,27.975],[96.875,27.95],[96.9,27.725],[96.85,27.7],[96.875,27.5],[96.775,27.4],[96.625,27.35],[96.575,27.425],[96.25,27.425],[96.175,27.4],[95.925,27.025],[95.8,27.025],[95.65,26.925],[95.65,27.075],[95.525,27.225],[95.325,27.4],[95.2,27.725],[95.275,27.725],[95.2,28.025],[95.05,28.05],[94.95,27.95],[94.8,27.925],[94.775,27.85],[94.55,27.875],[94.375,28.05],[94.375,28.35],[94.3,28.425],[94.15,28.425],[94.075,28.525],[93.95,28.525],[93.8,28.65],[93.65,28.925],[93.575,28.925],[93.5,28.8],[93.25,28.825],[93.2,28.725],[92.95,28.7],[92.9,28.65],[92.65,28.625],[92.625,28.375],[92.55,28.3],[92.525,28.075],[92.225,28.0],[92.05,28.175],[91.575,28.175],[91.55,28.375],[91.3,28.5],[90.975,28.475],[90.8,28.325],[90.625,28.275],[90.525,28.125],[90.425,28.1],[90.3,28.25],[90.125,28.275],[90.0,28.2],[89.675,28.275],[89.525,28.2],[89.5,28.1],[89.275,28.0],[89.15,27.85],[89.075,27.85],[89.0,27.975],[88.85,28.0],[88.75,28.075],[88.5,28.075],[88.175,27.9],[87.7,27.975],[87.575,28.175],[87.4,28.125],[87.2,28.125],[87.0,28.0],[86.625,28.1],[86.425,28.3],[86.3,28.3],[86.15,28.475],[85.85,28.475],[85.775,28.475],[85.475,28.7],[85.45,28.875],[85.35,29.0]]]}},{"type":"Feature","properties":{"name":"Dali","name_zh":"大理","focus":false,"label":[102.43,24.16],"area":33.5,"color":"#b0805f"},"geometry":{"type":"Polygon","coordinates":[[[99.6,23.05],[99.45,23.1],[99.25,23.25],[99.225,23.375],[99.025,23.45],[98.975,23.6],[98.9,23.6],[98.75,23.8],[98.7,23.8],[98.725,23.975],[98.95,24.2],[98.875,24.35],[98.95,24.425],[98.975,24.7],[98.925,24.95],[98.775,25.175],[98.8,25.65],[98.775,25.725],[98.925,25.825],[99.025,25.775],[99.15,25.8],[99.1,25.95],[99.125,26.075],[99.25,26.2],[99.35,26.15],[99.55,26.15],[99.55,26.2],[99.775,26.25],[99.85,26.175],[99.975,26.3],[100.075,26.3],[100.075,26.5],[100.2,26.5],[100.45,26.575],[100.45,26.65],[100.725,26.825],[100.875,26.775],[100.925,26.775],[101.175,26.7],[101.425,26.7],[101.5,26.6],[101.8,26.625],[101.95,26.425],[101.95,26.25],[102.2,26.35],[102.325,26.275],[102.625,26.35],[102.7,26.275],[102.825,26.425],[102.975,26.35],[103.0,26.475],[103.1,26.6],[103.225,26.625],[103.25,26.45],[103.325,26.35],[103.325,26.2],[103.575,26.25],[103.675,26.15],[103.95,26.15],[104.175,26.4],[104.3,26.5],[104.2,26.675],[104.625,26.725],[104.7,26.575],[105.025,26.6],[105.15,26.525],[105.3,26.3],[105.275,26.15],[105.35,26.075],[105.275,25.675],[105.45,25.575],[105.425,25.425],[105.5,25.375],[105.55,25.05],[105.6,25.0],[105.575,24.8],[105.7,24.775],[105.575,24.575],[105.425,24.55],[105.45,24.375],[105.625,24.35],[105.775,24.275],[105.725,24.175],[105.725,23.975],[105.6,23.85],[105.6,23.75],[105.7,23.725],[105.75,23.575],[105.875,23.5],[105.975,23.375],[106.175,23.375],[106.25,23.325],[106.25,22.825],[106.175,22.725],[106.0,22.75],[105.875,22.825],[105.825,22.7],[105.675,22.65],[105.65,22.475],[105.725,22.3],[105.5,22.325],[105.3,22.275],[105.275,22.175],[105.05,22.175],[105.0,22.1],[104.7,22.05],[104.575,21.925],[104.65,21.825],[104.5,21.7],[104.45,21.6],[104.3,21.6],[104.325,21.425],[104.475,21.375],[104.55,21.275],[104.575,21.05],[104.625,21.025],[104.625,20.825],[104.475,20.775],[104.275,20.55],[104.1,20.55],[104.025,20.375],[103.925,20.25],[103.725,20.225],[103.6,20.125],[103.425,20.275],[103.3,20.325],[103.25,20.525],[103.125,20.6],[102.925,20.575],[102.75,20.725],[102.6,20.725],[102.4,20.95],[102.125,20.95],[102.0,21.025],[102.0,21.1],[101.825,21.15],[101.675,21.0],[101.575,20.975],[101.425,21.05],[101.2,21.05],[101.175,20.975],[101.05,21.05],[100.95,21.275],[100.95,21.375],[101.075,21.45],[101.05,21.525],[100.925,21.525],[100.875,21.6],[100.675,21.7],[100.475,21.7],[100.3,21.875],[100.15,21.875],[100.1,22.05],[99.975,22.2],[99.8,22.225],[99.65,22.525],[99.75,22.575],[99.7,22.9],[99.6,23.05]]]}},{"type":"Feature","properties":{"name":"Đại Việt","name_zh":"大越","focus":false,"label":[104.58,19.27],"area":16.1,"color":"#9a8a4a"},"geometry":{"type":"MultiPolygon","coordinates":[[[[102.775,18.675],[102.95,18.725],[103.075,18.875],[102.95,19.125],[103.0,19.375],[103.25,19.425],[103.325,19.475],[103.35,19.625],[103.5,19.675],[103.625,19.8],[103.55,19.925],[103.6,20.125],[103.725,20.225],[103.925,20.25],[104.025,20.375],[104.1,20.55],[104.275,20.55],[104.475,20.775],[104.625,20.825],[104.625,21.025],[104.575,21.05],[104.55,21.275],[104.475,21.375],[104.325,21.425],[104.3,21.6],[104.45,21.6],[104.5,21.7],[104.65,21.825],[104.575,21.925],[104.7,22.05],[105.0,22.1],[105.05,22.175],[105.275,22.175],[105.3,22.275],[105.5,22.325],[105.725,22.3],[105.65,22.475],[105.675,22.65],[105.825,22.7],[105.875,22.825],[106.0,22.75],[106.175,22.725],[106.325,22.65],[106.4,22.55],[106.65,22.4],[106.75,22.15],[106.95,22.175],[107.15,21.925],[107.3,21.825],[107.325,21.675],[107.575,21.675],[107.75,21.6],[107.867,21.459],[107.517,21.246],[107.563,21.22],[107.603,21.217],[107.459,21.092],[107.438,21.092],[107.465,20.976],[107.374,20.88],[106.815,20.905],[106.855,20.858],[106.866,20.816],[106.854,20.796],[106.803,20.844],[106.776,20.86],[106.746,20.815],[106.771,20.638],[106.532,20.315],[106.518,20.289],[106.507,20.281],[106.38,20.11],[105.964,19.88],[105.935,19.837],[105.814,19.587],[105.812,19.467],[105.785,19.379],[105.791,19.294],[105.716,19.128],[105.639,19.057],[105.622,18.966],[105.732,18.779],[105.744,18.746],[105.808,18.646],[105.839,18.574],[105.888,18.502],[106.066,18.316],[106.145,18.259],[106.24,18.221],[106.412,18.053],[106.499,17.946],[106.459,17.874],[106.479,17.72],[106.403,17.748],[106.406,17.726],[106.517,17.663],[106.736,17.367],[106.926,17.221],[107.003,17.155],[107.0,17.15],[107.0,16.55],[107.1,16.425],[107.1,16.3],[106.95,16.25],[106.825,16.0],[106.65,15.95],[106.575,16.05],[106.35,16.025],[106.25,15.925],[106.025,15.95],[105.925,15.9],[105.6,15.9],[105.425,15.775],[105.375,16.025],[105.25,16.025],[105.075,16.125],[104.975,16.475],[104.8,16.525],[104.8,16.825],[104.75,17.075],[104.8,17.125],[104.8,17.4],[104.725,17.55],[104.475,17.65],[104.4,17.775],[104.3,17.825],[104.2,18.025],[104.0,18.05],[103.9,18.125],[103.65,18.125],[103.5,18.175],[103.325,18.375],[103.15,18.175],[103.0,18.125],[102.975,18.175],[102.875,18.175],[102.875,18.3],[102.775,18.4],[102.775,18.675]],[[107.424,21.154],[107.44,21.199],[107.417,21.185],[107.424,21.154]]],[[[107.479,20.952],[107.519,21.013],[107.551,21.034],[107.551,20.981],[107.521,20.927],[107.466,20.901],[107.399,20.903],[107.479,20.952]]],[[[107.031,20.747],[106.99,20.743],[106.911,20.824],[106.953,20.867],[107.044,20.837],[107.064,20.817],[107.064,20.8],[107.042,20.761],[107.031,20.747]]]]}},{"type":"Feature","properties":{"name":"Champa City States","name_zh":"占城","focus":false,"label":[108.56,13.29],"area":9.4,"color":"#7272a8"},"geometry":{"type":"Polygon","coordinates":[[[107.0,16.55],[107.0,17.15],[107.003,17.155],[107.12,17.056],[107.18,16.898],[107.355,16.794],[107.549,16.643],[107.541,16.609],[107.593,16.568],[107.724,16.488],[107.803,16.403],[107.834,16.322],[107.882,16.31],[107.936,16.329],[107.991,16.337],[108.029,16.331],[108.082,16.252],[108.095,16.251],[108.156,16.177],[108.17,16.164],[108.175,16.154],[108.223,16.095],[108.241,16.101],[108.267,16.09],[108.274,16.029],[108.286,15.989],[108.395,15.872],[108.447,15.763],[108.578,15.585],[108.674,15.484],[108.743,15.427],[108.821,15.378],[108.898,15.181],[108.94,15.001],[109.022,14.803],[109.085,14.716],[109.087,14.553],[109.137,14.384],[109.191,14.27],[109.207,14.154],[109.224,14.097],[109.245,14.053],[109.303,13.856],[109.288,13.765],[109.247,13.855],[109.252,13.591],[109.288,13.451],[109.272,13.279],[109.31,13.219],[109.377,13.025],[109.424,12.956],[109.42,12.719],[109.445,12.6],[109.381,12.671],[109.336,12.752],[109.274,12.709],[109.219,12.646],[109.305,12.391],[109.207,12.415],[109.216,12.073],[109.256,11.993],[109.259,11.955],[109.247,11.909],[109.22,11.959],[109.215,12.01],[109.199,11.999],[109.2,11.972],[109.167,11.912],[109.158,11.837],[109.193,11.773],[109.199,11.725],[109.173,11.665],[109.133,11.601],[109.048,11.593],[109.037,11.574],[109.018,11.468],[108.987,11.336],[108.877,11.323],[108.695,11.145],[108.439,11.059],[108.419,11.041],[108.272,10.934],[108.176,10.92],[108.095,10.897],[108.001,10.72],[107.845,10.7],[107.83,10.692],[107.672,10.526],[107.412,10.367],[107.265,10.347],[107.156,10.389],[107.084,10.337],[107.078,10.388],[107.116,10.405],[107.035,10.436],[106.971,10.486],[106.97,10.484],[106.825,10.775],[106.825,11.1],[106.875,11.2],[106.875,11.375],[106.95,11.55],[107.1,11.65],[107.1,11.85],[107.2,12.025],[107.5,12.3],[107.775,12.225],[107.85,12.3],[107.925,12.7],[107.775,12.875],[107.5,13.05],[107.425,13.05],[107.4,13.225],[107.45,13.225],[107.45,13.45],[107.5,13.5],[107.5,13.7],[107.625,13.875],[107.85,13.975],[107.975,13.975],[108.0,14.1],[107.85,14.15],[107.825,14.325],[107.775,14.35],[107.8,14.675],[107.9,14.775],[107.875,15.0],[107.65,15.025],[107.575,15.075],[107.55,15.25],[107.375,15.3],[107.2,15.4],[107.15,15.475],[107.125,15.675],[107.05,15.675],[106.95,15.825],[106.875,15.85],[106.825,16.0],[106.95,16.25],[107.1,16.3],[107.1,16.425],[107.0,16.55]]]}},{"type":"Feature","properties":{"name":"Mon state","name_zh":"孟人诸国","focus":false,"label":[96.03,17.74],"area":8.7,"color":"#4f8f86"},"geometry":{"type":"Polygon","coordinates":[[[95.05,18.575],[95.075,18.675],[95.175,18.75],[95.5,18.825],[95.725,18.95],[96.1,18.95],[96.325,19.075],[96.425,19.075],[96.425,19.25],[96.35,19.325],[96.6,19.4],[96.7,19.5],[96.95,19.55],[96.975,19.45],[97.225,19.425],[97.3,19.3],[97.525,19.225],[97.5,18.975],[97.425,18.8],[97.35,18.8],[97.35,18.575],[97.475,18.325],[97.625,18.325],[97.65,18.175],[97.75,18.0],[97.65,17.875],[97.75,17.4],[97.675,17.375],[97.625,16.95],[97.425,16.85],[97.4,16.775],[97.275,16.75],[97.271,16.739],[97.267,16.743],[97.212,16.893],[97.199,16.957],[96.881,17.345],[96.877,17.344],[96.878,17.342],[96.91,17.305],[96.851,17.203],[96.909,17.031],[96.858,16.921],[96.811,16.778],[96.765,16.71],[96.622,16.564],[96.507,16.514],[96.462,16.509],[96.323,16.443],[96.293,16.41],[96.135,16.343],[96.118,16.346],[96.037,16.308],[96.032,16.285],[96.012,16.254],[95.763,16.169],[95.711,16.073],[95.679,15.977],[95.556,15.838],[95.39,15.723],[95.382,15.724],[95.329,15.677],[95.222,15.804],[95.221,15.872],[95.177,15.826],[95.078,15.839],[94.943,15.818],[94.937,15.837],[94.828,15.842],[94.82,15.852],[94.805,15.819],[94.784,15.794],[94.743,15.812],[94.733,15.823],[94.791,15.889],[94.753,15.937],[94.756,15.951],[94.662,15.904],[94.656,15.989],[94.651,16.065],[94.681,16.133],[94.68,16.164],[94.618,16.143],[94.619,16.141],[94.566,16.019],[94.477,15.946],[94.412,15.848],[94.388,15.994],[94.494,16.075],[94.517,16.11],[94.415,16.076],[94.304,15.948],[94.144,16.005],[94.143,16.215],[94.392,16.908],[94.464,17.264],[94.42,18.14],[94.347,18.325],[94.35,18.325],[94.55,18.55],[94.95,18.55],[95.05,18.575]]]}},{"type":"Feature","properties":{"name":"Harapunchai","name_zh":"哈里奔猜","focus":false,"label":[100.08,17.24],"area":29.6,"color":"#a3727a"},"geometry":{"type":"Polygon","coordinates":[[[97.625,16.95],[97.675,17.375],[97.75,17.4],[97.65,17.875],[97.75,18.0],[97.65,18.175],[97.625,18.325],[97.475,18.325],[97.35,18.575],[97.35,18.8],[97.425,18.8],[97.5,18.975],[97.525,19.225],[98.0,19.675],[98.05,19.8],[98.275,19.75],[98.3,19.85],[98.55,20.125],[98.675,20.175],[98.675,20.5],[98.6,20.6],[98.6,20.725],[98.7,20.8],[98.7,20.95],[98.775,20.95],[98.825,21.075],[98.95,21.175],[98.95,21.275],[99.4,21.3],[99.425,21.525],[99.3,21.65],[99.35,21.9],[99.4,21.925],[99.4,22.1],[99.5,22.15],[99.775,22.15],[99.8,22.225],[99.975,22.2],[100.1,22.05],[100.15,21.875],[100.3,21.875],[100.475,21.7],[100.675,21.7],[100.875,21.6],[100.925,21.525],[101.05,21.525],[101.075,21.45],[100.95,21.375],[100.95,21.275],[101.05,21.05],[101.175,20.975],[101.2,21.05],[101.425,21.05],[101.575,20.975],[101.675,21.0],[101.825,21.15],[102.0,21.1],[102.0,21.025],[102.125,20.95],[102.4,20.95],[102.6,20.725],[102.75,20.725],[102.925,20.575],[103.125,20.6],[103.25,20.525],[103.3,20.325],[103.425,20.275],[103.6,20.125],[103.55,19.925],[103.625,19.8],[103.5,19.675],[103.35,19.625],[103.325,19.475],[103.25,19.425],[103.0,19.375],[102.95,19.125],[103.075,18.875],[102.95,18.725],[102.775,18.675],[102.775,18.4],[102.875,18.3],[102.875,18.175],[102.825,18.175],[102.725,18.15],[102.675,17.925],[102.575,18.0],[102.425,18.0],[102.3,18.075],[102.3,17.75],[102.225,17.625],[102.25,17.3],[102.2,17.2],[102.05,17.075],[101.95,16.925],[101.8,16.925],[101.675,16.85],[101.55,16.7],[101.55,16.4],[101.5,16.4],[101.425,16.2],[101.525,16.125],[101.55,15.975],[101.4,15.825],[101.425,15.625],[101.375,15.55],[101.375,15.325],[101.05,15.325],[100.975,15.25],[100.625,15.2],[100.35,15.05],[100.4,14.725],[100.3,14.55],[100.15,14.475],[99.95,14.575],[99.6,14.6],[99.375,14.825],[99.15,14.9],[99.025,14.825],[98.925,14.95],[98.75,15.25],[98.6,15.25],[98.325,15.075],[98.225,15.075],[98.2,14.925],[98.325,14.625],[98.325,14.4],[98.25,14.4],[98.175,14.475],[97.936,14.336],[97.822,14.616],[97.742,15.009],[97.629,15.968],[97.584,16.02],[97.609,16.141],[97.584,16.348],[97.575,16.253],[97.537,16.24],[97.48,16.306],[97.469,16.461],[97.478,16.468],[97.418,16.482],[97.351,16.527],[97.286,16.722],[97.271,16.739],[97.275,16.75],[97.4,16.775],[97.425,16.85],[97.625,16.95]]]}},{"type":"Feature","properties":{"name":"Pyu state","name_zh":"骠国","focus":false,"label":[95.34,20.48],"area":9.5,"color":"#4f8f86"},"geometry":{"type":"Polygon","coordinates":[[[94.175,19.975],[94.1,20.275],[94.025,20.325],[94.0,20.475],[93.875,20.575],[93.875,20.7],[93.8,20.775],[93.775,20.975],[93.875,21.075],[93.875,21.225],[93.775,21.375],[93.775,21.475],[93.875,21.475],[94.175,21.575],[94.325,21.75],[94.375,21.925],[94.375,22.2],[94.5,22.225],[94.575,22.325],[94.725,22.325],[94.85,22.4],[94.8,22.45],[94.775,22.7],[95.2,22.7],[95.275,22.65],[95.775,22.65],[95.975,22.6],[95.975,22.375],[96.025,22.35],[96.025,22.175],[96.375,22.175],[96.5,22.125],[96.5,22.025],[96.625,21.95],[96.625,21.825],[96.7,21.725],[96.6,21.625],[96.75,21.525],[96.75,21.375],[96.675,21.2],[96.6,21.15],[96.75,20.775],[96.75,20.6],[96.7,20.5],[96.825,20.25],[96.825,20.15],[96.925,19.85],[96.95,19.55],[96.7,19.5],[96.6,19.4],[96.35,19.325],[96.425,19.25],[96.425,19.075],[96.325,19.075],[96.1,18.95],[95.725,18.95],[95.5,18.825],[95.175,18.75],[95.075,18.675],[95.05,18.575],[94.95,18.55],[94.55,18.55],[94.35,18.325],[94.347,18.325],[94.3,18.443],[94.266,18.507],[94.261,18.543],[94.244,18.586],[94.191,18.702],[94.171,18.732],[94.176,18.733],[94.15,18.791],[94.15,19.5],[94.325,19.625],[94.275,19.9],[94.175,19.975]]]}},{"type":"Feature","properties":{"name":"minor Hindu and Buddhist states","name_zh":"","focus":false,"label":[98.79,9.63],"area":8.5,"color":"#5f87a3"},"geometry":{"type":"MultiPolygon","coordinates":[[[[98.25,13.95],[98.275,13.75],[98.525,13.575],[98.625,13.575],[98.8,13.425],[98.8,13.275],[98.9,13.075],[99.2,13.075],[99.2,13.125],[99.45,13.125],[99.55,13.0],[99.8,12.95],[99.975,12.75],[99.977,12.75],[99.964,12.69],[100.006,12.355],[99.989,12.171],[99.93,12.047],[99.837,11.937],[99.799,11.749],[99.725,11.662],[99.627,11.463],[99.561,11.215],[99.514,11.101],[99.487,10.89],[99.285,10.569],[99.237,10.388],[99.165,10.32],[99.19,10.266],[99.195,10.175],[99.169,9.934],[99.161,9.734],[99.191,9.627],[99.288,9.415],[99.265,9.353],[99.254,9.265],[99.335,9.225],[99.394,9.214],[99.724,9.314],[99.836,9.288],[99.878,9.195],[99.905,9.113],[99.961,8.671],[99.99,8.589],[100.056,8.511],[100.06,8.507],[100.131,8.532],[100.154,8.444],[100.159,8.474],[100.163,8.508],[100.229,8.425],[100.279,8.269],[100.336,8.0],[100.271,8.0],[100.301,7.886],[100.344,7.44],[100.539,7.048],[100.745,7.011],[100.206,6.538],[100.154,6.603],[99.969,6.507],[99.833,6.538],[99.662,6.71],[99.61,6.938],[99.639,7.065],[99.571,7.262],[99.468,7.338],[99.293,7.319],[99.024,7.871],[98.866,8.0],[98.799,8.056],[98.789,8.06],[98.786,8.066],[98.544,8.264],[98.459,8.227],[98.421,8.178],[98.365,8.186],[98.292,8.155],[98.195,8.327],[98.177,8.6],[98.358,9.198],[98.371,9.291],[98.443,9.493],[98.451,9.504],[98.632,10.1],[98.612,10.11],[98.563,10.035],[98.521,10.107],[98.503,10.165],[98.431,10.201],[98.397,10.563],[98.467,10.664],[98.465,10.676],[98.501,10.719],[98.509,10.724],[98.577,10.822],[98.599,10.864],[98.61,10.881],[98.733,11.412],[98.733,11.435],[98.746,11.521],[98.741,11.592],[98.787,11.659],[98.59,11.695],[98.588,11.822],[98.676,12.051],[98.669,12.107],[98.664,12.127],[98.666,12.134],[98.656,12.225],[98.631,12.225],[98.6,12.245],[98.619,12.3],[98.645,12.321],[98.632,12.428],[98.624,12.441],[98.629,12.452],[98.596,12.737],[98.485,13.111],[98.198,13.644],[98.163,13.737],[98.15,13.648],[98.111,13.713],[98.098,13.898],[98.08,13.962],[97.989,14.206],[97.936,14.336],[98.175,14.475],[98.25,14.4],[98.275,14.4],[98.25,13.95]]],[[[98.454,12.061],[98.466,12.084],[98.525,12.005],[98.61,11.957],[98.576,11.925],[98.516,11.905],[98.474,11.899],[98.454,12.061]]],[[[98.599,8.0],[98.558,8.0],[98.529,8.109],[98.604,8.057],[98.599,8.0]]],[[[98.554,11.745],[98.528,11.539],[98.465,11.567],[98.435,11.567],[98.397,11.684],[98.4,11.715],[98.376,11.792],[98.524,11.805],[98.554,11.745]]],[[[98.527,11.087],[98.542,10.962],[98.519,10.959],[98.498,10.964],[98.477,10.98],[98.527,11.087]]],[[[98.436,12.571],[98.468,12.571],[98.459,12.474],[98.381,12.354],[98.334,12.336],[98.314,12.336],[98.331,12.511],[98.303,12.612],[98.312,12.678],[98.396,12.647],[98.414,12.598],[98.436,12.571]]],[[[98.351,8.111],[98.435,8.086],[98.409,8.0],[98.276,8.0],[98.301,8.136],[98.322,8.166],[98.351,8.111]]],[[[98.308,9.051],[98.251,9.041],[98.258,9.095],[98.274,9.13],[98.301,9.139],[98.313,9.08],[98.308,9.051]]],[[[95.74,5.468],[96.024,5.215],[96.187,5.145],[96.752,5.064],[97.384,5.18],[97.561,5.0],[95.293,5.0],[95.19,5.41],[95.283,5.55],[95.464,5.569],[95.74,5.468]]]]}},{"type":"Feature","properties":{"name":"Khwarazmian dynasty","name_zh":"花剌子模","focus":false,"label":[67.51,28.2],"area":33.4,"color":"#5f87a3"},"geometry":{"type":"Polygon","coordinates":[[[70.95,32.025],[71.125,32.075],[70.975,31.775],[71.125,31.65],[71.225,31.35],[71.325,31.25],[71.375,31.05],[71.275,30.825],[71.25,30.675],[71.175,30.575],[71.175,30.425],[71.0,30.35],[70.875,30.075],[70.85,29.75],[70.925,29.625],[70.925,29.5],[71.025,29.425],[70.975,29.3],[70.85,29.225],[70.85,29.025],[70.9,28.9],[70.9,28.525],[70.775,28.275],[70.775,27.75],[70.675,27.625],[70.625,27.4],[70.55,27.45],[70.175,27.45],[70.0,27.4],[70.0,26.949],[68.864,24.48],[68.072,23.675],[68.046,23.764],[67.692,23.814],[67.486,23.928],[67.315,24.092],[67.204,24.588],[67.153,24.651],[66.654,24.783],[66.7,25.114],[66.62,25.317],[66.432,25.488],[66.3,25.494],[65.768,25.309],[64.424,25.173],[64.238,25.21],[64.12,25.312],[64.059,25.401],[64.157,26.772],[63.6,28.073],[65.024,28.32],[67.378,30.116],[70.0,31.69],[70.0,31.925],[70.15,32.0],[70.525,32.0],[70.525,32.025],[70.95,32.025]]]}},{"type":"Feature","properties":{"name":"Ghaznavid Emirate","name_zh":"","focus":false,"label":[65.02,35.11],"area":88.6,"color":"#7272a8"},"geometry":{"type":"Polygon","coordinates":[[[71.15,33.825],[71.25,33.75],[71.525,33.775],[71.6,33.7],[71.8,33.7],[71.825,33.75],[72.0,33.675],[72.2,33.4],[72.225,33.15],[72.175,33.15],[72.125,33.1],[71.725,33.1],[71.675,32.975],[71.6,32.975],[71.425,32.825],[71.4,32.575],[71.275,32.25],[71.125,32.075],[70.95,32.025],[70.525,32.025],[70.525,32.0],[70.15,32.0],[70.0,31.925],[70.0,31.69],[67.378,30.116],[65.024,28.32],[63.6,28.073],[62.856,28.444],[61.927,29.745],[60.0,31.961],[60.0,39.619],[63.121,39.808],[63.729,39.471],[64.632,38.838],[66.529,38.116],[66.709,37.212],[67.342,37.212],[67.884,36.851],[70.0,35.149],[70.0,34.15],[70.225,34.0],[70.6,33.925],[70.725,33.825],[71.15,33.825]]]}},{"type":"Feature","properties":{"name":"Buwayhid Emirates","name_zh":"","focus":false,"label":[61.2,29.09],"area":18.0,"color":"#7272a8"},"geometry":{"type":"Polygon","coordinates":[[[61.927,29.745],[62.856,28.444],[63.6,28.073],[64.157,26.772],[64.059,25.401],[63.65,25.336],[63.403,25.164],[62.449,25.162],[61.813,25.053],[61.343,25.026],[60.858,25.095],[60.479,25.298],[60.0,25.322],[60.0,31.961],[61.927,29.745]]]}},{"type":"Feature","properties":{"name":"Paleo-Siberian hunter-gatherers","name_zh":"","focus":false,"label":[80.62,56.52],"area":81.8,"color":"#7d6b5a","nolabel":true},"geometry":{"type":"MultiPolygon","coordinates":[[[[115.392,57.652],[115.205,57.386],[114.867,58.0],[115.637,58.0],[115.392,57.652]]],[[[99.725,55.65],[99.65,55.55],[99.425,55.45],[99.375,55.275],[99.15,55.225],[99.075,55.075],[98.775,54.7],[98.475,54.7],[98.35,54.65],[98.2,54.525],[98.0,54.525],[97.875,54.4],[97.675,54.4],[97.575,54.3],[97.425,54.25],[97.375,54.175],[97.075,54.15],[97.05,53.95],[96.875,54.075],[96.85,54.25],[96.7,54.225],[96.675,54.35],[96.7,54.6],[96.85,54.6],[96.95,54.775],[96.925,55.075],[96.8,55.325],[96.8,55.55],[96.6,55.6],[96.6,56.0],[96.048,56.0],[93.7,56.484],[78.362,56.41],[74.439,56.0],[72.75,56.0],[72.625,55.8],[72.4,55.7],[72.175,55.65],[72.0,55.65],[71.725,55.575],[71.4,55.575],[71.4,55.55],[70.925,55.55],[70.925,55.525],[70.575,55.525],[70.225,55.45],[70.0,55.45],[70.0,55.536],[65.311,55.046],[60.0,56.229],[60.0,56.559],[62.805,56.955],[65.855,58.0],[104.256,58.0],[100.182,56.0],[99.85,56.0],[99.9,55.825],[99.875,55.675],[99.725,55.65]]]]}},{"type":"Feature","properties":{"name":"Taiwanese Tribes","name_zh":"台湾诸部","focus":false,"label":[120.81,23.55],"area":3.2,"color":"#b0805f"},"geometry":{"type":"Polygon","coordinates":[[[120.077,23.127],[120.057,23.158],[120.085,23.21],[120.086,23.212],[120.121,23.305],[120.14,23.388],[120.111,23.62],[120.138,23.665],[120.159,23.709],[120.38,24.071],[120.694,24.596],[120.78,24.666],[120.836,24.723],[120.902,24.813],[120.964,24.928],[120.977,24.946],[121.009,25.008],[121.031,25.02],[121.041,25.033],[121.095,25.065],[121.146,25.083],[121.194,25.109],[121.291,25.133],[121.365,25.159],[121.45,25.249],[121.505,25.272],[121.518,25.282],[121.53,25.277],[121.594,25.275],[121.643,25.232],[121.655,25.219],[121.881,25.114],[122.002,25.006],[121.844,24.871],[121.82,24.825],[121.819,24.806],[121.839,24.476],[121.792,24.436],[121.778,24.398],[121.772,24.301],[121.637,24.124],[121.613,24.053],[121.583,23.861],[121.534,23.696],[121.496,23.485],[121.481,23.442],[121.477,23.424],[121.397,23.173],[121.352,23.067],[121.296,22.967],[121.242,22.89],[121.168,22.762],[120.994,22.592],[120.947,22.503],[120.897,22.379],[120.877,22.262],[120.878,22.156],[120.882,22.039],[120.853,21.983],[120.84,21.925],[120.825,21.93],[120.824,21.927],[120.716,21.928],[120.613,22.3],[120.608,22.313],[120.604,22.318],[120.512,22.415],[120.501,22.424],[120.377,22.483],[120.345,22.503],[120.307,22.54],[120.33,22.521],[120.24,22.649],[120.145,22.985],[120.128,23.024],[120.052,23.044],[120.09,23.084],[120.083,23.094],[120.077,23.127]]]}},{"type":"Feature","properties":{"name":"Buyid dynasty","name_zh":"","focus":false,"label":[73.74,34.53],"area":19.3,"color":"#5f87a3"},"geometry":{"type":"Polygon","coordinates":[[[71.825,33.75],[71.8,33.7],[71.6,33.7],[71.525,33.775],[71.25,33.75],[71.15,33.825],[70.725,33.825],[70.6,33.925],[70.225,34.0],[70.0,34.15],[70.0,35.149],[70.0,35.15],[69.333,35.686],[70.0,35.947],[70.0,35.575],[70.175,35.6],[70.3,35.725],[70.525,35.7],[70.6,35.625],[70.825,35.6],[70.95,35.675],[70.95,35.75],[71.075,35.875],[71.125,36.1],[71.275,36.225],[71.425,36.25],[71.525,36.45],[71.6,36.5],[71.8,36.45],[71.9,36.55],[72.1,36.625],[72.2,36.775],[72.2,36.9],[72.275,37.05],[72.45,37.15],[72.675,37.2],[72.775,37.375],[72.975,37.425],[73.05,37.35],[73.275,37.475],[73.475,37.5],[73.475,37.325],[73.725,37.3],[73.9,37.25],[74.025,37.1],[74.05,37.0],[74.225,36.975],[74.35,37.1],[74.675,37.075],[74.8,37.025],[74.825,36.95],[75.1,36.95],[75.35,36.65],[75.475,36.6],[75.675,36.6],[75.675,36.3],[75.725,36.15],[76.075,36.2],[76.275,36.1],[76.275,35.675],[76.15,35.6],[76.225,35.375],[76.3,35.325],[76.25,35.05],[76.35,34.975],[76.35,34.825],[76.55,34.725],[76.525,34.6],[76.625,34.575],[76.7,34.425],[77.0,34.15],[77.0,34.05],[76.775,33.975],[76.575,34.025],[76.3,33.75],[76.25,33.75],[76.075,33.9],[75.85,33.9],[75.725,33.95],[75.625,33.8],[75.5,33.4],[75.35,33.4],[75.25,33.525],[74.975,33.45],[74.725,33.55],[74.6,33.55],[74.525,33.725],[74.45,33.775],[74.4,33.925],[74.3,34.0],[73.95,34.0],[73.825,33.95],[73.525,33.925],[73.55,33.75],[73.45,33.65],[73.325,33.65],[73.125,33.45],[73.025,33.425],[72.9,33.275],[72.725,33.225],[72.4,32.975],[72.275,33.15],[72.225,33.15],[72.2,33.4],[72.0,33.675],[71.825,33.75]]]}},{"type":"Feature","properties":{"name":"Finno-Ugric taiga hunter-gatherers","name_zh":"","focus":false,"label":[62.17,57.48],"area":5.1,"color":"#5f87a3","nolabel":true},"geometry":{"type":"Polygon","coordinates":[[[62.805,56.955],[60.0,56.559],[60.0,58.0],[65.855,58.0],[62.805,56.955]]]}},{"type":"Feature","properties":{"name":"Cuman Khanates","name_zh":"","focus":false,"label":[62.14,51.25],"area":37.8,"color":"#7272a8"},"geometry":{"type":"MultiPolygon","coordinates":[[[[60.078,46.401],[60.395,46.405],[60.547,46.322],[60.728,46.402],[60.822,46.243],[60.811,46.168],[60.651,46.071],[60.0,46.114],[60.0,46.497],[60.078,46.401]]],[[[65.847,55.102],[62.748,47.446],[61.473,46.459],[61.394,46.5],[61.535,46.669],[60.938,46.489],[60.799,46.568],[60.797,46.715],[60.743,46.764],[60.623,46.781],[60.57,46.777],[60.728,46.676],[60.725,46.625],[60.651,46.589],[60.501,46.611],[60.429,46.528],[60.27,46.699],[60.073,46.618],[60.0,46.514],[60.0,56.229],[65.311,55.046],[65.847,55.102]]]]}},{"type":"Feature","properties":{"name":"Goryeo","name_zh":"高丽","focus":false,"label":[126.73,38.03],"area":19.9,"color":"#7d6b5a"},"geometry":{"type":"MultiPolygon","coordinates":[[[[124.275,40.275],[124.475,40.3],[124.65,40.45],[124.775,40.4],[124.825,40.475],[125.0,40.475],[125.025,40.55],[125.175,40.6],[125.425,40.625],[125.475,40.7],[125.675,40.75],[125.75,40.85],[126.025,40.875],[126.075,40.95],[126.25,40.95],[126.3,40.875],[126.425,40.85],[126.6,41.05],[126.875,41.075],[127.0,40.95],[127.05,40.8],[127.175,40.675],[127.275,40.725],[127.8,40.725],[127.825,40.775],[128.0,40.775],[128.125,40.825],[128.35,40.825],[128.475,40.95],[128.75,41.05],[128.85,41.175],[129.025,41.225],[129.175,41.2],[129.275,41.075],[129.718,40.878],[129.709,40.857],[129.503,40.784],[129.477,40.682],[129.227,40.639],[129.11,40.491],[128.945,40.428],[128.843,40.358],[128.815,40.351],[128.446,40.065],[128.236,39.969],[127.931,39.956],[127.925,39.954],[127.867,39.896],[127.604,39.796],[127.546,39.734],[127.527,39.696],[127.547,39.563],[127.549,39.461],[127.523,39.377],[127.457,39.401],[127.422,39.374],[127.383,39.296],[127.395,39.208],[127.497,39.179],[127.581,39.143],[127.699,39.125],[127.786,39.084],[127.972,38.898],[128.123,38.816],[128.163,38.786],[128.249,38.745],[128.329,38.681],[128.375,38.623],[128.619,38.176],[128.817,37.931],[129.049,37.685],[129.143,37.547],[129.335,37.275],[129.342,37.257],[129.433,37.058],[129.423,36.987],[129.426,36.926],[129.439,36.874],[129.474,36.774],[129.469,36.76],[129.473,36.742],[129.433,36.637],[129.445,36.471],[129.435,36.425],[129.438,36.4],[129.421,36.374],[129.393,36.323],[129.391,36.202],[129.402,36.138],[129.404,36.052],[129.426,36.019],[129.458,36.006],[129.51,36.038],[129.512,36.038],[129.557,36.078],[129.569,36.05],[129.573,36.051],[129.572,36.043],[129.588,36.007],[129.466,35.537],[129.237,35.189],[129.136,35.112],[128.978,35.084],[128.976,35.101],[128.85,35.096],[128.81,35.084],[128.77,35.098],[128.643,35.12],[128.511,35.101],[128.458,35.069],[128.43,35.031],[128.477,35.053],[128.501,35.008],[128.434,34.834],[128.335,34.871],[128.333,34.893],[128.276,34.911],[128.211,34.914],[128.203,34.888],[128.066,34.924],[128.02,34.986],[127.885,34.972],[127.873,34.966],[127.763,34.958],[127.646,34.901],[127.639,34.89],[127.663,34.843],[127.687,34.825],[127.773,34.843],[127.747,34.727],[127.634,34.614],[127.554,34.656],[127.567,34.764],[127.565,34.766],[127.524,34.84],[127.487,34.843],[127.418,34.818],[127.399,34.795],[127.39,34.743],[127.423,34.688],[127.443,34.666],[127.514,34.591],[127.389,34.471],[127.315,34.443],[127.124,34.537],[127.201,34.633],[127.197,34.607],[127.261,34.662],[127.268,34.717],[127.05,34.62],[127.031,34.607],[126.939,34.491],[126.889,34.412],[126.8,34.463],[126.796,34.495],[126.755,34.512],[126.717,34.483],[126.658,34.391],[126.7,34.396],[126.753,34.344],[126.77,34.296],[126.766,34.297],[126.774,34.286],[126.7,34.284],[126.648,34.32],[126.659,34.337],[126.646,34.351],[126.65,34.379],[126.6,34.3],[126.557,34.316],[126.531,34.314],[126.522,34.329],[126.478,34.345],[126.463,34.484],[126.288,34.59],[126.288,34.644],[126.264,34.673],[126.289,34.704],[126.289,34.742],[126.313,34.717],[126.426,34.695],[126.512,34.697],[126.476,34.724],[126.505,34.738],[126.473,34.756],[126.539,34.779],[126.593,34.824],[126.548,34.837],[126.526,34.828],[126.51,34.775],[126.375,34.785],[126.408,34.885],[126.398,34.933],[126.387,34.951],[126.318,34.932],[126.249,35.116],[126.298,35.134],[126.291,35.154],[126.361,35.217],[126.396,35.314],[126.397,35.316],[126.421,35.406],[126.457,35.447],[126.46,35.456],[126.493,35.501],[126.508,35.507],[126.523,35.524],[126.559,35.526],[126.582,35.534],[126.614,35.571],[126.579,35.584],[126.498,35.578],[126.474,35.635],[126.488,35.642],[126.488,35.647],[126.535,35.666],[126.545,35.672],[126.602,35.714],[126.717,35.769],[126.753,35.872],[126.726,35.893],[126.615,35.89],[126.631,35.967],[126.664,35.974],[126.664,35.975],[126.683,36.001],[126.544,36.136],[126.464,36.574],[126.507,36.586],[126.488,36.694],[126.433,36.678],[126.389,36.651],[126.322,36.667],[126.293,36.581],[126.278,36.678],[126.231,36.689],[126.212,36.69],[126.172,36.672],[126.128,36.751],[126.182,36.809],[126.19,36.824],[126.184,36.878],[126.291,36.962],[126.304,36.927],[126.349,36.956],[126.355,36.996],[126.442,36.999],[126.447,36.981],[126.487,37.007],[126.498,37.009],[126.502,37.052],[126.554,37.016],[126.578,37.02],[126.671,36.969],[126.781,36.963],[126.785,36.947],[126.839,36.846],[126.872,36.824],[126.879,36.862],[126.958,36.906],[126.969,36.926],[126.908,36.919],[126.752,37.048],[126.776,37.123],[126.783,37.127],[126.778,37.147],[126.694,37.121],[126.661,37.156],[126.661,37.253],[126.775,37.26],[126.791,37.295],[126.786,37.3],[126.722,37.328],[126.734,37.364],[126.71,37.394],[126.66,37.407],[126.621,37.481],[126.653,37.485],[126.657,37.551],[126.645,37.568],[126.541,37.673],[126.516,37.605],[126.513,37.597],[126.41,37.593],[126.209,37.754],[125.909,37.511],[125.741,37.784],[125.592,37.826],[125.582,37.815],[125.502,37.764],[125.269,37.484],[125.076,37.77],[124.769,37.935],[124.697,38.127],[124.691,38.129],[124.696,38.132],[124.693,38.139],[124.736,38.279],[124.929,38.464],[124.972,38.477],[124.974,38.48],[125.067,38.557],[125.286,38.655],[125.293,38.688],[125.027,38.815],[125.296,39.364],[125.206,39.485],[124.922,39.618],[124.688,39.605],[124.548,39.541],[124.442,39.573],[124.208,39.738],[124.127,39.852],[124.106,39.841],[123.997,39.835],[123.949,39.818],[123.95,39.825],[124.025,39.95],[124.075,40.175],[124.275,40.275]]],[[[128.489,34.865],[128.491,34.866],[128.49,34.868],[128.501,34.873],[128.586,34.932],[128.668,35.009],[128.722,35.014],[128.741,34.799],[128.739,34.797],[128.741,34.781],[128.585,34.703],[128.591,34.773],[128.536,34.809],[128.526,34.805],[128.506,34.84],[128.489,34.865]]],[[[128.066,34.806],[128.058,34.74],[128.06,34.701],[127.977,34.697],[127.86,34.719],[127.822,34.843],[127.834,34.857],[127.832,34.875],[127.863,34.892],[127.898,34.933],[127.906,34.916],[127.915,34.921],[127.966,34.893],[128.014,34.883],[128.024,34.913],[128.085,34.83],[128.056,34.832],[128.066,34.806]]],[[[127.737,34.631],[127.767,34.661],[127.768,34.664],[127.769,34.663],[127.787,34.682],[127.793,34.651],[127.812,34.641],[127.799,34.572],[127.739,34.604],[127.747,34.621],[127.737,34.631]]],[[[127.711,34.526],[127.77,34.538],[127.798,34.484],[127.78,34.474],[127.711,34.526]]],[[[127.114,34.463],[127.213,34.485],[127.245,34.465],[127.16,34.414],[127.114,34.463]]],[[[126.324,36.565],[126.325,36.565],[126.319,36.613],[126.365,36.585],[126.376,36.59],[126.38,36.575],[126.387,36.571],[126.418,36.493],[126.412,36.467],[126.431,36.403],[126.335,36.438],[126.324,36.565]]],[[[126.186,34.351],[126.174,34.356],[126.17,34.355],[126.164,34.361],[126.106,34.387],[126.113,34.397],[126.109,34.399],[126.123,34.444],[126.19,34.501],[126.243,34.573],[126.266,34.56],[126.344,34.545],[126.38,34.498],[126.378,34.495],[126.38,34.494],[126.342,34.401],[126.186,34.351]]],[[[126.062,34.928],[126.094,34.909],[126.091,34.903],[126.169,34.83],[126.172,34.731],[126.159,34.707],[126.115,34.714],[126.071,34.783],[126.052,34.838],[126.023,34.857],[125.986,34.86],[126.062,34.928]]],[[[126.166,36.839],[126.163,36.824],[126.158,36.833],[126.166,36.839]]],[[[126.059,35.09],[126.137,35.142],[126.162,35.143],[126.106,35.046],[126.059,35.09]]],[[[125.914,34.685],[125.981,34.716],[126.008,34.691],[125.971,34.647],[125.914,34.685]]],[[[126.005,34.768],[125.932,34.718],[125.888,34.732],[125.908,34.772],[126.005,34.768]]],[[[124.89,39.602],[124.935,39.608],[124.905,39.536],[124.849,39.508],[124.846,39.559],[124.89,39.602]]],[[[124.672,37.923],[124.651,37.914],[124.634,37.939],[124.625,37.945],[124.627,37.95],[124.615,37.968],[124.633,37.971],[124.636,37.981],[124.658,37.974],[124.671,37.976],[124.717,37.989],[124.745,37.981],[124.755,37.97],[124.754,37.955],[124.74,37.947],[124.717,37.933],[124.697,37.92],[124.672,37.923]]]]}},{"type":"Feature","properties":{"name":"Tungusic Tribes","name_zh":"女真诸部","focus":false,"label":[133.86,54.51],"area":67.2,"color":"#7d6b5a"},"geometry":{"type":"Polygon","coordinates":[[[137.19,55.892],[137.033,55.807],[137.0,55.8],[137.0,55.79],[136.794,55.694],[136.566,55.614],[136.521,55.589],[136.369,55.521],[136.351,55.51],[136.175,55.352],[135.751,55.161],[135.541,55.114],[135.263,54.943],[135.235,54.903],[135.212,54.841],[135.258,54.731],[135.325,54.707],[135.438,54.692],[135.852,54.584],[136.238,54.614],[136.322,54.614],[136.35,54.6],[136.36,54.614],[136.58,54.614],[136.715,54.624],[136.797,54.621],[136.824,54.561],[136.82,54.452],[136.77,54.353],[136.729,54.061],[136.683,53.931],[136.719,53.804],[136.803,53.782],[136.886,53.839],[137.017,53.848],[137.04,53.862],[137.166,53.842],[137.258,54.025],[137.172,54.057],[137.096,54.129],[137.142,54.182],[137.378,54.282],[137.525,54.291],[137.666,54.283],[137.513,54.156],[137.451,54.13],[137.403,54.124],[137.339,54.101],[137.476,54.028],[137.623,53.97],[137.835,53.947],[137.786,53.903],[137.645,53.866],[137.517,53.707],[137.363,53.65],[137.35,53.65],[137.348,53.644],[137.314,53.632],[137.221,53.579],[137.254,53.546],[137.328,53.539],[137.738,53.56],[137.95,53.604],[138.253,53.726],[138.379,53.909],[138.412,53.924],[138.416,54.091],[138.715,54.088],[138.705,54.148],[138.716,54.223],[138.657,54.298],[138.696,54.32],[139.105,54.218],[139.32,54.193],[139.707,54.277],[139.796,54.256],[139.858,54.205],[140.179,54.052],[140.242,54.001],[140.347,53.813],[140.688,53.596],[141.006,53.495],[141.015,53.454],[141.05,53.434],[141.05,53.425],[141.061,53.427],[141.218,53.334],[141.374,53.293],[141.402,53.184],[141.328,53.097],[141.181,53.015],[141.112,53.033],[141.089,52.985],[141.02,52.943],[141.087,52.898],[141.256,52.84],[141.258,52.792],[141.125,52.8],[140.85,52.75],[140.7,52.675],[140.7,52.525],[140.775,52.4],[140.775,52.25],[140.875,52.125],[140.875,51.8],[140.8,51.75],[140.8,51.525],[140.75,51.375],[140.798,51.365],[140.688,51.232],[140.673,51.075],[140.65,51.075],[140.625,51.275],[140.525,51.375],[140.3,51.35],[140.025,51.55],[140.025,51.625],[139.875,51.55],[139.5,51.525],[139.425,51.4],[139.2,51.375],[139.1,51.525],[138.95,51.575],[138.9,51.7],[138.8,51.775],[138.525,51.775],[138.325,51.875],[138.35,51.95],[138.25,51.975],[138.125,52.1],[138.1,52.2],[137.975,52.15],[137.925,52.2],[137.675,52.225],[137.65,52.45],[137.55,52.425],[137.4,52.675],[137.4,52.825],[137.25,52.85],[137.25,53.0],[137.175,53.15],[137.025,53.25],[136.75,53.225],[136.775,53.45],[136.675,53.625],[136.65,53.775],[136.55,53.85],[136.375,53.825],[136.35,54.075],[136.1,54.075],[136.1,53.925],[136.0,53.775],[135.85,53.75],[135.8,53.55],[135.675,53.55],[135.5,53.45],[135.325,53.525],[135.125,53.375],[134.875,53.4],[134.775,53.475],[134.675,53.375],[134.375,53.3],[134.3,53.25],[133.95,53.25],[133.9,53.2],[133.65,53.225],[133.575,53.3],[133.4,53.35],[133.175,53.35],[133.075,53.275],[132.925,53.3],[132.575,53.275],[132.35,53.575],[132.2,53.575],[132.1,53.725],[131.9,53.8],[131.6,53.825],[131.6,53.775],[131.4,53.775],[131.225,53.85],[131.2,54.05],[131.05,54.075],[130.875,54.175],[130.9,54.625],[131.0,54.675],[131.175,54.675],[131.4,54.75],[131.525,54.85],[131.575,55.125],[131.45,55.225],[131.2,55.3],[131.125,55.4],[131.0,55.275],[130.9,55.25],[130.4,55.25],[130.3,55.375],[129.875,55.475],[129.625,55.35],[129.35,55.375],[129.225,55.45],[129.025,55.5],[128.775,55.375],[128.475,55.375],[128.45,55.325],[128.175,55.325],[128.1,55.25],[127.875,55.25],[127.7,55.2],[127.55,55.35],[127.425,55.35],[127.125,55.2],[127.0,55.2],[126.7,55.4],[126.675,55.55],[126.375,55.525],[126.275,55.45],[126.0,55.45],[125.85,55.35],[125.85,55.275],[125.575,55.2],[125.525,55.15],[125.275,55.15],[125.175,55.225],[125.125,55.375],[124.875,55.375],[124.7,55.575],[124.35,55.575],[124.175,55.55],[124.05,55.6],[123.75,55.6],[123.625,55.675],[123.45,55.7],[123.425,56.0],[122.298,56.0],[115.392,57.652],[115.637,58.0],[140.347,58.0],[140.028,57.644],[138.866,57.124],[138.345,56.804],[137.253,56.0],[137.419,56.0],[137.384,55.975],[137.19,55.892]]]}},{"type":"Feature","properties":{"name":"Kamarupa","name_zh":"","focus":false,"label":[98.91,26.85],"area":15.8,"color":"#b0805f"},"geometry":{"type":"Polygon","coordinates":[[[94.575,25.875],[94.6,26.0],[94.75,26.2],[94.9,26.2],[95.1,26.275],[95.175,26.525],[95.3,26.65],[95.425,26.675],[95.45,26.75],[95.65,26.925],[95.8,27.025],[95.925,27.025],[96.175,27.4],[96.25,27.425],[96.575,27.425],[96.625,27.35],[96.775,27.4],[96.875,27.5],[96.85,27.7],[96.9,27.725],[96.875,27.95],[97.15,27.975],[97.275,28.05],[97.3,28.2],[97.375,28.225],[97.475,28.45],[97.7,28.55],[97.975,28.55],[98.075,28.4],[98.25,28.35],[98.4,28.225],[98.5,28.075],[98.75,28.0],[98.775,28.075],[98.975,28.125],[99.0,28.275],[99.125,28.25],[99.25,28.15],[99.475,28.175],[99.525,28.225],[99.65,28.05],[99.675,27.925],[99.825,27.925],[99.85,28.125],[99.9,28.15],[99.9,28.325],[99.975,28.525],[100.35,28.975],[100.45,28.975],[100.425,29.175],[100.35,29.25],[100.4,29.475],[100.7,29.525],[100.9,29.525],[101.15,29.425],[101.225,29.275],[101.25,29.05],[101.3,28.975],[101.325,28.55],[101.275,28.525],[101.25,28.125],[101.175,28.075],[101.175,27.9],[101.075,27.775],[101.275,27.725],[101.225,27.65],[101.2,27.45],[101.25,27.325],[101.125,27.225],[101.025,27.05],[100.925,27.025],[100.9,26.775],[100.875,26.775],[100.725,26.825],[100.45,26.65],[100.45,26.575],[100.2,26.5],[100.075,26.5],[100.075,26.3],[99.975,26.3],[99.85,26.175],[99.775,26.25],[99.55,26.2],[99.55,26.15],[99.35,26.15],[99.25,26.2],[99.125,26.075],[99.1,25.95],[99.15,25.8],[99.025,25.775],[98.925,25.825],[98.775,25.725],[98.65,25.775],[98.575,25.675],[98.3,25.525],[98.3,25.425],[98.2,25.325],[98.025,25.275],[97.975,25.2],[97.8,25.225],[97.475,25.475],[97.425,25.325],[97.275,25.275],[97.275,25.1],[97.225,25.0],[96.975,24.775],[96.9,24.875],[96.775,24.9],[96.525,25.1],[96.25,24.925],[96.2,24.825],[96.05,24.85],[95.85,24.95],[95.625,24.95],[95.55,25.0],[95.325,25.0],[95.075,25.15],[94.875,25.0],[94.7,25.125],[94.675,25.2],[94.575,25.15],[94.25,25.15],[94.15,25.225],[94.125,25.325],[94.275,25.525],[94.275,25.6],[94.425,25.825],[94.575,25.875]]]}},{"type":"Feature","properties":{"name":"Khmer Empire","name_zh":"真腊 (吴哥)","focus":false,"label":[104.42,13.19],"area":44.2,"color":"#4f8f86"},"geometry":{"type":"MultiPolygon","coordinates":[[[[99.45,13.125],[99.2,13.125],[99.2,13.075],[98.9,13.075],[98.8,13.275],[98.8,13.425],[98.625,13.575],[98.525,13.575],[98.275,13.75],[98.25,13.95],[98.275,14.4],[98.325,14.4],[98.325,14.625],[98.2,14.925],[98.225,15.075],[98.325,15.075],[98.6,15.25],[98.75,15.25],[98.925,14.95],[99.025,14.825],[99.15,14.9],[99.375,14.825],[99.6,14.6],[99.95,14.575],[100.15,14.475],[100.3,14.55],[100.4,14.725],[100.35,15.05],[100.625,15.2],[100.975,15.25],[101.05,15.325],[101.375,15.325],[101.375,15.55],[101.425,15.625],[101.4,15.825],[101.55,15.975],[101.525,16.125],[101.425,16.2],[101.5,16.4],[101.55,16.4],[101.55,16.7],[101.675,16.85],[101.8,16.925],[101.95,16.925],[102.05,17.075],[102.2,17.2],[102.25,17.3],[102.225,17.625],[102.3,17.75],[102.3,18.075],[102.425,18.0],[102.575,18.0],[102.675,17.925],[102.725,18.15],[102.825,18.175],[102.975,18.175],[103.0,18.125],[103.15,18.175],[103.325,18.375],[103.5,18.175],[103.65,18.125],[103.9,18.125],[104.0,18.05],[104.2,18.025],[104.3,17.825],[104.4,17.775],[104.475,17.65],[104.725,17.55],[104.8,17.4],[104.8,17.125],[104.75,17.075],[104.8,16.825],[104.8,16.525],[104.975,16.475],[105.075,16.125],[105.25,16.025],[105.375,16.025],[105.425,15.775],[105.6,15.9],[105.925,15.9],[106.025,15.95],[106.25,15.925],[106.35,16.025],[106.575,16.05],[106.65,15.95],[106.825,16.0],[106.875,15.85],[106.95,15.825],[107.05,15.675],[107.125,15.675],[107.15,15.475],[107.2,15.4],[107.375,15.3],[107.55,15.25],[107.575,15.075],[107.65,15.025],[107.875,15.0],[107.9,14.775],[107.8,14.675],[107.775,14.35],[107.825,14.325],[107.85,14.15],[108.0,14.1],[107.975,13.975],[107.85,13.975],[107.625,13.875],[107.5,13.7],[107.5,13.5],[107.45,13.45],[107.45,13.225],[107.4,13.225],[107.425,13.05],[107.5,13.05],[107.775,12.875],[107.925,12.7],[107.85,12.3],[107.775,12.225],[107.5,12.3],[107.2,12.025],[107.1,11.85],[107.1,11.65],[106.95,11.55],[106.875,11.375],[106.875,11.2],[106.825,11.1],[106.825,10.775],[106.97,10.484],[106.966,10.441],[106.947,10.4],[106.902,10.383],[106.813,10.433],[106.733,10.529],[106.708,10.458],[106.741,10.444],[106.778,10.376],[106.776,10.339],[106.757,10.296],[106.722,10.294],[106.734,10.19],[106.785,10.151],[106.785,10.116],[106.746,10.085],[106.748,10.067],[106.656,9.743],[106.571,9.65],[106.572,9.641],[106.539,9.604],[106.501,9.573],[106.482,9.552],[106.335,9.52],[106.229,9.551],[106.205,9.504],[106.206,9.502],[106.193,9.448],[106.168,9.397],[106.144,9.386],[106.118,9.335],[105.926,9.188],[105.503,9.029],[105.208,8.653],[105.025,8.519],[104.907,8.474],[104.742,8.493],[104.822,9.472],[104.84,9.53],[104.845,9.606],[104.903,9.816],[104.984,9.867],[104.978,9.98],[104.764,10.177],[104.722,10.19],[104.663,10.17],[104.613,10.208],[104.607,10.227],[104.427,10.284],[104.16,10.519],[104.003,10.537],[103.83,10.473],[103.606,10.473],[103.524,10.524],[103.558,10.58],[103.532,10.605],[103.54,10.669],[103.592,10.721],[103.661,10.75],[103.67,10.765],[103.652,10.88],[103.524,11.057],[103.447,11.045],[103.411,10.977],[103.354,10.922],[103.272,10.909],[103.204,10.912],[103.192,10.904],[103.039,10.897],[102.962,11.367],[102.658,12.066],[102.556,12.131],[102.54,12.109],[102.463,12.16],[102.323,12.186],[101.934,12.569],[101.889,12.593],[101.885,12.597],[101.723,12.654],[101.607,12.66],[101.543,12.644],[101.329,12.558],[101.055,12.66],[100.954,12.621],[100.898,12.654],[100.884,12.677],[100.871,12.678],[100.873,12.697],[100.863,12.715],[100.883,12.777],[100.9,12.908],[100.904,13.035],[100.924,13.109],[100.939,13.228],[100.926,13.303],[100.947,13.358],[100.95,13.374],[100.908,13.447],[100.477,13.508],[100.236,13.484],[100.19,13.466],[100.105,13.426],[100.017,13.353],[99.991,13.243],[100.051,13.171],[100.09,13.046],[99.982,12.771],[99.977,12.75],[99.975,12.75],[99.8,12.95],[99.55,13.0],[99.45,13.125]]],[[[104.028,10.428],[104.064,10.391],[104.083,10.341],[104.076,10.225],[104.037,10.111],[104.048,10.061],[104.018,10.029],[103.952,10.243],[103.868,10.335],[103.85,10.371],[103.898,10.369],[103.986,10.427],[104.028,10.428]]],[[[103.223,10.76],[103.223,10.782],[103.318,10.719],[103.281,10.68],[103.223,10.76]]]]}},{"type":"Feature","properties":{"name":"Bagan","name_zh":"蒲甘","focus":false,"label":[97.79,22.1],"area":28.7,"color":"#6f9460"},"geometry":{"type":"MultiPolygon","coordinates":[[[[91.725,22.975],[91.825,23.025],[91.85,23.125],[92.15,23.45],[92.225,23.45],[92.325,23.575],[92.725,23.65],[92.85,23.475],[93.175,23.525],[93.3,23.6],[93.4,23.725],[93.625,23.8],[93.7,23.975],[93.725,24.275],[93.675,24.45],[93.75,24.525],[93.75,24.7],[93.825,24.775],[93.825,25.05],[93.925,25.25],[94.125,25.325],[94.15,25.225],[94.25,25.15],[94.575,25.15],[94.675,25.2],[94.7,25.125],[94.875,25.0],[95.075,25.15],[95.325,25.0],[95.55,25.0],[95.625,24.95],[95.85,24.95],[96.05,24.85],[96.2,24.825],[96.25,24.925],[96.525,25.1],[96.775,24.9],[96.9,24.875],[96.975,24.775],[97.225,25.0],[97.275,25.1],[97.275,25.275],[97.425,25.325],[97.475,25.475],[97.8,25.225],[97.975,25.2],[98.025,25.275],[98.2,25.325],[98.3,25.425],[98.3,25.525],[98.575,25.675],[98.65,25.775],[98.775,25.725],[98.8,25.65],[98.775,25.175],[98.925,24.95],[98.975,24.7],[98.95,24.425],[98.875,24.35],[98.95,24.2],[98.725,23.975],[98.7,23.8],[98.75,23.8],[98.9,23.6],[98.975,23.6],[99.025,23.45],[99.225,23.375],[99.25,23.25],[99.45,23.1],[99.6,23.05],[99.7,22.9],[99.75,22.575],[99.65,22.525],[99.8,22.225],[99.775,22.15],[99.5,22.15],[99.4,22.1],[99.4,21.925],[99.35,21.9],[99.3,21.65],[99.425,21.525],[99.4,21.3],[98.95,21.275],[98.95,21.175],[98.825,21.075],[98.775,20.95],[98.7,20.95],[98.7,20.8],[98.6,20.725],[98.6,20.6],[98.675,20.5],[98.675,20.175],[98.55,20.125],[98.3,19.85],[98.275,19.75],[98.05,19.8],[98.0,19.675],[97.525,19.225],[97.3,19.3],[97.225,19.425],[96.975,19.45],[96.95,19.55],[96.925,19.85],[96.825,20.15],[96.825,20.25],[96.7,20.5],[96.75,20.6],[96.75,20.775],[96.6,21.15],[96.675,21.2],[96.75,21.375],[96.75,21.525],[96.6,21.625],[96.7,21.725],[96.625,21.825],[96.625,21.95],[96.5,22.025],[96.5,22.125],[96.375,22.175],[96.025,22.175],[96.025,22.35],[95.975,22.375],[95.975,22.6],[95.775,22.65],[95.275,22.65],[95.2,22.7],[94.775,22.7],[94.8,22.45],[94.85,22.4],[94.725,22.325],[94.575,22.325],[94.5,22.225],[94.375,22.2],[94.375,21.925],[94.325,21.75],[94.175,21.575],[93.875,21.475],[93.775,21.475],[93.775,21.375],[93.875,21.225],[93.875,21.075],[93.775,20.975],[93.8,20.775],[93.875,20.7],[93.875,20.575],[94.0,20.475],[94.025,20.325],[94.1,20.275],[94.175,19.975],[94.275,19.9],[94.325,19.625],[94.15,19.5],[94.15,18.791],[94.138,18.816],[94.091,18.849],[94.07,18.893],[94.058,18.991],[93.977,19.167],[93.941,19.146],[93.968,18.995],[93.961,18.958],[93.929,18.9],[93.8,18.961],[93.705,19.027],[93.703,19.031],[93.457,19.174],[93.589,19.205],[93.493,19.369],[93.531,19.398],[93.579,19.401],[93.728,19.267],[93.785,19.25],[93.814,19.257],[93.801,19.305],[93.756,19.326],[93.732,19.416],[93.662,19.459],[93.644,19.495],[93.688,19.544],[93.715,19.558],[93.737,19.542],[93.723,19.594],[93.5,19.841],[93.513,19.755],[93.445,19.806],[93.42,19.878],[93.414,19.936],[93.334,20.025],[93.167,20.005],[93.199,19.898],[93.191,19.851],[93.129,19.858],[93.04,20.009],[92.894,20.113],[92.9,20.175],[92.882,20.152],[92.828,20.178],[92.791,20.211],[92.844,20.283],[92.872,20.302],[92.891,20.34],[92.854,20.41],[92.827,20.424],[92.73,20.412],[92.723,20.296],[92.639,20.422],[92.403,20.613],[92.176,20.886],[91.946,21.362],[91.919,21.506],[91.889,21.503],[91.859,21.533],[91.873,21.574],[91.857,21.709],[91.881,21.715],[91.863,21.809],[91.838,21.75],[91.82,21.81],[91.835,21.885],[91.844,21.91],[91.571,22.543],[91.465,22.659],[91.475,22.675],[91.6,22.75],[91.6,22.825],[91.725,22.975]]],[[[93.01,19.924],[93.023,19.829],[92.975,19.868],[92.913,20.0],[92.915,20.086],[92.96,20.046],[93.01,19.924]]],[[[91.456,22.617],[91.484,22.577],[91.523,22.491],[91.548,22.425],[91.557,22.382],[91.51,22.353],[91.467,22.378],[91.411,22.476],[91.439,22.599],[91.456,22.617]]]]}},{"type":"Feature","properties":{"name":"Srivijaya Empire","name_zh":"","focus":false,"label":[101.39,5.83],"area":3.9,"color":"#b0805f"},"geometry":{"type":"Polygon","coordinates":[[[100.975,6.852],[101.217,6.802],[101.427,6.828],[101.559,6.739],[101.679,6.464],[102.089,6.143],[102.325,6.099],[102.802,5.56],[103.212,5.0],[100.393,5.0],[100.139,6.177],[100.206,6.538],[100.745,7.011],[100.975,6.852]]]}},{"type":"Feature","properties":{"name":"Malays","name_zh":"","focus":false,"label":[125.09,7.63],"area":11.5,"color":"#4f8f86"},"geometry":{"type":"MultiPolygon","coordinates":[[[[122.337,8.028],[122.387,8.046],[122.589,8.093],[122.673,8.133],[122.756,8.133],[122.796,8.272],[122.888,8.342],[123.018,8.399],[123.051,8.434],[123.096,8.481],[123.147,8.516],[123.293,8.541],[123.341,8.57],[123.38,8.616],[123.435,8.703],[123.499,8.682],[123.564,8.647],[123.68,8.621],[123.783,8.548],[123.849,8.433],[123.861,8.376],[123.877,8.189],[123.853,8.145],[123.753,8.058],[123.754,8.058],[123.805,8.083],[123.868,8.091],[123.931,8.128],[123.997,8.159],[124.114,8.19],[124.117,8.192],[124.21,8.446],[124.349,8.545],[124.358,8.559],[124.405,8.6],[124.451,8.606],[124.622,8.523],[124.687,8.547],[124.741,8.918],[124.805,8.921],[124.806,8.924],[124.869,8.972],[124.944,8.957],[125.046,8.891],[125.122,8.873],[125.184,8.947],[125.21,9.027],[125.248,9.027],[125.376,8.992],[125.431,9.002],[125.46,9.053],[125.439,9.37],[125.362,9.624],[125.428,9.783],[125.462,9.742],[125.471,9.757],[125.521,9.759],[125.642,9.654],[125.877,9.513],[125.955,9.427],[126.006,9.321],[126.088,9.261],[126.193,9.277],[126.192,9.125],[126.209,9.081],[126.305,8.952],[126.32,8.845],[126.263,8.744],[126.22,8.696],[126.142,8.627],[126.14,8.596],[126.173,8.56],[126.282,8.539],[126.365,8.484],[126.38,8.327],[126.459,8.203],[126.457,8.149],[126.436,8.0],[126.258,8.0],[126.279,7.733],[126.372,7.536],[126.321,7.148],[126.045,6.608],[125.954,6.652],[125.91,6.849],[125.747,7.185],[125.614,7.236],[125.28,6.593],[125.465,6.244],[125.532,5.939],[125.461,5.717],[125.289,5.488],[125.072,5.722],[125.163,5.907],[125.129,6.053],[124.965,6.084],[124.803,5.785],[124.224,6.089],[123.973,6.336],[123.88,6.565],[123.864,6.851],[124.073,7.258],[124.024,7.474],[123.815,7.658],[123.464,7.79],[123.333,7.771],[123.247,7.593],[123.022,7.478],[122.725,7.452],[122.713,7.674],[122.635,7.782],[122.455,7.693],[121.991,6.872],[121.839,6.967],[121.824,7.056],[122.093,7.775],[122.211,7.902],[122.384,7.985],[122.584,8.0],[122.305,8.0],[122.337,8.028]]],[[[125.522,10.192],[125.525,10.31],[125.58,10.364],[125.606,10.38],[125.648,10.437],[125.667,10.44],[125.685,10.392],[125.647,10.245],[125.703,10.072],[125.684,9.963],[125.692,9.939],[125.69,9.914],[125.673,9.886],[125.649,9.944],[125.591,9.998],[125.534,10.09],[125.495,10.119],[125.522,10.192]]],[[[115.787,5.74],[115.97,5.881],[116.098,6.097],[116.337,6.358],[116.595,6.899],[116.74,6.689],[116.889,6.645],[117.031,6.836],[117.168,6.614],[117.507,6.392],[117.54,6.24],[117.353,5.877],[117.37,5.788],[117.866,5.904],[117.918,5.802],[117.761,5.58],[118.256,5.663],[118.377,5.638],[118.997,5.277],[119.042,5.169],[118.908,5.0],[115.432,5.0],[115.417,5.111],[115.203,5.275],[115.291,5.453],[115.717,5.467],[115.787,5.74]]],[[[114.849,5.0],[114.799,5.0],[114.853,5.015],[114.849,5.0]]]]}},{"type":"Feature","properties":{"name":"Nepal","name_zh":"尼泊尔","focus":false,"label":[82.9,28.61],"area":11.2,"color":"#9a8a4a"},"geometry":{"type":"Polygon","coordinates":[[[80.9,30.575],[81.175,30.575],[81.3,30.425],[81.425,30.425],[81.575,30.55],[81.725,30.5],[82.075,30.525],[82.2,30.475],[82.275,30.325],[82.45,30.35],[82.55,30.275],[82.575,30.15],[82.675,30.125],[82.8,29.95],[82.8,29.85],[82.925,29.75],[83.275,29.6],[83.425,29.425],[83.5,29.225],[83.675,29.35],[83.725,29.55],[83.85,29.725],[83.975,29.625],[84.25,29.525],[84.5,29.475],[84.5,29.275],[84.75,29.225],[84.8,29.075],[84.9,29.0],[85.35,29.0],[85.45,28.875],[85.475,28.7],[85.775,28.475],[85.8,28.475],[85.825,28.275],[85.9,28.175],[85.875,27.9],[85.625,27.675],[85.575,27.525],[85.3,27.55],[85.25,27.6],[85.0,27.6],[84.7,27.4],[84.575,27.4],[84.5,27.325],[84.275,27.25],[84.025,27.225],[83.975,27.175],[83.525,27.2],[83.35,27.175],[83.125,27.3],[82.875,27.3],[82.675,27.425],[82.425,27.5],[82.25,27.675],[82.25,27.725],[81.875,27.875],[81.8,27.975],[81.575,28.05],[81.5,28.2],[81.3,28.375],[81.275,28.75],[81.225,28.825],[81.1,28.775],[80.85,28.775],[80.65,29.0],[80.65,29.15],[80.525,29.225],[80.375,29.25],[80.225,29.4],[80.225,29.525],[80.35,29.775],[80.35,29.925],[80.475,30.025],[80.475,30.2],[80.4,30.275],[80.35,30.6],[80.5,30.6],[80.6,30.6],[80.7,30.525],[80.875,30.525],[80.9,30.575]]]}},{"type":"Feature","properties":{"name":"Kara Khitai Khaganate","name_zh":"西辽","focus":false,"label":[73.87,44.81],"area":490.1,"color":"#7d6b5a"},"geometry":{"type":"Polygon","coordinates":[[[70.925,55.525],[70.925,55.55],[71.4,55.55],[71.4,55.575],[71.725,55.575],[72.0,55.65],[72.175,55.65],[72.4,55.7],[72.625,55.8],[72.75,56.0],[74.439,56.0],[78.362,56.41],[88.845,56.461],[88.786,56.0],[89.075,56.0],[89.05,55.975],[89.05,55.45],[88.975,55.425],[88.85,55.125],[88.625,54.95],[88.625,54.375],[88.725,54.375],[88.75,54.275],[88.95,54.15],[89.05,54.025],[88.925,53.925],[88.875,53.7],[88.525,53.675],[88.5,53.525],[88.35,53.475],[88.225,53.275],[88.225,53.125],[88.125,52.9],[88.05,52.85],[88.125,52.6],[88.275,52.575],[88.4,52.475],[88.425,52.1],[88.375,52.025],[88.425,51.65],[88.6,51.6],[88.725,51.4],[88.65,51.3],[88.65,51.125],[88.725,51.075],[88.675,51.0],[88.675,50.775],[88.6,50.625],[88.625,50.425],[88.7,50.325],[88.7,50.2],[88.425,50.2],[88.175,50.025],[88.05,49.975],[87.875,49.775],[88.1,49.725],[88.1,49.6],[88.025,49.4],[87.875,49.325],[87.875,49.125],[87.925,49.075],[87.925,48.875],[88.075,48.55],[88.175,48.55],[88.3,48.225],[88.15,48.05],[88.125,47.75],[88.0,47.375],[87.725,47.4],[87.725,47.3],[87.55,46.925],[87.55,46.425],[87.6,46.35],[87.65,46.025],[87.65,45.825],[87.75,45.7],[87.75,45.525],[87.4,45.15],[87.4,44.9],[87.35,44.775],[87.325,44.4],[87.275,44.275],[87.275,43.65],[87.25,43.475],[87.075,43.3],[86.95,43.0],[86.675,43.1],[86.5,43.1],[86.325,43.175],[86.1,43.2],[86.05,43.05],[86.1,42.875],[85.925,42.575],[85.825,42.5],[85.55,42.55],[85.2,42.55],[85.15,42.4],[85.45,42.175],[85.575,42.175],[85.825,42.025],[85.95,42.0],[86.025,42.1],[86.225,42.1],[86.375,41.95],[86.375,41.8],[86.225,41.825],[86.2,41.775],[85.9,41.7],[85.975,41.525],[85.975,41.4],[86.125,41.4],[86.25,41.3],[86.175,41.05],[86.075,41.1],[85.9,41.075],[85.9,40.825],[85.85,40.725],[85.8,40.4],[85.975,40.2],[86.15,39.825],[86.325,39.675],[86.475,39.3],[86.6,39.15],[87.25,38.525],[87.35,38.2],[87.35,38.0],[87.425,37.875],[87.525,37.825],[87.55,37.725],[87.925,37.7],[87.925,37.675],[87.975,37.675],[87.875,37.525],[87.775,37.5],[87.7,37.4],[87.575,37.4],[87.375,37.25],[86.95,37.3],[86.85,37.15],[86.65,36.95],[86.25,37.0],[85.875,36.975],[85.75,36.75],[85.6,36.7],[85.125,36.7],[85.05,36.75],[84.95,36.55],[84.775,36.425],[84.65,36.425],[84.55,36.35],[84.35,36.35],[84.275,36.3],[84.1,36.325],[84.0,36.2],[83.875,36.15],[83.25,36.125],[83.05,36.075],[82.925,35.95],[82.7,35.925],[82.575,35.775],[82.35,35.675],[82.275,35.575],[82.075,35.475],[81.925,35.475],[81.9,35.55],[81.725,35.55],[81.575,35.475],[81.075,35.475],[80.725,35.425],[80.625,35.5],[80.425,35.525],[80.4,35.575],[80.05,35.55],[79.85,35.6],[79.625,35.75],[79.475,35.75],[79.4,35.6],[79.4,35.475],[79.325,35.25],[79.4,35.125],[79.7,34.825],[79.675,34.775],[79.675,34.375],[79.6,34.225],[79.425,34.025],[79.275,34.025],[78.925,33.925],[78.875,33.825],[79.025,33.6],[78.95,33.6],[78.95,33.375],[79.075,33.275],[78.975,33.1],[78.7,33.125],[78.45,33.05],[78.425,33.3],[78.25,33.35],[78.15,33.275],[78.15,33.15],[78.075,33.075],[77.925,33.075],[77.875,32.95],[77.65,32.775],[77.65,32.7],[77.525,32.7],[77.3,32.975],[77.0,32.975],[76.6,33.35],[76.525,33.55],[76.4,33.575],[76.275,33.75],[76.3,33.75],[76.575,34.025],[76.775,33.975],[77.0,34.05],[77.0,34.15],[76.7,34.425],[76.625,34.575],[76.525,34.6],[76.55,34.725],[76.35,34.825],[76.35,34.975],[76.25,35.05],[76.3,35.325],[76.225,35.375],[76.15,35.6],[76.275,35.675],[76.275,36.1],[76.075,36.2],[75.725,36.15],[75.675,36.3],[75.675,36.6],[75.475,36.6],[75.35,36.65],[75.1,36.95],[74.825,36.95],[74.8,37.025],[74.675,37.075],[74.35,37.1],[74.225,36.975],[74.05,37.0],[74.025,37.1],[73.9,37.25],[73.725,37.3],[73.475,37.325],[73.475,37.5],[73.275,37.475],[73.05,37.35],[72.975,37.425],[72.775,37.375],[72.675,37.2],[72.45,37.15],[72.275,37.05],[72.2,36.9],[72.2,36.775],[72.1,36.625],[71.9,36.55],[71.8,36.45],[71.6,36.5],[71.525,36.45],[71.425,36.25],[71.275,36.225],[71.125,36.1],[71.075,35.875],[70.95,35.75],[70.95,35.675],[70.825,35.6],[70.6,35.625],[70.525,35.7],[70.3,35.725],[70.175,35.6],[70.0,35.575],[70.0,35.947],[69.333,35.686],[67.884,36.851],[67.342,37.212],[66.709,37.212],[66.529,38.116],[64.632,38.838],[63.729,39.471],[63.121,39.808],[60.0,39.619],[60.0,44.352],[60.034,44.407],[60.0,44.672],[60.784,44.952],[61.613,45.57],[61.542,45.856],[61.676,46.125],[61.951,46.208],[61.473,46.459],[62.748,47.446],[65.847,55.102],[70.0,55.536],[70.0,55.45],[70.225,55.45],[70.575,55.525],[70.925,55.525]]]}},{"type":"Feature","properties":{"name":"Bhutan","name_zh":"不丹","focus":false,"label":[93.14,25.64],"area":12.4,"color":"#8a6f9e"},"geometry":{"type":"Polygon","coordinates":[[[91.3,28.5],[91.55,28.375],[91.575,28.175],[92.05,28.175],[92.225,28.0],[92.525,28.075],[92.55,28.3],[92.625,28.375],[92.65,28.625],[92.9,28.65],[92.95,28.7],[93.2,28.725],[93.25,28.825],[93.5,28.8],[93.575,28.925],[93.65,28.925],[93.8,28.65],[93.95,28.525],[94.075,28.525],[94.15,28.425],[94.3,28.425],[94.375,28.35],[94.375,28.05],[94.55,27.875],[94.775,27.85],[94.8,27.925],[94.95,27.95],[95.05,28.05],[95.2,28.025],[95.275,27.725],[95.2,27.725],[95.325,27.4],[95.525,27.225],[95.65,27.075],[95.65,26.925],[95.45,26.75],[95.425,26.675],[95.3,26.65],[95.175,26.525],[95.1,26.275],[94.9,26.2],[94.75,26.2],[94.6,26.0],[94.575,25.875],[94.425,25.825],[94.275,25.6],[94.275,25.525],[94.125,25.325],[93.925,25.25],[93.825,25.05],[93.625,25.125],[93.575,25.225],[93.325,25.2],[93.275,25.125],[92.95,25.075],[92.825,25.2],[92.475,25.375],[92.375,25.475],[92.1,25.525],[91.375,25.525],[91.4,25.6],[91.4,25.975],[91.35,26.15],[91.2,26.2],[90.775,26.175],[90.75,26.3],[90.85,26.4],[90.825,26.525],[90.9,26.675],[90.925,27.025],[91.025,27.1],[91.0,27.35],[90.925,27.45],[90.775,27.4],[90.8,27.8],[90.7,28.025],[90.575,28.05],[90.525,28.125],[90.625,28.275],[90.8,28.325],[90.975,28.475],[91.3,28.5]]]}},{"type":"Feature","properties":{"name":"Sultanate of Delhi","name_zh":"德里苏丹国","focus":false,"label":[77.56,28.35],"area":115.4,"color":"#b0805f"},"geometry":{"type":"MultiPolygon","coordinates":[[[[70.975,31.775],[71.125,32.075],[71.275,32.25],[71.4,32.575],[71.425,32.825],[71.6,32.975],[71.675,32.975],[71.725,33.1],[72.125,33.1],[72.175,33.15],[72.275,33.15],[72.4,32.975],[72.725,33.225],[72.9,33.275],[73.025,33.425],[73.125,33.45],[73.325,33.65],[73.45,33.65],[73.55,33.75],[73.525,33.925],[73.825,33.95],[73.95,34.0],[74.3,34.0],[74.4,33.925],[74.45,33.775],[74.525,33.725],[74.6,33.55],[74.725,33.55],[74.975,33.45],[75.25,33.525],[75.35,33.4],[75.5,33.4],[75.625,33.8],[75.725,33.95],[75.85,33.9],[76.075,33.9],[76.25,33.75],[76.275,33.75],[76.4,33.575],[76.525,33.55],[76.6,33.35],[77.0,32.975],[77.3,32.975],[77.525,32.7],[77.65,32.7],[77.65,32.775],[77.875,32.95],[77.925,33.075],[78.075,33.075],[78.15,33.15],[78.15,33.275],[78.25,33.35],[78.425,33.3],[78.45,33.05],[78.7,33.125],[78.975,33.1],[79.025,32.8],[79.15,32.5],[79.375,32.525],[79.425,32.4],[79.5,32.4],[79.8,32.15],[79.85,32.0],[79.95,31.925],[79.975,31.775],[80.275,31.475],[80.35,31.3],[80.475,31.225],[80.575,30.925],[80.575,30.6],[80.5,30.6],[80.35,30.6],[80.4,30.275],[80.475,30.2],[80.475,30.025],[80.35,29.925],[80.35,29.775],[80.225,29.525],[80.225,29.4],[80.375,29.25],[80.525,29.225],[80.65,29.15],[80.65,29.0],[80.85,28.775],[81.1,28.775],[81.225,28.825],[81.275,28.75],[81.3,28.375],[81.5,28.2],[81.575,28.05],[81.8,27.975],[81.875,27.875],[82.25,27.725],[82.25,27.675],[82.425,27.5],[82.675,27.425],[82.875,27.3],[83.125,27.3],[83.35,27.175],[83.525,27.2],[83.975,27.175],[84.025,27.225],[84.275,27.25],[84.5,27.325],[84.575,27.4],[84.7,27.4],[85.0,27.6],[85.25,27.6],[85.3,27.55],[85.575,27.525],[85.625,27.675],[85.875,27.9],[85.9,28.175],[85.825,28.275],[85.8,28.475],[85.85,28.475],[86.15,28.475],[86.3,28.3],[86.425,28.3],[86.625,28.1],[87.0,28.0],[87.2,28.125],[87.4,28.125],[87.575,28.175],[87.7,27.975],[88.175,27.9],[88.5,28.075],[88.75,28.075],[88.85,28.0],[89.0,27.975],[89.075,27.85],[89.15,27.85],[89.275,28.0],[89.5,28.1],[89.525,28.2],[89.675,28.275],[90.0,28.2],[90.125,28.275],[90.3,28.25],[90.425,28.1],[90.525,28.125],[90.575,28.05],[90.7,28.025],[90.8,27.8],[90.775,27.4],[90.925,27.45],[91.0,27.35],[91.025,27.1],[90.925,27.025],[90.9,26.675],[90.825,26.525],[90.85,26.4],[90.75,26.3],[90.775,26.175],[91.2,26.2],[91.35,26.15],[91.4,25.975],[91.4,25.6],[91.375,25.525],[92.1,25.525],[92.375,25.475],[92.475,25.375],[92.825,25.2],[92.95,25.075],[93.275,25.125],[93.325,25.2],[93.575,25.225],[93.625,25.125],[93.825,25.05],[93.825,24.775],[93.75,24.7],[93.75,24.525],[93.675,24.45],[93.725,24.275],[93.7,23.975],[93.625,23.8],[93.4,23.725],[93.3,23.6],[93.175,23.525],[92.85,23.475],[92.725,23.65],[92.325,23.575],[92.225,23.45],[92.15,23.45],[91.85,23.125],[91.825,23.025],[91.725,22.975],[91.6,22.825],[91.6,22.75],[91.475,22.675],[91.465,22.659],[91.41,22.72],[91.081,22.561],[90.803,22.561],[90.868,22.485],[90.866,22.391],[90.83,22.16],[90.778,22.089],[90.604,22.054],[90.515,22.065],[90.68,22.327],[90.675,22.445],[90.649,22.541],[90.627,22.561],[90.513,22.56],[90.532,22.539],[90.596,22.436],[90.616,22.362],[90.589,22.258],[90.553,22.218],[90.494,22.179],[90.356,22.048],[90.288,21.899],[90.231,21.83],[90.159,21.817],[90.131,21.847],[90.071,21.887],[90.07,21.96],[90.088,22.017],[90.21,22.157],[90.143,22.138],[90.069,22.098],[90.0,22.053],[90.0,21.93],[89.869,22.133],[89.796,21.832],[89.67,21.719],[89.578,21.7],[89.485,21.884],[89.452,21.821],[89.354,21.721],[89.279,21.707],[89.275,21.708],[89.233,21.655],[89.072,21.774],[89.045,21.724],[89.052,21.654],[89.004,21.647],[88.994,21.629],[89.025,21.546],[88.88,21.514],[88.723,21.539],[88.699,21.653],[88.695,21.662],[88.694,21.677],[88.656,21.857],[88.581,21.889],[88.567,21.832],[88.6,21.714],[88.585,21.66],[88.446,21.614],[88.414,21.639],[88.377,21.577],[88.299,21.551],[88.254,21.622],[88.122,21.636],[88.057,21.694],[88.099,21.794],[88.115,21.84],[88.053,21.938],[87.867,21.696],[87.64,21.563],[87.537,21.523],[87.45,21.675],[87.4,21.9],[87.3,22.15],[87.225,22.25],[87.15,22.5],[86.6,23.025],[86.4,23.25],[86.125,23.25],[86.05,23.325],[86.025,23.475],[85.55,23.675],[85.375,23.875],[85.175,23.7],[85.175,23.5],[84.975,23.475],[84.9,23.425],[84.725,23.425],[84.6,23.475],[84.475,23.4],[84.375,23.25],[84.05,23.225],[83.95,23.325],[83.75,23.3],[83.625,23.475],[83.475,23.525],[83.425,23.65],[83.275,23.725],[83.075,23.9],[83.075,24.025],[82.825,24.3],[82.575,24.35],[82.375,24.35],[82.275,24.25],[82.125,24.2],[81.975,24.025],[81.8,24.3],[81.675,24.4],[81.65,24.5],[81.325,24.375],[81.15,24.35],[81.075,24.425],[80.975,24.75],[80.825,24.825],[80.325,24.8],[80.2,25.0],[79.7,25.0],[79.625,24.925],[79.425,24.95],[79.25,25.15],[79.0,25.25],[78.975,25.325],[78.825,25.45],[78.625,25.5],[78.375,25.75],[78.025,25.75],[77.8,25.825],[77.65,25.75],[77.575,25.65],[77.125,25.725],[77.2,25.825],[77.2,25.975],[76.9,26.075],[76.775,25.925],[76.6,25.925],[76.55,25.975],[76.3,25.95],[76.125,26.1],[75.975,26.1],[75.925,26.175],[75.75,26.2],[75.65,26.15],[75.65,26.025],[75.5,26.025],[75.475,26.1],[75.125,26.425],[74.825,26.475],[74.75,26.45],[74.75,26.3],[74.675,26.125],[74.5,26.075],[74.175,25.7],[74.025,25.575],[73.9,25.375],[73.8,25.325],[73.675,25.175],[73.575,25.3],[73.325,25.425],[73.125,25.425],[72.975,25.55],[72.6,25.675],[72.425,25.675],[72.3,25.8],[72.15,25.825],[72.05,25.95],[71.725,26.25],[71.7,26.375],[71.5,26.575],[71.5,26.675],[71.75,26.775],[71.875,27.05],[72.075,27.25],[72.25,27.5],[72.375,27.525],[72.6,27.65],[72.8,27.7],[73.025,27.7],[73.175,27.75],[73.225,27.825],[73.575,28.025],[73.6,28.075],[73.85,28.175],[74.075,28.225],[74.125,28.275],[74.55,28.375],[74.7,28.45],[74.875,28.95],[74.75,29.325],[74.7,29.375],[74.55,29.8],[74.425,29.925],[73.825,30.175],[73.725,30.3],[73.575,30.3],[73.475,30.225],[73.35,30.225],[73.2,30.15],[72.9,30.475],[72.45,30.725],[72.15,30.825],[72.025,30.975],[71.9,30.85],[71.775,30.85],[71.6,30.925],[71.55,31.0],[71.375,31.05],[71.325,31.25],[71.225,31.35],[71.125,31.65],[70.975,31.775]]],[[[91.074,22.45],[91.079,22.52],[91.115,22.45],[91.074,22.45]]]]}},{"type":"Feature","properties":{"name":"Rajput kingdoms","name_zh":"","focus":false,"label":[80.13,21.53],"area":155.9,"color":"#a07d5a"},"geometry":{"type":"Polygon","coordinates":[[[70.675,27.625],[70.775,27.75],[70.775,28.275],[70.9,28.525],[70.9,28.9],[70.85,29.025],[70.85,29.225],[70.975,29.3],[71.025,29.425],[70.925,29.5],[70.925,29.625],[70.85,29.75],[70.875,30.075],[71.0,30.35],[71.175,30.425],[71.175,30.575],[71.25,30.675],[71.275,30.825],[71.375,31.05],[71.55,31.0],[71.6,30.925],[71.775,30.85],[71.9,30.85],[72.025,30.975],[72.15,30.825],[72.45,30.725],[72.9,30.475],[73.2,30.15],[73.35,30.225],[73.475,30.225],[73.575,30.3],[73.725,30.3],[73.825,30.175],[74.425,29.925],[74.55,29.8],[74.7,29.375],[74.75,29.325],[74.875,28.95],[74.7,28.45],[74.55,28.375],[74.125,28.275],[74.075,28.225],[73.85,28.175],[73.6,28.075],[73.575,28.025],[73.225,27.825],[73.175,27.75],[73.025,27.7],[72.8,27.7],[72.6,27.65],[72.375,27.525],[72.25,27.5],[72.075,27.25],[71.875,27.05],[71.75,26.775],[71.5,26.675],[71.5,26.575],[71.7,26.375],[71.725,26.25],[72.05,25.95],[72.15,25.825],[72.3,25.8],[72.425,25.675],[72.6,25.675],[72.975,25.55],[73.125,25.425],[73.325,25.425],[73.575,25.3],[73.675,25.175],[73.8,25.325],[73.9,25.375],[74.025,25.575],[74.175,25.7],[74.5,26.075],[74.675,26.125],[74.75,26.3],[74.75,26.45],[74.825,26.475],[75.125,26.425],[75.475,26.1],[75.5,26.025],[75.65,26.025],[75.65,26.15],[75.75,26.2],[75.925,26.175],[75.975,26.1],[76.125,26.1],[76.3,25.95],[76.55,25.975],[76.6,25.925],[76.775,25.925],[76.9,26.075],[77.2,25.975],[77.2,25.825],[77.125,25.725],[77.575,25.65],[77.65,25.75],[77.8,25.825],[78.025,25.75],[78.375,25.75],[78.625,25.5],[78.825,25.45],[78.975,25.325],[79.0,25.25],[79.25,25.15],[79.425,24.95],[79.625,24.925],[79.7,25.0],[80.2,25.0],[80.325,24.8],[80.825,24.825],[80.975,24.75],[81.075,24.425],[81.15,24.35],[81.325,24.375],[81.65,24.5],[81.675,24.4],[81.8,24.3],[81.975,24.025],[82.125,24.2],[82.275,24.25],[82.375,24.35],[82.575,24.35],[82.825,24.3],[83.075,24.025],[83.075,23.9],[83.275,23.725],[83.425,23.65],[83.475,23.525],[83.625,23.475],[83.75,23.3],[83.95,23.325],[84.05,23.225],[84.375,23.25],[84.475,23.4],[84.6,23.475],[84.725,23.425],[84.9,23.425],[84.975,23.475],[85.175,23.5],[85.175,23.7],[85.375,23.875],[85.55,23.675],[86.025,23.475],[86.05,23.325],[86.125,23.25],[86.4,23.25],[86.6,23.025],[87.15,22.5],[87.225,22.25],[87.3,22.15],[87.4,21.9],[87.45,21.675],[87.537,21.523],[86.937,21.288],[86.854,21.198],[86.842,21.106],[86.896,20.966],[86.939,20.745],[86.975,20.7],[86.925,20.62],[86.836,20.534],[86.763,20.419],[86.769,20.356],[86.75,20.313],[86.634,20.248],[86.632,20.203],[86.304,19.949],[86.303,19.945],[86.279,19.919],[86.253,19.909],[86.119,19.806],[85.425,19.618],[85.226,19.508],[85.023,19.338],[84.262,18.455],[84.145,18.349],[84.104,18.293],[84.055,18.268],[83.987,18.207],[83.684,18.083],[83.381,17.71],[83.021,17.491],[82.977,17.462],[82.956,17.452],[82.353,17.085],[82.301,16.893],[82.307,16.879],[82.35,16.825],[82.36,16.783],[82.339,16.707],[82.327,16.664],[82.259,16.56],[82.142,16.485],[82.049,16.447],[81.788,16.328],[81.596,16.302],[81.369,16.346],[81.253,16.225],[81.087,15.826],[80.963,15.723],[80.854,15.778],[80.826,15.766],[80.812,15.799],[80.735,15.837],[80.459,15.773],[80.3,15.645],[80.089,15.175],[80.114,14.775],[80.025,14.775],[79.6,14.85],[79.475,14.925],[79.225,14.9],[79.15,14.75],[79.025,14.675],[78.725,14.625],[78.375,14.85],[78.225,14.8],[78.1,14.65],[78.05,14.525],[78.075,14.3],[78.05,13.95],[77.9,13.825],[77.9,13.65],[77.8,13.45],[77.6,13.325],[76.8,13.325],[76.625,13.25],[76.225,12.95],[76.15,12.95],[75.95,12.825],[75.825,12.8],[75.8,12.425],[75.575,12.375],[75.275,12.575],[74.943,12.575],[74.868,12.845],[74.803,12.977],[74.771,13.077],[74.682,13.507],[74.682,13.584],[74.671,13.668],[74.608,13.85],[74.499,14.046],[74.467,14.169],[74.467,14.217],[74.397,14.407],[74.393,14.433],[74.25,14.681],[74.223,14.709],[74.089,14.902],[74.041,14.949],[73.949,15.075],[73.884,15.306],[73.801,15.397],[73.838,15.397],[73.774,15.571],[73.772,15.573],[73.773,15.574],[73.742,15.657],[73.733,15.657],[73.68,15.709],[73.608,15.871],[73.476,16.054],[73.454,16.152],[73.338,16.46],[73.239,17.199],[73.149,17.527],[73.156,17.622],[73.047,17.907],[72.994,18.098],[72.972,18.259],[72.943,18.366],[72.917,18.576],[72.875,18.643],[72.871,18.683],[72.899,18.779],[72.94,18.857],[72.912,19.037],[72.901,19.015],[72.835,18.976],[72.803,19.079],[72.803,19.219],[72.795,19.252],[72.812,19.299],[72.874,19.291],[72.869,19.328],[72.788,19.363],[72.764,19.413],[72.756,19.451],[72.799,19.52],[72.727,19.578],[72.697,19.757],[72.676,19.798],[72.668,19.831],[72.709,20.078],[72.881,20.563],[72.894,20.673],[72.879,20.829],[72.841,20.952],[72.825,21.079],[72.789,21.122],[72.752,21.129],[72.692,21.178],[72.624,21.372],[72.687,21.436],[72.721,21.46],[72.72,21.467],[72.668,21.456],[72.613,21.462],[72.709,21.544],[72.687,21.692],[72.543,21.697],[72.592,21.878],[72.644,21.938],[72.677,21.958],[72.678,21.969],[72.617,21.962],[72.522,21.976],[72.547,22.123],[72.319,22.115],[72.25,22.038],[72.244,22.028],[72.236,22.023],[72.232,22.019],[72.127,21.828],[72.129,21.787],[72.171,21.774],[72.21,21.728],[72.257,21.661],[72.255,21.59],[72.288,21.549],[72.256,21.352],[72.12,21.155],[71.894,20.989],[71.024,20.657],[70.855,20.65],[70.467,20.777],[70.209,20.947],[70.0,21.144],[69.126,21.968],[68.894,22.285],[69.492,22.248],[69.968,22.351],[70.0,22.371],[70.0,22.545],[70.006,22.548],[70.084,22.554],[70.177,22.573],[70.328,22.816],[70.356,22.854],[70.045,22.777],[70.0,22.778],[69.664,22.789],[69.107,22.898],[68.79,23.028],[68.372,23.326],[68.072,23.675],[68.864,24.48],[70.0,26.949],[70.0,27.4],[70.175,27.45],[70.55,27.45],[70.625,27.4],[70.675,27.625]]]}},{"type":"Feature","properties":{"name":"Southern Song","name_zh":"南宋","focus":true,"label":[110.71,27.08],"area":190.7,"approx":true},"geometry":{"type":"MultiPolygon","coordinates":[[[[122.404,29.892],[122.394,29.846],[122.368,29.853],[122.332,29.935],[122.351,29.955],[122.402,29.95],[122.404,29.892]]],[[[121.969,30.143],[122.111,30.14],[122.284,30.068],[122.322,30.031],[122.296,29.963],[122.282,29.944],[122.158,30.001],[122.024,30.013],[121.978,30.064],[121.969,30.143]]],[[[101.125,27.225],[101.25,27.325],[101.2,27.45],[101.225,27.65],[101.275,27.725],[101.075,27.775],[101.175,27.9],[101.175,28.075],[101.25,28.125],[101.275,28.525],[101.325,28.55],[101.3,28.975],[101.25,29.05],[101.225,29.275],[101.375,29.325],[101.425,29.5],[101.525,29.55],[101.625,29.725],[101.625,29.975],[101.55,30.05],[101.55,30.225],[101.65,30.3],[101.675,30.425],[101.6,30.475],[101.575,30.625],[101.475,30.675],[101.45,30.975],[101.4,31.025],[101.4,31.25],[101.6,31.375],[101.75,31.3],[102.025,31.3],[101.95,31.075],[102.05,31.15],[102.275,31.2],[102.275,31.4],[102.475,31.575],[102.575,31.575],[102.6,31.7],[102.725,31.825],[102.575,31.975],[102.6,32.175],[102.825,32.45],[102.85,32.55],[103.025,32.725],[103.3,32.65],[103.45,32.725],[103.575,32.975],[103.5,33.025],[103.475,33.325],[103.5,33.575],[103.575,33.675],[103.7,33.7],[104.0,33.675],[104.075,33.8],[104.1,33.95],[104.4,33.85],[104.475,33.775],[104.7,33.775],[104.75,33.85],[104.9,33.875],[105.325,33.875],[105.35,33.925],[105.575,33.95],[105.8,34.125],[105.8,34.175],[106.0,34.2],[106.075,34.275],[106.225,34.275],[106.35,34.35],[106.425,34.25],[106.675,34.175],[106.75,34.075],[107.125,34.1],[107.25,33.95],[107.575,33.9],[107.7,33.85],[107.725,33.775],[107.95,33.75],[108.05,33.7],[108.225,33.7],[108.275,33.75],[108.4,33.7],[108.6,33.8],[109.175,33.8],[109.25,33.775],[109.375,33.625],[109.5,33.625],[109.6,33.7],[109.925,33.7],[109.925,33.825],[110.025,33.95],[110.325,33.9],[110.425,33.8],[110.625,33.825],[110.85,33.7],[111.075,33.725],[111.15,33.675],[111.225,33.8],[111.425,33.8],[111.65,33.65],[111.825,33.65],[111.825,33.6],[112.05,33.375],[112.2,33.325],[112.25,33.25],[112.375,33.225],[112.575,33.0],[112.725,32.9],[112.9,32.85],[113.1,32.725],[113.2,32.725],[113.375,32.575],[113.5,32.575],[113.575,32.65],[113.725,32.575],[113.75,32.425],[113.825,32.425],[113.95,32.25],[114.025,32.275],[114.1,32.425],[114.325,32.375],[114.35,32.3],[114.85,32.3],[115.0,32.275],[115.1,32.35],[115.3,32.35],[115.35,32.4],[115.65,32.4],[115.675,32.475],[115.8,32.475],[115.95,32.6],[116.05,32.575],[116.125,32.475],[116.275,32.525],[116.475,32.475],[116.525,32.55],[116.7,32.6],[116.725,32.725],[116.825,32.675],[117.075,32.7],[117.1,32.825],[117.2,32.95],[117.575,32.95],[117.65,32.9],[117.7,32.975],[117.9,33.025],[117.925,33.15],[118.2,33.175],[118.25,33.025],[118.475,33.125],[118.55,33.25],[118.675,33.25],[118.9,33.375],[118.975,33.525],[119.15,33.675],[119.45,34.0],[119.55,34.025],[119.7,34.175],[119.9,34.225],[119.975,34.3],[120.075,34.35],[120.084,34.386],[120.201,34.326],[120.267,34.274],[120.291,34.229],[120.275,34.225],[120.275,34.075],[120.36,34.058],[120.426,33.866],[120.5,33.716],[120.505,33.638],[120.571,33.55],[120.55,33.525],[120.4,33.525],[120.5,33.375],[120.65,33.35],[120.669,33.376],[120.734,33.237],[120.871,33.017],[120.897,32.843],[120.853,32.764],[120.853,32.661],[120.99,32.567],[121.293,32.457],[121.342,32.425],[121.401,32.372],[121.404,32.206],[121.451,32.153],[121.491,32.121],[121.674,32.051],[121.751,31.993],[121.832,31.9],[121.856,31.816],[121.866,31.704],[121.764,31.7],[121.681,31.712],[121.612,31.743],[121.623,31.62],[121.808,31.552],[121.844,31.526],[121.863,31.492],[121.78,31.464],[121.52,31.55],[121.499,31.56],[121.347,31.489],[121.351,31.485],[121.661,31.32],[121.786,31.163],[121.834,31.062],[121.878,30.917],[121.769,30.87],[121.675,30.864],[121.635,30.858],[121.631,30.792],[121.568,30.71],[121.328,30.69],[121.185,30.643],[120.998,30.558],[120.938,30.47],[120.897,30.393],[120.821,30.355],[120.672,30.383],[120.608,30.346],[120.271,30.261],[120.353,30.247],[120.495,30.303],[120.633,30.133],[120.774,30.147],[120.862,30.187],[120.977,30.201],[121.159,30.302],[121.258,30.304],[121.341,30.282],[121.433,30.227],[121.678,29.979],[121.812,29.952],[121.944,29.894],[122.017,29.888],[122.083,29.87],[121.906,29.78],[121.677,29.584],[121.575,29.537],[121.506,29.485],[121.69,29.511],[121.822,29.605],[121.888,29.628],[121.941,29.606],[121.968,29.491],[121.918,29.135],[121.854,29.129],[121.791,29.226],[121.717,29.256],[121.656,29.236],[121.612,29.236],[121.549,29.097],[121.665,29.011],[121.68,28.953],[121.641,28.916],[121.54,28.932],[121.663,28.851],[121.63,28.768],[121.59,28.735],[121.519,28.714],[121.475,28.641],[121.538,28.521],[121.602,28.367],[121.61,28.292],[121.51,28.324],[121.355,28.23],[121.279,28.223],[121.259,28.182],[121.24,28.17],[121.251,28.145],[121.251,28.086],[121.164,28.063],[121.132,28.063],[121.134,28.135],[121.144,28.145],[121.065,28.22],[121.035,28.157],[120.959,28.037],[120.892,28.004],[120.815,28.013],[120.782,27.967],[120.833,27.938],[120.833,27.891],[120.685,27.745],[120.661,27.688],[120.665,27.639],[120.588,27.581],[120.629,27.482],[120.608,27.412],[120.54,27.318],[120.469,27.256],[120.385,27.156],[120.279,27.097],[120.139,26.886],[120.097,26.781],[120.087,26.672],[120.043,26.634],[119.968,26.586],[119.882,26.61],[119.879,26.683],[119.842,26.689],[119.836,26.705],[119.613,26.693],[119.624,26.676],[119.638,26.621],[119.726,26.609],[119.785,26.547],[119.831,26.45],[119.84,26.414],[119.876,26.371],[119.881,26.334],[119.797,26.3],[119.693,26.236],[119.567,26.127],[119.463,26.055],[119.445,26.055],[119.436,26.038],[119.444,25.972],[119.501,26.009],[119.619,26.004],[119.648,25.919],[119.617,25.823],[119.553,25.699],[119.539,25.591],[119.619,25.437],[119.622,25.391],[119.593,25.368],[119.499,25.409],[119.422,25.46],[119.344,25.446],[119.263,25.468],[119.18,25.45],[119.146,25.414],[119.169,25.356],[119.244,25.307],[119.286,25.232],[119.236,25.206],[119.025,25.223],[118.986,25.212],[118.927,25.089],[118.956,25.005],[118.909,24.929],[118.844,24.916],[118.812,24.849],[118.693,24.781],[118.719,24.746],[118.657,24.621],[118.56,24.58],[118.452,24.595],[118.361,24.486],[118.407,24.522],[118.451,24.456],[118.433,24.414],[118.295,24.436],[118.287,24.477],[118.328,24.471],[118.179,24.504],[118.183,24.496],[118.15,24.436],[118.091,24.446],[118.089,24.489],[118.077,24.501],[118.086,24.525],[118.012,24.541],[118.006,24.482],[117.935,24.474],[117.897,24.48],[117.843,24.474],[117.848,24.432],[117.879,24.396],[118.024,24.38],[118.051,24.327],[118.056,24.246],[117.904,24.106],[117.839,24.012],[117.807,24.013],[117.647,23.884],[117.628,23.837],[117.601,23.848],[117.462,23.736],[117.417,23.621],[117.368,23.589],[117.347,23.636],[117.339,23.67],[117.19,23.625],[117.148,23.599],[117.083,23.579],[117.071,23.589],[116.962,23.556],[116.867,23.477],[116.861,23.453],[116.76,23.383],[116.745,23.376],[116.709,23.346],[116.672,23.332],[116.682,23.327],[116.699,23.278],[116.669,23.228],[116.586,23.218],[116.538,23.18],[116.52,23.007],[116.471,22.946],[116.365,22.942],[116.34,22.913],[116.012,22.86],[115.852,22.802],[115.836,22.805],[115.706,22.638],[115.464,22.719],[115.383,22.719],[115.301,22.769],[115.185,22.745],[115.043,22.599],[114.847,22.51],[114.558,22.464],[114.552,22.529],[114.496,22.527],[114.42,22.583],[114.341,22.593],[114.285,22.554],[114.309,22.553],[114.413,22.436],[114.263,22.204],[114.233,22.213],[114.232,22.211],[114.207,22.195],[114.192,22.211],[114.133,22.171],[114.098,22.216],[114.144,22.331],[113.925,22.367],[113.913,22.387],[113.903,22.396],[113.896,22.428],[114.007,22.484],[114.015,22.512],[113.949,22.527],[113.845,22.463],[113.716,22.482],[113.462,22.773],[113.444,22.747],[113.45,22.726],[113.485,22.692],[113.499,22.672],[113.475,22.575],[113.549,22.6],[113.553,22.594],[113.551,22.404],[113.589,22.35],[113.576,22.297],[113.548,22.223],[113.499,22.202],[113.416,22.178],[113.377,22.168],[113.377,22.163],[113.283,22.03],[113.096,21.979],[112.994,22.016],[112.984,21.938],[112.954,21.907],[112.904,21.881],[112.839,21.925],[112.815,21.826],[112.749,21.756],[112.039,21.659],[111.885,21.73],[111.873,21.717],[111.825,21.71],[111.776,21.719],[111.712,21.655],[111.682,21.608],[111.603,21.559],[111.596,21.558],[111.536,21.493],[111.434,21.461],[111.085,21.479],[111.003,21.454],[110.997,21.43],[110.878,21.396],[110.784,21.388],[110.766,21.382],[110.652,21.279],[110.567,21.214],[110.504,21.207],[110.458,21.231],[110.454,21.247],[110.399,21.256],[110.397,21.248],[110.375,21.172],[110.331,21.131],[110.194,21.038],[110.154,20.945],[110.18,20.859],[110.365,20.838],[110.388,20.791],[110.371,20.752],[110.326,20.72],[110.313,20.672],[110.512,20.518],[110.518,20.46],[110.487,20.427],[110.45,20.355],[110.345,20.295],[110.123,20.264],[110.068,20.273],[109.928,20.244],[109.711,20.568],[109.602,20.879],[109.608,21.057],[109.786,21.406],[109.779,21.482],[109.537,21.587],[109.544,21.538],[109.436,21.479],[109.347,21.454],[109.336,21.453],[109.321,21.431],[109.117,21.399],[108.813,21.493],[108.554,21.823],[108.485,21.793],[108.493,21.739],[108.526,21.671],[108.502,21.633],[108.444,21.607],[108.42,21.636],[108.387,21.53],[108.265,21.473],[107.9,21.479],[107.867,21.459],[107.75,21.6],[107.575,21.675],[107.325,21.675],[107.3,21.825],[107.15,21.925],[106.95,22.175],[106.75,22.15],[106.65,22.4],[106.4,22.55],[106.325,22.65],[106.175,22.725],[106.25,22.825],[106.25,23.325],[106.175,23.375],[105.975,23.375],[105.875,23.5],[105.75,23.575],[105.7,23.725],[105.6,23.75],[105.6,23.85],[105.725,23.975],[105.725,24.175],[105.775,24.275],[105.625,24.35],[105.45,24.375],[105.425,24.55],[105.575,24.575],[105.7,24.775],[105.575,24.8],[105.6,25.0],[105.55,25.05],[105.5,25.375],[105.425,25.425],[105.45,25.575],[105.275,25.675],[105.35,26.075],[105.275,26.15],[105.3,26.3],[105.15,26.525],[105.025,26.6],[104.7,26.575],[104.625,26.725],[104.2,26.675],[104.3,26.5],[104.175,26.4],[103.95,26.15],[103.675,26.15],[103.575,26.25],[103.325,26.2],[103.325,26.35],[103.25,26.45],[103.225,26.625],[103.1,26.6],[103.0,26.475],[102.975,26.35],[102.825,26.425],[102.7,26.275],[102.625,26.35],[102.325,26.275],[102.2,26.35],[101.95,26.25],[101.95,26.425],[101.8,26.625],[101.5,26.6],[101.425,26.7],[101.175,26.7],[100.925,26.775],[100.9,26.775],[100.925,27.025],[101.025,27.05],[101.125,27.225]],[[120.35,33.625],[120.3,33.65],[120.35,33.55],[120.35,33.625]],[[120.235,30.252],[120.226,30.25],[120.221,30.248],[120.229,30.25],[120.235,30.252]]],[[[119.829,25.607],[119.838,25.591],[119.839,25.56],[119.809,25.508],[119.832,25.48],[119.821,25.457],[119.747,25.411],[119.7,25.433],[119.699,25.495],[119.723,25.551],[119.696,25.591],[119.723,25.639],[119.778,25.653],[119.797,25.623],[119.829,25.607]]],[[[113.998,22.21],[113.877,22.21],[113.865,22.215],[113.836,22.213],[113.848,22.227],[113.839,22.242],[113.882,22.28],[113.897,22.285],[113.901,22.29],[114.046,22.34],[114.022,22.228],[113.999,22.226],[113.998,22.21]]],[[[112.742,21.618],[112.733,21.67],[112.713,21.698],[112.761,21.733],[112.782,21.772],[112.839,21.765],[112.863,21.753],[112.813,21.712],[112.801,21.695],[112.79,21.602],[112.771,21.582],[112.742,21.618]]],[[[112.648,21.71],[112.644,21.64],[112.546,21.619],[112.525,21.623],[112.559,21.675],[112.648,21.71]]],[[[110.522,21.083],[110.54,21.039],[110.539,21.018],[110.504,20.968],[110.422,21.007],[110.34,20.998],[110.281,21.001],[110.265,21.025],[110.31,21.075],[110.385,21.093],[110.422,21.059],[110.522,21.083]]]]}}],"snapped":true}